-- phpMyAdmin SQL Dump
-- version 4.6.4
-- https://www.phpmyadmin.net/
--
-- Servidor: 127.0.0.1
-- Tiempo de generación: 12-06-2018 a las 22:50:44
-- Versión del servidor: 5.7.14
-- Versión de PHP: 5.6.25

SET SQL_MODE = "NO_AUTO_VALUE_ON_ZERO";
SET time_zone = "+00:00";


/*!40101 SET @OLD_CHARACTER_SET_CLIENT=@@CHARACTER_SET_CLIENT */;
/*!40101 SET @OLD_CHARACTER_SET_RESULTS=@@CHARACTER_SET_RESULTS */;
/*!40101 SET @OLD_COLLATION_CONNECTION=@@COLLATION_CONNECTION */;
/*!40101 SET NAMES utf8mb4 */;

--
-- Base de datos: `02_dln_recaudacion`
--

DELIMITER $$
--
-- Procedimientos
--
CREATE DEFINER=`root`@`localhost` PROCEDURE `Actualizar_reporte` (IN `año_in` INT(4), IN `mes_in` INT(2))  BEGIN

select @first_day := CONCAT(año_in,'-',LPAD(mes_in,2,'0'),'-01');
select @last_day := LAST_DAY(@first_day);

delete from reporte_planillon where AÑO=año_in and MES=mes_in;

INSERT INTO reporte_planillon (FECHA_MIN,FECHA_MAX,AÑO, MES, DIA, NESTA_RENAES, NEST_NOMBRE, MONTO_TOTAL, MONTO_RDR, MONTO_SISMED, MONTO1, MONTO2, MONTO3, MONTO4, MONTO5, MONTO6, MONTO7, MONTO8, MONTO9, MONTO10, MONTO11, MONTO12, MONTO13, MONTO14, MONTO15, MONTO16, MONTO17, MONTO18, MONTO19, MONTO20, MONTO21, MONTO22, MONTO23, MONTO24, MONTO25, MONTO26, MONTO27, MONTO28, MONTO29,fecha_proceso)
SELECT FECHA_MIN,FECHA_MAX,AÑO_F,MES,DIA,RENAES,ESTABLECIMIENTO, 
 (MONTO1+MONTO3+MONTO5+MONTO7+MONTO26+MONTO71+MONTO73) 'MONTOTOTAL',  (MONTO1+MONTO5+MONTO7+MONTO26+MONTO71+MONTO73) 'MONTORDR', MONTO3 'MONTOSISMED',
 (MONTO2+MONTO4+MONTO6)'1201_0301',MONTO2 '1_3_14_11',MONTO4 '1_3_16_14',MONTO6 '1_3_19_12',
  MONTO7 '1201_0302',MONTO8 '1_3_24_12', (MONTO9+MONTO10+MONTO11+MONTO12) '1_3_24_13', (MONTO13+MONTO14+MONTO15+MONTO16+MONTO17) '1_3_2_14',(MONTO18+MONTO19+MONTO20) '1_3_24_16', MONTO21 '1_3_24_17',(MONTO22+MONTO23+MONTO24+MONTO25) '1_3_24_199',
 (MONTO26+MONTO72) '1201_0303',(MONTO27+MONTO28+MONTO29+MONTO30+MONTO31+MONTO32+MONTO33+MONTO34+MONTO35+MONTO36) '1_3_34_11',(MONTO37+MONTO38) '1_3_34_12', MONTO39 '1_3_34_13',MONTO40 '1_3_34_14',(MONTO41+MONTO42) '1_3_34_15',(MONTO43+MONTO44) '1_3_34_16',(MONTO45+MONTO46+MONTO47+MONTO48+MONTO49) '1_3_34_17',(MONTO50+MONTO51+MONTO52+MONTO53+MONTO54) '1_3_34_199',(MONTO55+MONTO56) '1_3_34_21', MONTO57 '1_3_34_23',(MONTO58+MONTO59+MONTO60) '1_3_34_24', (MONTO61+MONTO62+MONTO63+MONTO64+MONTO65) '1_3_34_31', (MONTO66+MONTO67+MONTO68+MONTO69+MONTO70) '1_3_34_399', MONTO72 '1_3_39_216',
  MONTO73 '1202_',MONTO74 '1_5_21_62_',MONTO75 '1_5_21_699_', CURDATE()
FROM(

SELECT FECHA_MIN,FECHA_MAX,CONCAT('20',AÑO) AS 'AÑO_F',MES,DIA,NESTA_RENAES 'RENAES',NEST_NOMBRE 'ESTABLECIMIENTO',
SUM(CANT1) CANT1,SUM(MONTO1) MONTO1, SUM(CANT2) CANT2,SUM(MONTO2) MONTO2, SUM(CANT3) CANT3,SUM(MONTO3) MONTO3, SUM(CANT4) CANT4,SUM(MONTO4) MONTO4, SUM(CANT5) CANT5,SUM(MONTO5) MONTO5, SUM(CANT6) CANT6,SUM(MONTO6) MONTO6, SUM(CANT7) CANT7,SUM(MONTO7) MONTO7, SUM(CANT8) CANT8,SUM(MONTO8) MONTO8, SUM(CANT9) CANT9,SUM(MONTO9) MONTO9, SUM(CANT10) CANT10,SUM(MONTO10) MONTO10, SUM(CANT11) CANT11,SUM(MONTO11) MONTO11, SUM(CANT12) CANT12,SUM(MONTO12) MONTO12, SUM(CANT13) CANT13,SUM(MONTO13) MONTO13, SUM(CANT14) CANT14,SUM(MONTO14) MONTO14, SUM(CANT15) CANT15,SUM(MONTO15) MONTO15, SUM(CANT16) CANT16,SUM(MONTO16) MONTO16, SUM(CANT17) CANT17,SUM(MONTO17) MONTO17, SUM(CANT18) CANT18,SUM(MONTO18) MONTO18, SUM(CANT19) CANT19,SUM(MONTO19) MONTO19, SUM(CANT20) CANT20,SUM(MONTO20) MONTO20, SUM(CANT21) CANT21,SUM(MONTO21) MONTO21, SUM(CANT22) CANT22,SUM(MONTO22) MONTO22, SUM(CANT23) CANT23,SUM(MONTO23) MONTO23, SUM(CANT24) CANT24,SUM(MONTO24) MONTO24, SUM(CANT25) CANT25,SUM(MONTO25) MONTO25, SUM(CANT26) CANT26,SUM(MONTO26) MONTO26, SUM(CANT27) CANT27,SUM(MONTO27) MONTO27, SUM(CANT28) CANT28,SUM(MONTO28) MONTO28, SUM(CANT29) CANT29,SUM(MONTO29) MONTO29, SUM(CANT30) CANT30,SUM(MONTO30) MONTO30, SUM(CANT31) CANT31,SUM(MONTO31) MONTO31, SUM(CANT32) CANT32,SUM(MONTO32) MONTO32, SUM(CANT33) CANT33,SUM(MONTO33) MONTO33, SUM(CANT34) CANT34,SUM(MONTO34) MONTO34, SUM(CANT35) CANT35,SUM(MONTO35) MONTO35, SUM(CANT36) CANT36,SUM(MONTO36) MONTO36, SUM(CANT37) CANT37,SUM(MONTO37) MONTO37, SUM(CANT38) CANT38,SUM(MONTO38) MONTO38, SUM(CANT39) CANT39,SUM(MONTO39) MONTO39, SUM(CANT40) CANT40,SUM(MONTO40) MONTO40, SUM(CANT41) CANT41,SUM(MONTO41) MONTO41, SUM(CANT42) CANT42,SUM(MONTO42) MONTO42, SUM(CANT43) CANT43,SUM(MONTO43) MONTO43, SUM(CANT44) CANT44,SUM(MONTO44) MONTO44, SUM(CANT45) CANT45,SUM(MONTO45) MONTO45, SUM(CANT46) CANT46,SUM(MONTO46) MONTO46, SUM(CANT47) CANT47,SUM(MONTO47) MONTO47, SUM(CANT48) CANT48,SUM(MONTO48) MONTO48, SUM(CANT49) CANT49,SUM(MONTO49) MONTO49, SUM(CANT50) CANT50,SUM(MONTO50) MONTO50, SUM(CANT51) CANT51,SUM(MONTO51) MONTO51, SUM(CANT52) CANT52,SUM(MONTO52) MONTO52, SUM(CANT53) CANT53,SUM(MONTO53) MONTO53, SUM(CANT54) CANT54,SUM(MONTO54) MONTO54, SUM(CANT55) CANT55,SUM(MONTO55) MONTO55, SUM(CANT56) CANT56,SUM(MONTO56) MONTO56, SUM(CANT57) CANT57,SUM(MONTO57) MONTO57, SUM(CANT58) CANT58,SUM(MONTO58) MONTO58, SUM(CANT59) CANT59,SUM(MONTO59) MONTO59, SUM(CANT60) CANT60,SUM(MONTO60) MONTO60, SUM(CANT61) CANT61,SUM(MONTO61) MONTO61, SUM(CANT62) CANT62,SUM(MONTO62) MONTO62, SUM(CANT63) CANT63,SUM(MONTO63) MONTO63, SUM(CANT64) CANT64,SUM(MONTO64) MONTO64, SUM(CANT65) CANT65,SUM(MONTO65) MONTO65, SUM(CANT66) CANT66,SUM(MONTO66) MONTO66, SUM(CANT67) CANT67,SUM(MONTO67) MONTO67, SUM(CANT68) CANT68,SUM(MONTO68) MONTO68, SUM(CANT69) CANT69,SUM(MONTO69) MONTO69, SUM(CANT70) CANT70,SUM(MONTO70) MONTO70, SUM(CANT71) CANT71,SUM(MONTO71) MONTO71, SUM(CANT72) CANT72,SUM(MONTO72) MONTO72, SUM(CANT73) CANT73,SUM(MONTO73) MONTO73, SUM(CANT74) CANT74,SUM(MONTO74) MONTO74, SUM(CANT75) CANT75,SUM(MONTO75) MONTO75
FROM(

SELECT 
A.FECHA_MIN,A.FECHA_MAX,LRECAU_ID,AÑO,MES,DIA,NESTA_RENAES,NEST_NOMBRE,
CASE WHEN (LCLAS_ID='1') THEN CANTIDAD ELSE CAST('0' AS DECIMAL(2,0)) END AS CANT1,
CASE WHEN (LCLAS_ID='2') THEN CANTIDAD ELSE CAST('0' AS DECIMAL(2,0)) END AS CANT2,
CASE WHEN (LCLAS_ID='3') THEN CANTIDAD ELSE CAST('0' AS DECIMAL(2,0)) END AS CANT3,
CASE WHEN (LCLAS_ID='4') THEN CANTIDAD ELSE CAST('0' AS DECIMAL(2,0)) END AS CANT4,
CASE WHEN (LCLAS_ID='5') THEN CANTIDAD ELSE CAST('0' AS DECIMAL(2,0)) END AS CANT5,
CASE WHEN (LCLAS_ID='6') THEN CANTIDAD ELSE CAST('0' AS DECIMAL(2,0)) END AS CANT6,
CASE WHEN (LCLAS_ID='7') THEN CANTIDAD ELSE CAST('0' AS DECIMAL(2,0)) END AS CANT7,
CASE WHEN (LCLAS_ID='8') THEN CANTIDAD ELSE CAST('0' AS DECIMAL(2,0)) END AS CANT8,
CASE WHEN (LCLAS_ID='9') THEN CANTIDAD ELSE CAST('0' AS DECIMAL(2,0)) END AS CANT9,
CASE WHEN (LCLAS_ID='10') THEN CANTIDAD ELSE CAST('0' AS DECIMAL(2,0)) END AS CANT10,
CASE WHEN (LCLAS_ID='11') THEN CANTIDAD ELSE CAST('0' AS DECIMAL(2,0)) END AS CANT11,
CASE WHEN (LCLAS_ID='12') THEN CANTIDAD ELSE CAST('0' AS DECIMAL(2,0)) END AS CANT12,
CASE WHEN (LCLAS_ID='13') THEN CANTIDAD ELSE CAST('0' AS DECIMAL(2,0)) END AS CANT13,
CASE WHEN (LCLAS_ID='14') THEN CANTIDAD ELSE CAST('0' AS DECIMAL(2,0)) END AS CANT14,
CASE WHEN (LCLAS_ID='15') THEN CANTIDAD ELSE CAST('0' AS DECIMAL(2,0)) END AS CANT15,
CASE WHEN (LCLAS_ID='16') THEN CANTIDAD ELSE CAST('0' AS DECIMAL(2,0)) END AS CANT16,
CASE WHEN (LCLAS_ID='17') THEN CANTIDAD ELSE CAST('0' AS DECIMAL(2,0)) END AS CANT17,
CASE WHEN (LCLAS_ID='18') THEN CANTIDAD ELSE CAST('0' AS DECIMAL(2,0)) END AS CANT18,
CASE WHEN (LCLAS_ID='19') THEN CANTIDAD ELSE CAST('0' AS DECIMAL(2,0)) END AS CANT19,
CASE WHEN (LCLAS_ID='20') THEN CANTIDAD ELSE CAST('0' AS DECIMAL(2,0)) END AS CANT20,
CASE WHEN (LCLAS_ID='21') THEN CANTIDAD ELSE CAST('0' AS DECIMAL(2,0)) END AS CANT21,
CASE WHEN (LCLAS_ID='22') THEN CANTIDAD ELSE CAST('0' AS DECIMAL(2,0)) END AS CANT22,
CASE WHEN (LCLAS_ID='23') THEN CANTIDAD ELSE CAST('0' AS DECIMAL(2,0)) END AS CANT23,
CASE WHEN (LCLAS_ID='24') THEN CANTIDAD ELSE CAST('0' AS DECIMAL(2,0)) END AS CANT24,
CASE WHEN (LCLAS_ID='25') THEN CANTIDAD ELSE CAST('0' AS DECIMAL(2,0)) END AS CANT25,
CASE WHEN (LCLAS_ID='26') THEN CANTIDAD ELSE CAST('0' AS DECIMAL(2,0)) END AS CANT26,
CASE WHEN (LCLAS_ID='27') THEN CANTIDAD ELSE CAST('0' AS DECIMAL(2,0)) END AS CANT27,
CASE WHEN (LCLAS_ID='28') THEN CANTIDAD ELSE CAST('0' AS DECIMAL(2,0)) END AS CANT28,
CASE WHEN (LCLAS_ID='29') THEN CANTIDAD ELSE CAST('0' AS DECIMAL(2,0)) END AS CANT29,
CASE WHEN (LCLAS_ID='30') THEN CANTIDAD ELSE CAST('0' AS DECIMAL(2,0)) END AS CANT30,
CASE WHEN (LCLAS_ID='31') THEN CANTIDAD ELSE CAST('0' AS DECIMAL(2,0)) END AS CANT31,
CASE WHEN (LCLAS_ID='32') THEN CANTIDAD ELSE CAST('0' AS DECIMAL(2,0)) END AS CANT32,
CASE WHEN (LCLAS_ID='33') THEN CANTIDAD ELSE CAST('0' AS DECIMAL(2,0)) END AS CANT33,
CASE WHEN (LCLAS_ID='34') THEN CANTIDAD ELSE CAST('0' AS DECIMAL(2,0)) END AS CANT34,
CASE WHEN (LCLAS_ID='35') THEN CANTIDAD ELSE CAST('0' AS DECIMAL(2,0)) END AS CANT35,
CASE WHEN (LCLAS_ID='36') THEN CANTIDAD ELSE CAST('0' AS DECIMAL(2,0)) END AS CANT36,
CASE WHEN (LCLAS_ID='37') THEN CANTIDAD ELSE CAST('0' AS DECIMAL(2,0)) END AS CANT37,
CASE WHEN (LCLAS_ID='38') THEN CANTIDAD ELSE CAST('0' AS DECIMAL(2,0)) END AS CANT38,
CASE WHEN (LCLAS_ID='39') THEN CANTIDAD ELSE CAST('0' AS DECIMAL(2,0)) END AS CANT39,
CASE WHEN (LCLAS_ID='40') THEN CANTIDAD ELSE CAST('0' AS DECIMAL(2,0)) END AS CANT40,
CASE WHEN (LCLAS_ID='41') THEN CANTIDAD ELSE CAST('0' AS DECIMAL(2,0)) END AS CANT41,
CASE WHEN (LCLAS_ID='42') THEN CANTIDAD ELSE CAST('0' AS DECIMAL(2,0)) END AS CANT42,
CASE WHEN (LCLAS_ID='43') THEN CANTIDAD ELSE CAST('0' AS DECIMAL(2,0)) END AS CANT43,
CASE WHEN (LCLAS_ID='44') THEN CANTIDAD ELSE CAST('0' AS DECIMAL(2,0)) END AS CANT44,
CASE WHEN (LCLAS_ID='45') THEN CANTIDAD ELSE CAST('0' AS DECIMAL(2,0)) END AS CANT45,
CASE WHEN (LCLAS_ID='46') THEN CANTIDAD ELSE CAST('0' AS DECIMAL(2,0)) END AS CANT46,
CASE WHEN (LCLAS_ID='47') THEN CANTIDAD ELSE CAST('0' AS DECIMAL(2,0)) END AS CANT47,
CASE WHEN (LCLAS_ID='48') THEN CANTIDAD ELSE CAST('0' AS DECIMAL(2,0)) END AS CANT48,
CASE WHEN (LCLAS_ID='49') THEN CANTIDAD ELSE CAST('0' AS DECIMAL(2,0)) END AS CANT49,
CASE WHEN (LCLAS_ID='50') THEN CANTIDAD ELSE CAST('0' AS DECIMAL(2,0)) END AS CANT50,
CASE WHEN (LCLAS_ID='51') THEN CANTIDAD ELSE CAST('0' AS DECIMAL(2,0)) END AS CANT51,
CASE WHEN (LCLAS_ID='52') THEN CANTIDAD ELSE CAST('0' AS DECIMAL(2,0)) END AS CANT52,
CASE WHEN (LCLAS_ID='53') THEN CANTIDAD ELSE CAST('0' AS DECIMAL(2,0)) END AS CANT53,
CASE WHEN (LCLAS_ID='54') THEN CANTIDAD ELSE CAST('0' AS DECIMAL(2,0)) END AS CANT54,
CASE WHEN (LCLAS_ID='55') THEN CANTIDAD ELSE CAST('0' AS DECIMAL(2,0)) END AS CANT55,
CASE WHEN (LCLAS_ID='56') THEN CANTIDAD ELSE CAST('0' AS DECIMAL(2,0)) END AS CANT56,
CASE WHEN (LCLAS_ID='57') THEN CANTIDAD ELSE CAST('0' AS DECIMAL(2,0)) END AS CANT57,
CASE WHEN (LCLAS_ID='58') THEN CANTIDAD ELSE CAST('0' AS DECIMAL(2,0)) END AS CANT58,
CASE WHEN (LCLAS_ID='59') THEN CANTIDAD ELSE CAST('0' AS DECIMAL(2,0)) END AS CANT59,
CASE WHEN (LCLAS_ID='60') THEN CANTIDAD ELSE CAST('0' AS DECIMAL(2,0)) END AS CANT60,
CASE WHEN (LCLAS_ID='61') THEN CANTIDAD ELSE CAST('0' AS DECIMAL(2,0)) END AS CANT61,
CASE WHEN (LCLAS_ID='62') THEN CANTIDAD ELSE CAST('0' AS DECIMAL(2,0)) END AS CANT62,
CASE WHEN (LCLAS_ID='63') THEN CANTIDAD ELSE CAST('0' AS DECIMAL(2,0)) END AS CANT63,
CASE WHEN (LCLAS_ID='64') THEN CANTIDAD ELSE CAST('0' AS DECIMAL(2,0)) END AS CANT64,
CASE WHEN (LCLAS_ID='65') THEN CANTIDAD ELSE CAST('0' AS DECIMAL(2,0)) END AS CANT65,
CASE WHEN (LCLAS_ID='66') THEN CANTIDAD ELSE CAST('0' AS DECIMAL(2,0)) END AS CANT66,
CASE WHEN (LCLAS_ID='67') THEN CANTIDAD ELSE CAST('0' AS DECIMAL(2,0)) END AS CANT67,
CASE WHEN (LCLAS_ID='68') THEN CANTIDAD ELSE CAST('0' AS DECIMAL(2,0)) END AS CANT68,
CASE WHEN (LCLAS_ID='69') THEN CANTIDAD ELSE CAST('0' AS DECIMAL(2,0)) END AS CANT69,
CASE WHEN (LCLAS_ID='70') THEN CANTIDAD ELSE CAST('0' AS DECIMAL(2,0)) END AS CANT70,
CASE WHEN (LCLAS_ID='71') THEN CANTIDAD ELSE CAST('0' AS DECIMAL(2,0)) END AS CANT71,
CASE WHEN (LCLAS_ID='72') THEN CANTIDAD ELSE CAST('0' AS DECIMAL(2,0)) END AS CANT72,
CASE WHEN (LCLAS_ID='73') THEN CANTIDAD ELSE CAST('0' AS DECIMAL(2,0)) END AS CANT73,
CASE WHEN (LCLAS_ID='74') THEN CANTIDAD ELSE CAST('0' AS DECIMAL(2,0)) END AS CANT74,
CASE WHEN (LCLAS_ID='75') THEN CANTIDAD ELSE CAST('0' AS DECIMAL(2,0)) END AS CANT75,

CASE WHEN (LCLAS_ID='1') THEN MONTO ELSE CAST('0' AS DECIMAL(11,2)) END AS MONTO1,
CASE WHEN (LCLAS_ID='2') THEN MONTO ELSE CAST('0' AS DECIMAL(11,2)) END AS MONTO2,
CASE WHEN (LCLAS_ID='3') THEN MONTO ELSE CAST('0' AS DECIMAL(11,2)) END AS MONTO3,
CASE WHEN (LCLAS_ID='4') THEN MONTO ELSE CAST('0' AS DECIMAL(11,2)) END AS MONTO4,
CASE WHEN (LCLAS_ID='5') THEN MONTO ELSE CAST('0' AS DECIMAL(11,2)) END AS MONTO5,
CASE WHEN (LCLAS_ID='6') THEN MONTO ELSE CAST('0' AS DECIMAL(11,2)) END AS MONTO6,
CASE WHEN (LCLAS_ID='7') THEN MONTO ELSE CAST('0' AS DECIMAL(11,2)) END AS MONTO7,
CASE WHEN (LCLAS_ID='8') THEN MONTO ELSE CAST('0' AS DECIMAL(11,2)) END AS MONTO8,
CASE WHEN (LCLAS_ID='9') THEN MONTO ELSE CAST('0' AS DECIMAL(11,2)) END AS MONTO9,
CASE WHEN (LCLAS_ID='10') THEN MONTO ELSE CAST('0' AS DECIMAL(11,2)) END AS MONTO10,
CASE WHEN (LCLAS_ID='11') THEN MONTO ELSE CAST('0' AS DECIMAL(11,2)) END AS MONTO11,
CASE WHEN (LCLAS_ID='12') THEN MONTO ELSE CAST('0' AS DECIMAL(11,2)) END AS MONTO12,
CASE WHEN (LCLAS_ID='13') THEN MONTO ELSE CAST('0' AS DECIMAL(11,2)) END AS MONTO13,
CASE WHEN (LCLAS_ID='14') THEN MONTO ELSE CAST('0' AS DECIMAL(11,2)) END AS MONTO14,
CASE WHEN (LCLAS_ID='15') THEN MONTO ELSE CAST('0' AS DECIMAL(11,2)) END AS MONTO15,
CASE WHEN (LCLAS_ID='16') THEN MONTO ELSE CAST('0' AS DECIMAL(11,2)) END AS MONTO16,
CASE WHEN (LCLAS_ID='17') THEN MONTO ELSE CAST('0' AS DECIMAL(11,2)) END AS MONTO17,
CASE WHEN (LCLAS_ID='18') THEN MONTO ELSE CAST('0' AS DECIMAL(11,2)) END AS MONTO18,
CASE WHEN (LCLAS_ID='19') THEN MONTO ELSE CAST('0' AS DECIMAL(11,2)) END AS MONTO19,
CASE WHEN (LCLAS_ID='20') THEN MONTO ELSE CAST('0' AS DECIMAL(11,2)) END AS MONTO20,
CASE WHEN (LCLAS_ID='21') THEN MONTO ELSE CAST('0' AS DECIMAL(11,2)) END AS MONTO21,
CASE WHEN (LCLAS_ID='22') THEN MONTO ELSE CAST('0' AS DECIMAL(11,2)) END AS MONTO22,
CASE WHEN (LCLAS_ID='23') THEN MONTO ELSE CAST('0' AS DECIMAL(11,2)) END AS MONTO23,
CASE WHEN (LCLAS_ID='24') THEN MONTO ELSE CAST('0' AS DECIMAL(11,2)) END AS MONTO24,
CASE WHEN (LCLAS_ID='25') THEN MONTO ELSE CAST('0' AS DECIMAL(11,2)) END AS MONTO25,
CASE WHEN (LCLAS_ID='26') THEN MONTO ELSE CAST('0' AS DECIMAL(11,2)) END AS MONTO26,
CASE WHEN (LCLAS_ID='27') THEN MONTO ELSE CAST('0' AS DECIMAL(11,2)) END AS MONTO27,
CASE WHEN (LCLAS_ID='28') THEN MONTO ELSE CAST('0' AS DECIMAL(11,2)) END AS MONTO28,
CASE WHEN (LCLAS_ID='29') THEN MONTO ELSE CAST('0' AS DECIMAL(11,2)) END AS MONTO29,
CASE WHEN (LCLAS_ID='30') THEN MONTO ELSE CAST('0' AS DECIMAL(11,2)) END AS MONTO30,
CASE WHEN (LCLAS_ID='31') THEN MONTO ELSE CAST('0' AS DECIMAL(11,2)) END AS MONTO31,
CASE WHEN (LCLAS_ID='32') THEN MONTO ELSE CAST('0' AS DECIMAL(11,2)) END AS MONTO32,
CASE WHEN (LCLAS_ID='33') THEN MONTO ELSE CAST('0' AS DECIMAL(11,2)) END AS MONTO33,
CASE WHEN (LCLAS_ID='34') THEN MONTO ELSE CAST('0' AS DECIMAL(11,2)) END AS MONTO34,
CASE WHEN (LCLAS_ID='35') THEN MONTO ELSE CAST('0' AS DECIMAL(11,2)) END AS MONTO35,
CASE WHEN (LCLAS_ID='36') THEN MONTO ELSE CAST('0' AS DECIMAL(11,2)) END AS MONTO36,
CASE WHEN (LCLAS_ID='37') THEN MONTO ELSE CAST('0' AS DECIMAL(11,2)) END AS MONTO37,
CASE WHEN (LCLAS_ID='38') THEN MONTO ELSE CAST('0' AS DECIMAL(11,2)) END AS MONTO38,
CASE WHEN (LCLAS_ID='39') THEN MONTO ELSE CAST('0' AS DECIMAL(11,2)) END AS MONTO39,
CASE WHEN (LCLAS_ID='40') THEN MONTO ELSE CAST('0' AS DECIMAL(11,2)) END AS MONTO40,
CASE WHEN (LCLAS_ID='41') THEN MONTO ELSE CAST('0' AS DECIMAL(11,2)) END AS MONTO41,
CASE WHEN (LCLAS_ID='42') THEN MONTO ELSE CAST('0' AS DECIMAL(11,2)) END AS MONTO42,
CASE WHEN (LCLAS_ID='43') THEN MONTO ELSE CAST('0' AS DECIMAL(11,2)) END AS MONTO43,
CASE WHEN (LCLAS_ID='44') THEN MONTO ELSE CAST('0' AS DECIMAL(11,2)) END AS MONTO44,
CASE WHEN (LCLAS_ID='45') THEN MONTO ELSE CAST('0' AS DECIMAL(11,2)) END AS MONTO45,
CASE WHEN (LCLAS_ID='46') THEN MONTO ELSE CAST('0' AS DECIMAL(11,2)) END AS MONTO46,
CASE WHEN (LCLAS_ID='47') THEN MONTO ELSE CAST('0' AS DECIMAL(11,2)) END AS MONTO47,
CASE WHEN (LCLAS_ID='48') THEN MONTO ELSE CAST('0' AS DECIMAL(11,2)) END AS MONTO48,
CASE WHEN (LCLAS_ID='49') THEN MONTO ELSE CAST('0' AS DECIMAL(11,2)) END AS MONTO49,
CASE WHEN (LCLAS_ID='50') THEN MONTO ELSE CAST('0' AS DECIMAL(11,2)) END AS MONTO50,
CASE WHEN (LCLAS_ID='51') THEN MONTO ELSE CAST('0' AS DECIMAL(11,2)) END AS MONTO51,
CASE WHEN (LCLAS_ID='52') THEN MONTO ELSE CAST('0' AS DECIMAL(11,2)) END AS MONTO52,
CASE WHEN (LCLAS_ID='53') THEN MONTO ELSE CAST('0' AS DECIMAL(11,2)) END AS MONTO53,
CASE WHEN (LCLAS_ID='54') THEN MONTO ELSE CAST('0' AS DECIMAL(11,2)) END AS MONTO54,
CASE WHEN (LCLAS_ID='55') THEN MONTO ELSE CAST('0' AS DECIMAL(11,2)) END AS MONTO55,
CASE WHEN (LCLAS_ID='56') THEN MONTO ELSE CAST('0' AS DECIMAL(11,2)) END AS MONTO56,
CASE WHEN (LCLAS_ID='57') THEN MONTO ELSE CAST('0' AS DECIMAL(11,2)) END AS MONTO57,
CASE WHEN (LCLAS_ID='58') THEN MONTO ELSE CAST('0' AS DECIMAL(11,2)) END AS MONTO58,
CASE WHEN (LCLAS_ID='59') THEN MONTO ELSE CAST('0' AS DECIMAL(11,2)) END AS MONTO59,
CASE WHEN (LCLAS_ID='60') THEN MONTO ELSE CAST('0' AS DECIMAL(11,2)) END AS MONTO60,
CASE WHEN (LCLAS_ID='61') THEN MONTO ELSE CAST('0' AS DECIMAL(11,2)) END AS MONTO61,
CASE WHEN (LCLAS_ID='62') THEN MONTO ELSE CAST('0' AS DECIMAL(11,2)) END AS MONTO62,
CASE WHEN (LCLAS_ID='63') THEN MONTO ELSE CAST('0' AS DECIMAL(11,2)) END AS MONTO63,
CASE WHEN (LCLAS_ID='64') THEN MONTO ELSE CAST('0' AS DECIMAL(11,2)) END AS MONTO64,
CASE WHEN (LCLAS_ID='65') THEN MONTO ELSE CAST('0' AS DECIMAL(11,2)) END AS MONTO65,
CASE WHEN (LCLAS_ID='66') THEN MONTO ELSE CAST('0' AS DECIMAL(11,2)) END AS MONTO66,
CASE WHEN (LCLAS_ID='67') THEN MONTO ELSE CAST('0' AS DECIMAL(11,2)) END AS MONTO67,
CASE WHEN (LCLAS_ID='68') THEN MONTO ELSE CAST('0' AS DECIMAL(11,2)) END AS MONTO68,
CASE WHEN (LCLAS_ID='69') THEN MONTO ELSE CAST('0' AS DECIMAL(11,2)) END AS MONTO69,
CASE WHEN (LCLAS_ID='70') THEN MONTO ELSE CAST('0' AS DECIMAL(11,2)) END AS MONTO70,
CASE WHEN (LCLAS_ID='71') THEN MONTO ELSE CAST('0' AS DECIMAL(11,2)) END AS MONTO71,
CASE WHEN (LCLAS_ID='72') THEN MONTO ELSE CAST('0' AS DECIMAL(11,2)) END AS MONTO72,
CASE WHEN (LCLAS_ID='73') THEN MONTO ELSE CAST('0' AS DECIMAL(11,2)) END AS MONTO73,
CASE WHEN (LCLAS_ID='74') THEN MONTO ELSE CAST('0' AS DECIMAL(11,2)) END AS MONTO74,
CASE WHEN (LCLAS_ID='75') THEN MONTO ELSE CAST('0' AS DECIMAL(11,2)) END AS MONTO75
FROM(

SELECT FECHA_MIN,FECHA_MAX,A.LRECAU_ID, SUBSTR(A.LRECAU_ID,5,2) AÑO,SUBSTR(A.LRECAU_ID,7,2) MES,SUBSTR(A.LRECAU_ID,9,2) DIA,
B.NESTA_RENAES,B.NEST_NOMBRE,SUM(E.CANTIDAD)CANTIDAD,SUM(E.MONTO)MONTO,F.LCLAS_ID
FROM(
SELECT LRECAU_ID,MIN(LRECAU_FECHA) FECHA_MIN,MAX(LRECAU_FECHA) FECHA_MAX FROM lrecaudacion_deposito GROUP BY LRECAU_ID
) A
INNER JOIN nestablecimiento B
ON SUBSTRING(A.LRECAU_ID,11,5) = B.NESTA_RENAES
INNER JOIN ndistrito C
ON B.NDIST_ID = C.NDIST_ID
INNER JOIN lrecaudacion_tipo D
ON SUBSTRING(A.LRECAU_ID,3,2)=D.LRECTIP_ID
INNER JOIN lrecaudacion_detalle E
ON A.LRECAU_ID=E.LRECAU_ID
INNER JOIN lclasificador F
ON F.LCLAS_ID = E.IDITEM

WHERE A.LRECAU_ID LIKE '01%'
AND (A.FECHA_MIN >= @first_day AND A.FECHA_MAX <= @last_day)
GROUP BY A.FECHA_MIN,A.FECHA_MAX,A.LRECAU_ID,B.NESTA_RENAES,B.NEST_NOMBRE,F.LCLAS_ID
)A

)B
GROUP BY FECHA_MIN,FECHA_MAX,AÑO,MES,DIA,NESTA_RENAES,NEST_NOMBRE
ORDER BY RENAES

)C;




END$$

DELIMITER ;

-- --------------------------------------------------------

--
-- Estructura de tabla para la tabla `lanio`
--

CREATE TABLE `lanio` (
  `LANIO_ID` int(11) NOT NULL,
  `LANIO_NOMBRE` int(11) DEFAULT NULL,
  `LANIO_ESTADO` int(11) DEFAULT NULL
) ENGINE=MyISAM DEFAULT CHARSET=latin1;

--
-- Volcado de datos para la tabla `lanio`
--

INSERT INTO `lanio` (`LANIO_ID`, `LANIO_NOMBRE`, `LANIO_ESTADO`) VALUES
(18, 2018, 1);

-- --------------------------------------------------------

--
-- Estructura de tabla para la tabla `lclasificador`
--

CREATE TABLE `lclasificador` (
  `LCLAS_ID` int(11) NOT NULL,
  `LRECTIP_ID` int(2) UNSIGNED ZEROFILL DEFAULT NULL,
  `LCLAS_ALIAS` varchar(50) DEFAULT NULL,
  `LCOMP_ID` int(2) UNSIGNED ZEROFILL DEFAULT NULL,
  `LCLAS_NOMBRE` varchar(200) DEFAULT NULL,
  `LCLAS_PADRE` int(2) DEFAULT NULL,
  `CELDA` varchar(5) DEFAULT NULL,
  `LCLAS_ESTADO` int(11) DEFAULT NULL,
  `LCLAS_CLASS` varchar(50) DEFAULT NULL,
  `CODIGO_A` varchar(50) DEFAULT NULL,
  `DETALLE_A` varchar(150) DEFAULT NULL,
  `CODIGO_B` varchar(50) DEFAULT NULL,
  `DETALLE_B` varchar(150) DEFAULT NULL,
  `CODIGO_C` varchar(50) DEFAULT NULL,
  `DETALLE_C` varchar(150) DEFAULT NULL,
  `DETALLE_D` varchar(150) DEFAULT NULL,
  `DETALLE_PADRE` int(2) DEFAULT NULL
) ENGINE=MyISAM DEFAULT CHARSET=latin1;

--
-- Volcado de datos para la tabla `lclasificador`
--

INSERT INTO `lclasificador` (`LCLAS_ID`, `LRECTIP_ID`, `LCLAS_ALIAS`, `LCOMP_ID`, `LCLAS_NOMBRE`, `LCLAS_PADRE`, `CELDA`, `LCLAS_ESTADO`, `LCLAS_CLASS`, `CODIGO_A`, `DETALLE_A`, `CODIGO_B`, `DETALLE_B`, `CODIGO_C`, `DETALLE_C`, `DETALLE_D`, `DETALLE_PADRE`) VALUES
(1, 02, '1.3.1', 01, 'VENTA  DE  BIENES', 0, '', 1, '', '1201', 'CTAS POR COBRAR', '1201,03', 'VENTA DE BIENES Y SERVICIOS Y DERECHOS ADMINISTRATIVOS', '1201,0301', 'VENTA  DE  BIENES									\r\n', 'VENTA  DE  BIENES', 0),
(2, 02, '1.3.14.11', 01, 'ALIMENTOS Y BEBIDAS', 1, '', 1, '', '1201', 'CTAS POR COBRAR', '1201,03', 'VENTA DE BIENES Y SERVICIOS Y DERECHOS ADMINISTRATIVOS', '1201,0301', 'VENTA  DE  BIENES									\r\n', 'ALIMENTOS Y BEBIDAS', 1),
(3, 01, '1.3.16', 01, 'VENTA  DE  PRODUCTOS   DE  SALUD', 0, '', 1, '', '1201', 'CTAS POR COBRAR', '1201,03', 'VENTA DE BIENES Y SERVICIOS Y DERECHOS ADMINISTRATIVOS', '1201,0301', 'VENTA  DE  BIENES									\r\n', 'VENTA  DE  PRODUCTOS   DE  SALUD', NULL),
(4, 01, '1.3.16.14', 01, 'FARMACIA  (VENTA  DE  MEDICAMENTOS  DE  SISMED.  100%)', 3, '', 1, '', '1201', 'CTAS POR COBRAR', '1201,03', 'VENTA DE BIENES Y SERVICIOS Y DERECHOS ADMINISTRATIVOS', '1201,0301', 'VENTA  DE  BIENES									\r\n', 'FARMACIA', 1),
(5, 02, '1.3.19', 01, 'VENTA  DE OTROS  BIENES', 0, '', 1, '', '1201', 'CTAS POR COBRAR', '1201,03', 'VENTA DE BIENES Y SERVICIOS Y DERECHOS ADMINISTRATIVOS', '1201,0301', 'VENTA  DE  BIENES									\r\n', 'VENTA  DE OTROS  BIENES', NULL),
(6, 02, '1.3.19.12', 01, 'VTA. DE  BASES  PARA  LICITACION  PUBLICA,CONCURSO  PUBLICO   Y  OTROS', 5, '', 1, '', '1201', 'CTAS POR COBRAR', '1201,03', 'VENTA DE BIENES Y SERVICIOS Y DERECHOS ADMINISTRATIVOS', '1201,0301', 'VENTA  DE  BIENES									\r\n', 'VTA. DE  BASES  PARA  LICITACION  PUBLICA,CONCURSO  PUBLICO   Y  OTROS', 1),
(7, 02, '1.3.2', 01, 'DERECHOS  Y  TASAS  ADMINISTRATIVOS  ', 0, '', 1, '', '1201', 'CTAS POR COBRAR', '1201,03', 'VENTA DE BIENES Y SERVICIOS Y DERECHOS ADMINISTRATIVOS', '1201,0302', 'DERECHOS  Y  TASAS  ADMINISTRATIVOS', 'DERECHOS  Y  TASAS  ADMINISTRATIVOS  ', 0),
(8, 02, '1.3.24.12', 01, 'AUTORIZACION,INSPECCION  Y CONTROL  SANITARIO', 7, '', 1, '', '1201', 'CTAS POR COBRAR', '1201,03', 'VENTA DE BIENES Y SERVICIOS Y DERECHOS ADMINISTRATIVOS', '1201,0302', 'DERECHOS  Y  TASAS  ADMINISTRATIVOS', 'AUTORIZACION,INSPECCION  Y CONTROL  SANITARIO', 7),
(9, 02, '1.3.24.13', 01, 'EXAMEN MEDICO ( VISACIONES)', 7, '', 1, '', '1201', 'CTAS POR COBRAR', '1201,03', 'VENTA DE BIENES Y SERVICIOS Y DERECHOS ADMINISTRATIVOS', '1201,0302', 'DERECHOS  Y  TASAS  ADMINISTRATIVOS', 'EXAMEN MEDICO', 7),
(10, 02, '1.3.24.13', 01, 'EXAMEN MEDICO ( DESCANSO MEDICO )', 7, '', 1, '', '1201', 'CTAS POR COBRAR', '1201,03', 'VENTA DE BIENES Y SERVICIOS Y DERECHOS ADMINISTRATIVOS', '1201,0302', 'DERECHOS  Y  TASAS  ADMINISTRATIVOS', 'EXAMEN MEDICO', 7),
(11, 02, '1.3.24.13', 01, 'EXAMEN MEDICO ( INFORME  )', 7, '', 1, '', '1201', 'CTAS POR COBRAR', '1201,03', 'VENTA DE BIENES Y SERVICIOS Y DERECHOS ADMINISTRATIVOS', '1201,0302', 'DERECHOS  Y  TASAS  ADMINISTRATIVOS', 'EXAMEN MEDICO', 7),
(12, 02, '1.3.24.13', 01, 'EXAMEN MEDICO ( CONSTANCIAS )', 7, '', 1, '', '1201', 'CTAS POR COBRAR', '1201,03', 'VENTA DE BIENES Y SERVICIOS Y DERECHOS ADMINISTRATIVOS', '1201,0302', 'DERECHOS  Y  TASAS  ADMINISTRATIVOS', 'EXAMEN MEDICO', 7),
(13, 02, '1.3.24.14', 01, 'CERTIFICADOS (CERTIFICADO  MEDICO DE SALUD  )', 7, '', 1, '', '1201', 'CTAS POR COBRAR', '1201,03', 'VENTA DE BIENES Y SERVICIOS Y DERECHOS ADMINISTRATIVOS', '1201,0302', 'DERECHOS  Y  TASAS  ADMINISTRATIVOS', 'CERTIFICADOS', 7),
(14, 02, '1.3.24.14', 01, 'CERTIFICADOS (CERTIFICADO  MEDICO  PSICOLOGICO  )', 7, '', 1, '', '1201', 'CTAS POR COBRAR', '1201,03', 'VENTA DE BIENES Y SERVICIOS Y DERECHOS ADMINISTRATIVOS', '1201,0302', 'DERECHOS  Y  TASAS  ADMINISTRATIVOS', 'CERTIFICADOS', 7),
(15, 02, '1.3.24.14', 01, 'CERTIFICADOS (CERTIFICADO  MEDICO DE SALUD MENTAL  )', 7, '', 1, '', '1201', 'CTAS POR COBRAR', '1201,03', 'VENTA DE BIENES Y SERVICIOS Y DERECHOS ADMINISTRATIVOS', '1201,0302', 'DERECHOS  Y  TASAS  ADMINISTRATIVOS', 'CERTIFICADOS', 7),
(16, 02, '1.3.24.14', 01, 'CERTIFICADOS (CERTIFICADO  MEDICO  ESCOLAR  )', 7, '', 1, '', '1201', 'CTAS POR COBRAR', '1201,03', 'VENTA DE BIENES Y SERVICIOS Y DERECHOS ADMINISTRATIVOS', '1201,0302', 'DERECHOS  Y  TASAS  ADMINISTRATIVOS', 'CERTIFICADOS', 7),
(17, 02, '1.3.24.14', 01, 'CERTIFICADOS (CERTIFICADO   NACIMIENTO )', 7, '', 1, '', '1201', 'CTAS POR COBRAR', '1201,03', 'VENTA DE BIENES Y SERVICIOS Y DERECHOS ADMINISTRATIVOS', '1201,0302', 'DERECHOS  Y  TASAS  ADMINISTRATIVOS', 'CERTIFICADOS', 7),
(18, 02, '1.3.24.16', 01, 'CARNETS   Y/O  TARJETAS  DE  ATENCION    (  DUPLICADOS )', 7, '', 1, '', '1201', 'CTAS POR COBRAR', '1201,03', 'VENTA DE BIENES Y SERVICIOS Y DERECHOS ADMINISTRATIVOS', '1201,0302', 'DERECHOS  Y  TASAS  ADMINISTRATIVOS', 'CARNETS   Y/O  TARJETAS  DE  ATENCION   ', 7),
(19, 02, '1.3.24.16', 01, 'CARNETS   Y/O  TARJETAS  DE  ATENCION   ', 7, '', 1, '', '1201', 'CTAS POR COBRAR', '1201,03', 'VENTA DE BIENES Y SERVICIOS Y DERECHOS ADMINISTRATIVOS', '1201,0302', 'DERECHOS  Y  TASAS  ADMINISTRATIVOS', 'CARNETS   Y/O  TARJETAS  DE  ATENCION   ', 7),
(20, 02, '1.3.24.16', 01, 'CARNETS   Y/O  TARJETAS  DE  ATENCION    ( DUPLICADO  DE VACUNAS )', 7, '', 1, '', '1201', 'CTAS POR COBRAR', '1201,03', 'VENTA DE BIENES Y SERVICIOS Y DERECHOS ADMINISTRATIVOS', '1201,0302', 'DERECHOS  Y  TASAS  ADMINISTRATIVOS', 'CARNETS   Y/O  TARJETAS  DE  ATENCION   ', 7),
(21, 02, '1.3.24.17', 01, 'CONTROL CANINO (CONTROL  DE  ANIMAL MORDEDOR)', 7, '', 1, '', '1201', 'CTAS POR COBRAR', '1201,03', 'VENTA DE BIENES Y SERVICIOS Y DERECHOS ADMINISTRATIVOS', '1201,0302', 'DERECHOS  Y  TASAS  ADMINISTRATIVOS', 'CONTROL CANINO', 7),
(22, 02, '1.3.24.199', 01, 'OTROS DERECHOS ADMINISTRATIVOS DE SALUD  (FOLDER\'S  Y  OTROS )', 7, '', 1, '', '1201', 'CTAS POR COBRAR', '1201,03', 'VENTA DE BIENES Y SERVICIOS Y DERECHOS ADMINISTRATIVOS', '1201,0302', 'DERECHOS  Y  TASAS  ADMINISTRATIVOS', 'OTROS DERECHOS ADMINISTRATIVOS DE SALUD', 7),
(23, 02, '1.3.24.199', 01, 'OTROS DERECHOS ADMINISTRATIVOS DE SALUD  ( DUPLICADO )', 7, '', 1, '', '1201', 'CTAS POR COBRAR', '1201,03', 'VENTA DE BIENES Y SERVICIOS Y DERECHOS ADMINISTRATIVOS', '1201,0302', 'DERECHOS  Y  TASAS  ADMINISTRATIVOS', 'OTROS DERECHOS ADMINISTRATIVOS DE SALUD', 7),
(24, 02, '1.3.24.199', 01, 'OTROS DERECHOS ADMINISTRATIVOS DE SALUD  ', 7, '', 1, '', '1201', 'CTAS POR COBRAR', '1201,03', 'VENTA DE BIENES Y SERVICIOS Y DERECHOS ADMINISTRATIVOS', '1201,0302', 'DERECHOS  Y  TASAS  ADMINISTRATIVOS', 'OTROS DERECHOS ADMINISTRATIVOS DE SALUD', 7),
(25, 02, '1.3.24.199', 01, 'OTROS DERECHOS ADMINISTRATIVOS DE SALUD (CAPAC.A  MANIPUL.DE  ALIMENTOS)', 7, '', 1, '', '1201', 'CTAS POR COBRAR', '1201,03', 'VENTA DE BIENES Y SERVICIOS Y DERECHOS ADMINISTRATIVOS', '1201,0302', 'DERECHOS  Y  TASAS  ADMINISTRATIVOS', 'OTROS DERECHOS ADMINISTRATIVOS DE SALUD', 7),
(26, 02, '1.3.3', 01, 'VENTA   DE   SERVICIOS', 0, '', 1, '', '1201', 'CTAS POR COBRAR', '1201,03', 'VENTA DE BIENES Y SERVICIOS Y DERECHOS ADMINISTRATIVOS', '1201,0303', 'VENTA  DE  SERVICIOS', 'VENTA   DE   SERVICIOS', 0),
(27, 02, '1.3.34.11', 01, 'ATENCION MEDICA (CONSULTA MEDICA )', 26, '', 1, '', '1201', 'CTAS POR COBRAR', '1201,03', 'VENTA DE BIENES Y SERVICIOS Y DERECHOS ADMINISTRATIVOS', '1201,0303', 'VENTA  DE  SERVICIOS', 'ATENCION MEDICA', 26),
(28, 02, '1.3.34.11', 01, 'ATENCION MEDICA ( CONSULTA  ESPECIALIDAD-PEDIATRA)', 26, '', 1, '', '1201', 'CTAS POR COBRAR', '1201,03', 'VENTA DE BIENES Y SERVICIOS Y DERECHOS ADMINISTRATIVOS', '1201,0303', 'VENTA  DE  SERVICIOS', 'ATENCION MEDICA', 26),
(29, 02, '1.3.34.11', 01, 'ATENCION MEDICA ( CONSULTA  ESPECIALIDAD-GINECOLOGO)', 26, '', 1, '', '1201', 'CTAS POR COBRAR', '1201,03', 'VENTA DE BIENES Y SERVICIOS Y DERECHOS ADMINISTRATIVOS', '1201,0303', 'VENTA  DE  SERVICIOS', 'ATENCION MEDICA', 26),
(30, 02, '1.3.34.11', 01, 'ATENCION MEDICA ( CONSULTA  ESPECIALIDAD-DERMATOLOGO)', 26, '', 1, '', '1201', 'CTAS POR COBRAR', '1201,03', 'VENTA DE BIENES Y SERVICIOS Y DERECHOS ADMINISTRATIVOS', '1201,0303', 'VENTA  DE  SERVICIOS', 'ATENCION MEDICA', 26),
(31, 02, '1.3.34.11', 01, 'ATENCION MEDICA ( CONSULTA  ESPECIALIDAD-TRAUMATOLOGO)', 26, '', 1, '', '1201', 'CTAS POR COBRAR', '1201,03', 'VENTA DE BIENES Y SERVICIOS Y DERECHOS ADMINISTRATIVOS', '1201,0303', 'VENTA  DE  SERVICIOS', 'ATENCION MEDICA', 26),
(32, 02, '1.3.34.11', 01, 'ATENCION MEDICA ( CONSULTA  ESPECIALIDAD-GASTROENTEROLOGO)', 26, '', 1, '', '1201', 'CTAS POR COBRAR', '1201,03', 'VENTA DE BIENES Y SERVICIOS Y DERECHOS ADMINISTRATIVOS', '1201,0303', 'VENTA  DE  SERVICIOS', 'ATENCION MEDICA', 26),
(33, 02, '1.3.34.11', 01, 'ATENCION MEDICA ( CONSULTA  ESPECIALIDAD-CARDIOLOGIA)', 26, '', 1, '', '1201', 'CTAS POR COBRAR', '1201,03', 'VENTA DE BIENES Y SERVICIOS Y DERECHOS ADMINISTRATIVOS', '1201,0303', 'VENTA  DE  SERVICIOS', 'ATENCION MEDICA', 26),
(34, 02, '1.3.34.11', 01, 'ATENCION MEDICA ( CONSULTA  ESPECIALIDAD-NEUMOLOGIA)', 26, '', 1, '', '1201', 'CTAS POR COBRAR', '1201,03', 'VENTA DE BIENES Y SERVICIOS Y DERECHOS ADMINISTRATIVOS', '1201,0303', 'VENTA  DE  SERVICIOS', 'ATENCION MEDICA', 26),
(35, 02, '1.3.34.11', 01, 'ATENCION MEDICA ( CONSULTA  ESPECIALIDAD-PSIQUIATRIA)', 26, '', 1, '', '1201', 'CTAS POR COBRAR', '1201,03', 'VENTA DE BIENES Y SERVICIOS Y DERECHOS ADMINISTRATIVOS', '1201,0303', 'VENTA  DE  SERVICIOS', 'ATENCION MEDICA', 26),
(36, 02, '1.3.34.11', 01, 'ATENCION MEDICA ( CONSULTA  OTRAS ESPECIALIDADES)', 26, '', 1, '', '1201', 'CTAS POR COBRAR', '1201,03', 'VENTA DE BIENES Y SERVICIOS Y DERECHOS ADMINISTRATIVOS', '1201,0303', 'VENTA  DE  SERVICIOS', 'ATENCION MEDICA', 26),
(37, 02, '1.3.34.12', 01, 'ATENCION  DENTAL (CONSULTAS  ODONTOLOGICAS)', 26, '', 1, '', '1201', 'CTAS POR COBRAR', '1201,03', 'VENTA DE BIENES Y SERVICIOS Y DERECHOS ADMINISTRATIVOS', '1201,0303', 'VENTA  DE  SERVICIOS', 'ATENCION  DENTAL', 26),
(38, 02, '1.3.34.12', 01, 'ATENCION  DENTAL (PROCEDIMIENTOS   ODONTOLOGICOS  PAGADOS )', 26, '', 1, '', '1201', 'CTAS POR COBRAR', '1201,03', 'VENTA DE BIENES Y SERVICIOS Y DERECHOS ADMINISTRATIVOS', '1201,0303', 'VENTA  DE  SERVICIOS', 'ATENCION  DENTAL', 26),
(39, 02, '1.3.34.13', 01, 'EXAMEN PSICOLOGICO Y/O PSIQUIATRICA', 26, '', 1, '', '1201', 'CTAS POR COBRAR', '1201,03', 'VENTA DE BIENES Y SERVICIOS Y DERECHOS ADMINISTRATIVOS', '1201,0303', 'VENTA  DE  SERVICIOS', 'EXAMEN PSICOLOGICO Y/O PSIQUIATRICA', 26),
(40, 02, '1.3.34.14', 01, 'SERVICIO DE EMERGENCIA', 26, '', 1, '', '1201', 'CTAS POR COBRAR', '1201,03', 'VENTA DE BIENES Y SERVICIOS Y DERECHOS ADMINISTRATIVOS', '1201,0303', 'VENTA  DE  SERVICIOS', 'SERVICIO DE EMERGENCIA', 26),
(41, 02, '1.3.34.15', 01, 'CIRUGIA  (SUTURAS  EFECTUADAS (MAYOR  Y  MENOR))', 26, '', 1, '', '1201', 'CTAS POR COBRAR', '1201,03', 'VENTA DE BIENES Y SERVICIOS Y DERECHOS ADMINISTRATIVOS', '1201,0303', 'VENTA  DE  SERVICIOS', 'CIRUGIA', 26),
(42, 02, '1.3.34.15', 01, 'CIRUGIA  (EXTRACCION UÑA,EXTR.DE CUERPO EXTRAÑO,DEBRIDACION  DE  ABCESO)', 26, '', 1, '', '1201', 'CTAS POR COBRAR', '1201,03', 'VENTA DE BIENES Y SERVICIOS Y DERECHOS ADMINISTRATIVOS', '1201,0303', 'VENTA  DE  SERVICIOS', 'CIRUGIA', 26),
(43, 02, '1.3.34.16', 01, 'HOSPITALIZACION   (PARTOS ATENDIDOS  DENTRO  DEL  ESTABLECIMIENTO)', 26, '', 1, '', '1201', 'CTAS POR COBRAR', '1201,03', 'VENTA DE BIENES Y SERVICIOS Y DERECHOS ADMINISTRATIVOS', '1201,0303', 'VENTA  DE  SERVICIOS', 'HOSPITALIZACION', 26),
(44, 02, '1.3.34.16', 01, 'HOSPITALIZACION   (PARTOS ATENDIDOS  FUERA  DEL  ESTABLECIMIENTO)', 26, '', 1, '', '1201', 'CTAS POR COBRAR', '1201,03', 'VENTA DE BIENES Y SERVICIOS Y DERECHOS ADMINISTRATIVOS', '1201,0303', 'VENTA  DE  SERVICIOS', 'HOSPITALIZACION', 26),
(45, 02, '1.3.34.17', 01, 'SERVICIO DE TOPICO  (INYECTABLES  APLICADAS)', 26, '', 1, '', '1201', 'CTAS POR COBRAR', '1201,03', 'VENTA DE BIENES Y SERVICIOS Y DERECHOS ADMINISTRATIVOS', '1201,0303', 'VENTA  DE  SERVICIOS', 'SERVICIO DE TOPICO', 26),
(46, 02, '1.3.34.17', 01, 'SERVICIO DE TOPICO  (CURACIONES  REALIZADAS)', 26, '', 1, '', '1201', 'CTAS POR COBRAR', '1201,03', 'VENTA DE BIENES Y SERVICIOS Y DERECHOS ADMINISTRATIVOS', '1201,0303', 'VENTA  DE  SERVICIOS', 'SERVICIO DE TOPICO', 26),
(47, 02, '1.3.34.17', 01, 'SERVICIO TOPICO   (TOMA  DE  PRESION  ARTERIAL)', 26, '', 1, '', '1201', 'CTAS POR COBRAR', '1201,03', 'VENTA DE BIENES Y SERVICIOS Y DERECHOS ADMINISTRATIVOS', '1201,0303', 'VENTA  DE  SERVICIOS', 'SERVICIO DE TOPICO', 26),
(48, 02, '1.3.34.17', 01, 'SERVICIO  TOPICO(OTRAS  ACTIVIDADES DEL TOPICO LAVADO  DE  OIDO, ETC)  ', 26, '', 1, '', '1201', 'CTAS POR COBRAR', '1201,03', 'VENTA DE BIENES Y SERVICIOS Y DERECHOS ADMINISTRATIVOS', '1201,0303', 'VENTA  DE  SERVICIOS', 'SERVICIO DE TOPICO', 26),
(49, 02, '1.3.34.17', 01, 'SERVICIO  TOPICO   (OTRAS  ACTIVIDADES DEL TOPICO (NEBULIZACION  ETC)  ', 26, '', 1, '', '1201', 'CTAS POR COBRAR', '1201,03', 'VENTA DE BIENES Y SERVICIOS Y DERECHOS ADMINISTRATIVOS', '1201,0303', 'VENTA  DE  SERVICIOS', 'SERVICIO DE TOPICO', 26),
(50, 02, '1.3.34.199', 01, 'OTROS  SERVICIOS MEDICOS -  ASISTENC. (OTRAS ATENC.DE NFERM.)', 26, '', 1, '', '1201', 'CTAS POR COBRAR', '1201,03', 'VENTA DE BIENES Y SERVICIOS Y DERECHOS ADMINISTRATIVOS', '1201,0303', 'VENTA  DE  SERVICIOS', 'OTROS  SERVICIOS MEDICOS -  ASISTENC.', 26),
(51, 02, '1.3.34.199', 01, 'OTROS  SERVICIOS MEDICOS -  ASISTENC. (ATENC.A LA DEMANDA-OBSTET.)', 26, '', 1, '', '1201', 'CTAS POR COBRAR', '1201,03', 'VENTA DE BIENES Y SERVICIOS Y DERECHOS ADMINISTRATIVOS', '1201,0303', 'VENTA  DE  SERVICIOS', 'OTROS  SERVICIOS MEDICOS -  ASISTENC.', 26),
(52, 02, '1.3.34.199', 01, 'OTROS  SERVICIOS MEDICOS -  ASISTENC. ( OTRAS  ATENCION DE  NUTRICION )', 26, '', 1, '', '1201', 'CTAS POR COBRAR', '1201,03', 'VENTA DE BIENES Y SERVICIOS Y DERECHOS ADMINISTRATIVOS', '1201,0303', 'VENTA  DE  SERVICIOS', 'OTROS  SERVICIOS MEDICOS -  ASISTENC.', 26),
(53, 02, '1.3.34.199', 01, 'OTROS  SERVICIOS MEDICOS -  ASISTENC. ( OTRAS  ATENC. DE  OPTOMETRIA )', 26, '', 1, '', '1201', 'CTAS POR COBRAR', '1201,03', 'VENTA DE BIENES Y SERVICIOS Y DERECHOS ADMINISTRATIVOS', '1201,0303', 'VENTA  DE  SERVICIOS', 'OTROS  SERVICIOS MEDICOS -  ASISTENC.', 26),
(54, 02, '1.3.34.199', 01, 'OTROS  SERVICIOS MEDICOS -  ASISTENCIALES', 26, '', 1, '', '1201', 'CTAS POR COBRAR', '1201,03', 'VENTA DE BIENES Y SERVICIOS Y DERECHOS ADMINISTRATIVOS', '1201,0303', 'VENTA  DE  SERVICIOS', 'OTROS  SERVICIOS MEDICOS -  ASISTENC.', 26),
(55, 02, '1.3.34.21', 01, 'EXAMENES DE  LABORATORIO  (TOMA  DE  PAPANICOLAU)', 26, '', 1, '', '1201', 'CTAS POR COBRAR', '1201,03', 'VENTA DE BIENES Y SERVICIOS Y DERECHOS ADMINISTRATIVOS', '1201,0303', 'VENTA  DE  SERVICIOS', 'EXAMENES DE  LABORATORIO', 26),
(56, 02, '1.3.34.21', 01, 'EXAMENES  DE  LABORATORIO (INGRESOS  POR  LABORATORIOS)', 26, '', 1, '', '1201', 'CTAS POR COBRAR', '1201,03', 'VENTA DE BIENES Y SERVICIOS Y DERECHOS ADMINISTRATIVOS', '1201,0303', 'VENTA  DE  SERVICIOS', 'EXAMENES DE  LABORATORIO', 26),
(57, 02, '1.3.34.23', 01, 'ELECTROCARDIOGRAMA', 26, '', 1, '', '1201', 'CTAS POR COBRAR', '1201,03', 'VENTA DE BIENES Y SERVICIOS Y DERECHOS ADMINISTRATIVOS', '1201,0303', 'VENTA  DE  SERVICIOS', 'ELECTROCARDIOGRAMA', 26),
(58, 02, '1.3.34.24', 01, 'DIAGNOSTICO POR IMÁGENES  (INGRESOS  POR  RAYOS  X)', 26, '', 1, '', '1201', 'CTAS POR COBRAR', '1201,03', 'VENTA DE BIENES Y SERVICIOS Y DERECHOS ADMINISTRATIVOS', '1201,0303', 'VENTA  DE  SERVICIOS', 'DIAGNOSTICO POR IMÁGENES', 26),
(59, 02, '1.3.34.24', 01, 'DIAGNOSTICO POR IMÁGENES  (INGRESOS  POR  RAYOS  X - DENTAL)', 26, '', 1, '', '1201', 'CTAS POR COBRAR', '1201,03', 'VENTA DE BIENES Y SERVICIOS Y DERECHOS ADMINISTRATIVOS', '1201,0303', 'VENTA  DE  SERVICIOS', 'DIAGNOSTICO POR IMÁGENES', 26),
(60, 02, '1.3.34.24', 01, 'DIAGNOSTICO POR IMÁGENES  (INGRESOS  POR  ECOGRAFIA Y OTROS)', 26, '', 1, '', '1201', 'CTAS POR COBRAR', '1201,03', 'VENTA DE BIENES Y SERVICIOS Y DERECHOS ADMINISTRATIVOS', '1201,0303', 'VENTA  DE  SERVICIOS', 'DIAGNOSTICO POR IMÁGENES', 26),
(61, 02, '1.3.34.31', 01, 'FISIOTERAPIA (SERVICIOS DE REHABILITACION ESPECIALIZADA)', 26, '', 1, '', '1201', 'CTAS POR COBRAR', '1201,03', 'VENTA DE BIENES Y SERVICIOS Y DERECHOS ADMINISTRATIVOS', '1201,0303', 'VENTA  DE  SERVICIOS', 'FISIOTERAPIA', 26),
(62, 02, '1.3.34.31', 01, 'FISIOTERAPIA (PSICOTERAPIA)', 26, '', 1, '', '1201', 'CTAS POR COBRAR', '1201,03', 'VENTA DE BIENES Y SERVICIOS Y DERECHOS ADMINISTRATIVOS', '1201,0303', 'VENTA  DE  SERVICIOS', 'FISIOTERAPIA', 26),
(63, 02, '1.3.34.31', 01, 'FISIOTERAPIA (TERAPIA FISICA)', 26, '', 1, '', '1201', 'CTAS POR COBRAR', '1201,03', 'VENTA DE BIENES Y SERVICIOS Y DERECHOS ADMINISTRATIVOS', '1201,0303', 'VENTA  DE  SERVICIOS', 'FISIOTERAPIA', 26),
(64, 02, '1.3.34.31', 01, 'FISIOTERAPIA (TERAPIAS OCUPACIONAL)', 26, '', 1, '', '1201', 'CTAS POR COBRAR', '1201,03', 'VENTA DE BIENES Y SERVICIOS Y DERECHOS ADMINISTRATIVOS', '1201,0303', 'VENTA  DE  SERVICIOS', 'FISIOTERAPIA', 26),
(65, 02, '1.3.34.31', 01, 'FISIOTERAPIA ', 26, '', 1, '', '1201', 'CTAS POR COBRAR', '1201,03', 'VENTA DE BIENES Y SERVICIOS Y DERECHOS ADMINISTRATIVOS', '1201,0303', 'VENTA  DE  SERVICIOS', 'FISIOTERAPIA', 26),
(66, 02, '1.3.34.399', 01, 'OTROS  SERVICIOS  DE  SALUD  ( SERVICIOS DE AMBULANCIA)', 26, '', 1, '', '1201', 'CTAS POR COBRAR', '1201,03', 'VENTA DE BIENES Y SERVICIOS Y DERECHOS ADMINISTRATIVOS', '1201,0303', 'VENTA  DE  SERVICIOS', 'OTROS  SERVICIOS  DE  SALUD', 26),
(67, 02, '1.3.34.399', 01, 'OTROS  SERVICIOS  DE  SALUD  (PSICOPROFILAXIS POR SESION)', 26, '', 1, '', '1201', 'CTAS POR COBRAR', '1201,03', 'VENTA DE BIENES Y SERVICIOS Y DERECHOS ADMINISTRATIVOS', '1201,0303', 'VENTA  DE  SERVICIOS', 'OTROS  SERVICIOS  DE  SALUD', 26),
(68, 02, '1.3.34.399', 01, 'OTROS  SERVICIOS  DE  SALUD  (ESTIMULACIONTEMPRANA POR SESION)', 26, '', 1, '', '1201', 'CTAS POR COBRAR', '1201,03', 'VENTA DE BIENES Y SERVICIOS Y DERECHOS ADMINISTRATIVOS', '1201,0303', 'VENTA  DE  SERVICIOS', 'OTROS  SERVICIOS  DE  SALUD', 26),
(69, 02, '1.3.34.399', 01, 'OTROS  SERVICIOS  DE  SALUD  (PSICOTERAPIA )', 26, '', 1, '', '1201', 'CTAS POR COBRAR', '1201,03', 'VENTA DE BIENES Y SERVICIOS Y DERECHOS ADMINISTRATIVOS', '1201,0303', 'VENTA  DE  SERVICIOS', 'OTROS  SERVICIOS  DE  SALUD', 26),
(70, 02, '1.3.34.399', 01, 'OTROS  SERVICIOS  DE  SALUD  ', 26, '', 1, '', '1201', 'CTAS POR COBRAR', '1201,03', 'VENTA DE BIENES Y SERVICIOS Y DERECHOS ADMINISTRATIVOS', '1201,0303', 'VENTA  DE  SERVICIOS', 'OTROS  SERVICIOS  DE  SALUD', 26),
(71, 02, '1.3.39', 01, 'OTROS INGRESOS POR PRESTACION DE SERVICIOS', 0, '', 1, '', '1201', 'CTAS POR COBRAR', '1201,03', 'VENTA DE BIENES Y SERVICIOS Y DERECHOS ADMINISTRATIVOS', '1201,0303', 'VENTA  DE  SERVICIOS', 'OTROS INGRESOS POR PRESTACION DE SERVICIOS', NULL),
(72, 02, '1.3.39.216', 01, 'SERVICIOS FUNERARIOS Y CEMENTERIOS', 71, '', 1, '', '1201', 'CTAS POR COBRAR', '1201,03', 'VENTA DE BIENES Y SERVICIOS Y DERECHOS ADMINISTRATIVOS', '1201,0303', 'VENTA  DE  SERVICIOS', 'SERVICIOS FUNERARIOS Y CEMENTERIOS', 26),
(73, 02, '1.5.2', 01, 'MULTAS  Y  SANCIONES  NO TRIBUTARIAS', 0, '', 1, '', '1201', 'CTAS POR COBRAR', '1202', 'CUENTAS  POR  COBRAR DIVERSAS', '1202', 'CUENTAS  POR  COBRAR DIVERSAS', 'MULTAS  Y  SANCIONES  NO TRIBUTARIAS', 0),
(74, 02, '1.5.21.62', 01, 'MULTAS A ESTABLECIMIENTOS, FARMACIAS Y OTROS', 73, '', 1, '', '1201', 'CTAS POR COBRAR', '1202', 'CUENTAS  POR  COBRAR DIVERSAS', '1202', 'CUENTAS  POR  COBRAR DIVERSAS', 'MULTAS A ESTABLECIMIENTOS, FARMACIAS Y OTROS', 73),
(75, 02, '1.5.21.699', 01, 'OTRAS  MULTAS  ( PENALIDADES, APELACION )', 73, '', 1, '', '1201', 'CTAS POR COBRAR', '1202', 'CUENTAS  POR  COBRAR DIVERSAS', '1202', 'CUENTAS  POR  COBRAR DIVERSAS', 'OTRAS  MULTAS', 73);

-- --------------------------------------------------------

--
-- Estructura de tabla para la tabla `lcomponente`
--

CREATE TABLE `lcomponente` (
  `LCOMP_ID` int(2) UNSIGNED ZEROFILL NOT NULL,
  `LCOMP_NOMBRE` char(50) DEFAULT NULL,
  `LCOMP_ESTADO` char(18) DEFAULT NULL
) ENGINE=MyISAM DEFAULT CHARSET=latin1;

--
-- Volcado de datos para la tabla `lcomponente`
--

INSERT INTO `lcomponente` (`LCOMP_ID`, `LCOMP_NOMBRE`, `LCOMP_ESTADO`) VALUES
(01, 'MANTENIMIENTO DE FORMATO DE RECAUDACION DIARIA', '1');

-- --------------------------------------------------------

--
-- Estructura de tabla para la tabla `lmes`
--

CREATE TABLE `lmes` (
  `LMES_ID` int(2) UNSIGNED ZEROFILL NOT NULL,
  `LMES_NOMBRE` varchar(50) DEFAULT NULL,
  `LMES_ESTADO` int(11) DEFAULT NULL
) ENGINE=MyISAM DEFAULT CHARSET=latin1;

--
-- Volcado de datos para la tabla `lmes`
--

INSERT INTO `lmes` (`LMES_ID`, `LMES_NOMBRE`, `LMES_ESTADO`) VALUES
(01, 'ENERO', 1),
(02, 'FEBRERO', 1),
(03, 'MARZO', 1),
(04, 'ABRIL', 1),
(05, 'MAYO', 1),
(06, 'JUNIO', 1),
(07, 'JULIO', 1),
(08, 'AGOSTO', 1),
(09, 'SETIEMBRE', 1),
(10, 'OCTUBRE', 1),
(11, 'NOVIEMBRE', 1),
(12, 'DICIEMBRE', 1);

-- --------------------------------------------------------

--
-- Estructura de tabla para la tabla `lrecaudacion`
--

CREATE TABLE `lrecaudacion` (
  `LRECAU_ID` varchar(15) NOT NULL,
  `NESTA_RENAES` int(5) UNSIGNED ZEROFILL DEFAULT NULL,
  `LANIO_ID` int(2) UNSIGNED ZEROFILL DEFAULT NULL,
  `LMES_ID` int(2) UNSIGNED ZEROFILL DEFAULT NULL,
  `LRECAU_FECREC` date DEFAULT NULL,
  `LCOMP_ID` int(2) UNSIGNED ZEROFILL DEFAULT NULL,
  `LRECTIP_ID` int(2) UNSIGNED ZEROFILL DEFAULT NULL,
  `LBOL_INI` varchar(20) DEFAULT NULL,
  `LBOL_FIN` varchar(20) DEFAULT NULL,
  `LCANT` int(11) DEFAULT NULL,
  `LIMP` double(11,2) DEFAULT NULL,
  `FECHA_INGRESO` datetime DEFAULT NULL,
  `LRECAU_ESTADO` char(1) DEFAULT NULL,
  `MUSU_ID` int(11) DEFAULT NULL
) ENGINE=MyISAM DEFAULT CHARSET=latin1;

--
-- Volcado de datos para la tabla `lrecaudacion`
--

INSERT INTO `lrecaudacion` (`LRECAU_ID`, `NESTA_RENAES`, `LANIO_ID`, `LMES_ID`, `LRECAU_FECREC`, `LCOMP_ID`, `LRECTIP_ID`, `LBOL_INI`, `LBOL_FIN`, `LCANT`, `LIMP`, `FECHA_INGRESO`, `LRECAU_ESTADO`, `MUSU_ID`) VALUES
('010218061000000', 00000, 18, 06, '2018-06-10', 01, 02, '90', '99', 270, 190.00, '2018-06-10 18:23:27', '1', 1),
('010118061000000', 00000, 18, 06, '2018-06-10', 01, 01, '90', '99', 90, 10.00, '2018-06-10 18:23:27', '1', 1),
('010118060900000', 00000, 18, 06, '2018-06-09', 01, 01, '44', '444', 9000, 900.00, '2018-06-10 21:44:31', '1', 1),
('010218060900000', 00000, 18, 06, '2018-06-09', 01, 02, '44', '444', 9900, 1800.00, '2018-06-10 21:44:31', '1', 1),
('010118060800000', 00000, 18, 06, '2018-06-08', 01, 01, '11', '111', 111, 1.11, '2018-06-10 22:18:12', '1', 1),
('010218060800000', 00000, 18, 06, '2018-06-08', 01, 02, '1', '11', 126, 22.36, '2018-06-10 22:18:12', '1', 1),
('010118060100000', 00000, 18, 06, '2018-06-01', 01, 01, '1', '11', 90, 0.90, '2018-06-10 22:33:51', '1', 1),
('010218060100000', 00000, 18, 06, '2018-06-01', 01, 02, '1', '11', 720, 96.30, '2018-06-10 22:33:51', '1', 1),
('010118060700000', 00000, 18, 06, '2018-06-07', 01, 01, '5', '55', 5, 5.55, '2018-06-10 23:46:51', '0', 1),
('010218060700000', 00000, 18, 06, '2018-06-07', 01, 02, '5', '55', 15, 666.65, '2018-06-10 23:46:51', '0', 1),
('010118050100000', 00000, 18, 05, '2018-05-01', 01, 01, '12', '122', 90, 90.00, '2018-06-12 13:57:33', '1', 1),
('010218050100000', 00000, 18, 05, '2018-05-01', 01, 02, '123', '1234', 270, 999.00, '2018-06-12 13:57:33', '1', 1),
('010118050200000', 00000, 18, 05, '2018-05-02', 01, 01, '23123', '1231236666', 90, 0.90, '2018-06-12 13:58:12', '0', 1),
('010218050200000', 00000, 18, 05, '2018-05-02', 01, 02, '321312', '31231666', 180, 0.90, '2018-06-12 13:58:12', '0', 1);

-- --------------------------------------------------------

--
-- Estructura de tabla para la tabla `lrecaudacion_deposito`
--

CREATE TABLE `lrecaudacion_deposito` (
  `LRECAU_ID` varchar(15) DEFAULT NULL,
  `LRECAU_VOUCHER` varchar(50) DEFAULT NULL,
  `LRECAU_FECHA` date NOT NULL,
  `LRECAU_MONTO` double(11,2) NOT NULL,
  `LRECAU_ESTADO` char(1) DEFAULT NULL,
  `FECHA_DEPOSITO` datetime DEFAULT NULL,
  `MUSU_ID` int(11) DEFAULT NULL
) ENGINE=MyISAM DEFAULT CHARSET=latin1;

--
-- Volcado de datos para la tabla `lrecaudacion_deposito`
--

INSERT INTO `lrecaudacion_deposito` (`LRECAU_ID`, `LRECAU_VOUCHER`, `LRECAU_FECHA`, `LRECAU_MONTO`, `LRECAU_ESTADO`, `FECHA_DEPOSITO`, `MUSU_ID`) VALUES
('010218061000000', '123', '2018-06-10', 100.00, '1', '2018-06-10 18:58:56', 1),
('010218061000000', '124', '2018-06-10', 90.00, '1', '2018-06-10 18:58:56', 1),
('010118061000000', '111', '2018-06-09', 10.00, '1', '2018-06-10 21:42:25', 1),
('010218060900000', '1111', '2018-06-10', 1800.00, '1', '2018-06-10 21:44:42', 1),
('010118060900000', '1111', '2018-06-10', 900.00, '1', '2018-06-10 21:47:57', 1),
('010218060800000', '12', '2018-06-10', 22.36, '1', '2018-06-10 22:29:58', 1),
('010118060800000', '1', '2018-06-10', 1.11, '1', '2018-06-10 22:31:47', 1),
('010218060100000', 'qwe', '2018-06-10', 96.30, '1', '2018-06-10 23:21:48', 1),
('010118060100000', '90', '2018-06-28', 0.90, '1', '2018-06-10 23:22:37', 1),
('010118050100000', '111', '2018-06-12', 90.00, '1', '2018-06-12 14:04:03', 1),
('010218050100000', '5345435', '2018-05-01', 999.00, '1', '2018-06-12 14:04:38', 1);

-- --------------------------------------------------------

--
-- Estructura de tabla para la tabla `lrecaudacion_detalle`
--

CREATE TABLE `lrecaudacion_detalle` (
  `LRECAU_ID` varchar(15) DEFAULT NULL,
  `LRECTIP_ID` int(2) UNSIGNED ZEROFILL DEFAULT NULL,
  `IDITEM` int(2) DEFAULT NULL,
  `CANTIDAD` int(5) DEFAULT NULL,
  `MONTO` double(11,2) DEFAULT NULL,
  `CELDA` char(5) NOT NULL
) ENGINE=MyISAM DEFAULT CHARSET=latin1;

--
-- Volcado de datos para la tabla `lrecaudacion_detalle`
--

INSERT INTO `lrecaudacion_detalle` (`LRECAU_ID`, `LRECTIP_ID`, `IDITEM`, `CANTIDAD`, `MONTO`, `CELDA`) VALUES
('010218061000000', 02, 67, 0, 0.00, ''),
('010218061000000', 02, 64, 0, 0.00, ''),
('010218061000000', 02, 65, 0, 0.00, ''),
('010218061000000', 02, 66, 0, 0.00, ''),
('010218061000000', 02, 63, 0, 0.00, ''),
('010218061000000', 02, 62, 0, 0.00, ''),
('010218061000000', 02, 61, 0, 0.00, ''),
('010218061000000', 02, 60, 0, 0.00, ''),
('010218061000000', 02, 59, 0, 0.00, ''),
('010218061000000', 02, 58, 0, 0.00, ''),
('010218061000000', 02, 57, 0, 0.00, ''),
('010218061000000', 02, 56, 0, 0.00, ''),
('010218061000000', 02, 55, 0, 0.00, ''),
('010218061000000', 02, 54, 0, 0.00, ''),
('010218061000000', 02, 53, 0, 0.00, ''),
('010218061000000', 02, 52, 0, 0.00, ''),
('010218061000000', 02, 51, 0, 0.00, ''),
('010218061000000', 02, 50, 0, 0.00, ''),
('010218061000000', 02, 49, 0, 0.00, ''),
('010218061000000', 02, 48, 0, 0.00, ''),
('010218061000000', 02, 47, 0, 0.00, ''),
('010218061000000', 02, 46, 0, 0.00, ''),
('010218061000000', 02, 45, 0, 0.00, ''),
('010218061000000', 02, 44, 0, 0.00, ''),
('010218061000000', 02, 43, 0, 0.00, ''),
('010218061000000', 02, 42, 0, 0.00, ''),
('010218061000000', 02, 41, 0, 0.00, ''),
('010218061000000', 02, 40, 0, 0.00, ''),
('010218061000000', 02, 39, 0, 0.00, ''),
('010218061000000', 02, 38, 0, 0.00, ''),
('010218061000000', 02, 37, 0, 0.00, ''),
('010218061000000', 02, 36, 0, 0.00, ''),
('010218061000000', 02, 35, 0, 0.00, ''),
('010218061000000', 02, 34, 0, 0.00, ''),
('010218061000000', 02, 33, 0, 0.00, ''),
('010218061000000', 02, 32, 0, 0.00, ''),
('010218061000000', 02, 31, 0, 0.00, ''),
('010218061000000', 02, 30, 0, 0.00, ''),
('010218061000000', 02, 29, 0, 0.00, ''),
('010218061000000', 02, 28, 0, 0.00, ''),
('010218061000000', 02, 27, 0, 0.00, ''),
('010218061000000', 02, 26, 0, 0.00, ''),
('010218061000000', 02, 25, 0, 0.00, ''),
('010218061000000', 02, 24, 0, 0.00, ''),
('010218061000000', 02, 23, 0, 0.00, ''),
('010218061000000', 02, 22, 0, 0.00, ''),
('010218061000000', 02, 21, 0, 0.00, ''),
('010218061000000', 02, 20, 0, 0.00, ''),
('010218061000000', 02, 19, 0, 0.00, ''),
('010218061000000', 02, 18, 0, 0.00, ''),
('010218061000000', 02, 17, 0, 0.00, ''),
('010218061000000', 02, 16, 0, 0.00, ''),
('010218061000000', 02, 15, 0, 0.00, ''),
('010218061000000', 02, 14, 0, 0.00, ''),
('010218061000000', 02, 13, 0, 0.00, ''),
('010218061000000', 02, 12, 0, 0.00, ''),
('010218061000000', 02, 11, 0, 0.00, ''),
('010218061000000', 02, 10, 0, 0.00, ''),
('010218061000000', 02, 9, 0, 0.00, ''),
('010218061000000', 02, 8, 90, 90.00, ''),
('010218061000000', 02, 7, 90, 90.00, ''),
('010218061000000', 02, 6, 90, 90.00, ''),
('010218061000000', 02, 5, 90, 90.00, ''),
('010118061000000', 01, 4, 90, 10.00, ''),
('010118061000000', 01, 3, 90, 10.00, ''),
('010218061000000', 02, 2, 90, 10.00, ''),
('010218061000000', 02, 1, 90, 10.00, ''),
('010218061000000', 02, 68, 0, 0.00, ''),
('010218061000000', 02, 69, 0, 0.00, ''),
('010218061000000', 02, 70, 0, 0.00, ''),
('010218061000000', 02, 71, 0, 0.00, ''),
('010218061000000', 02, 72, 0, 0.00, ''),
('010218061000000', 02, 73, 0, 0.00, ''),
('010218061000000', 02, 74, 0, 0.00, ''),
('010218061000000', 02, 75, 0, 0.00, ''),
('010218060900000', 02, 1, 9000, 900.00, ''),
('010218060900000', 02, 2, 9000, 900.00, ''),
('010118060900000', 01, 3, 9000, 900.00, ''),
('010118060900000', 01, 4, 9000, 900.00, ''),
('010218060900000', 02, 5, 900, 900.00, ''),
('010218060900000', 02, 6, 900, 900.00, ''),
('010218060900000', 02, 7, 0, 0.00, ''),
('010218060900000', 02, 8, 0, 0.00, ''),
('010218060900000', 02, 9, 0, 0.00, ''),
('010218060900000', 02, 10, 0, 0.00, ''),
('010218060900000', 02, 11, 0, 0.00, ''),
('010218060900000', 02, 12, 0, 0.00, ''),
('010218060900000', 02, 13, 0, 0.00, ''),
('010218060900000', 02, 14, 0, 0.00, ''),
('010218060900000', 02, 15, 0, 0.00, ''),
('010218060900000', 02, 16, 0, 0.00, ''),
('010218060900000', 02, 17, 0, 0.00, ''),
('010218060900000', 02, 18, 0, 0.00, ''),
('010218060900000', 02, 19, 0, 0.00, ''),
('010218060900000', 02, 20, 0, 0.00, ''),
('010218060900000', 02, 21, 0, 0.00, ''),
('010218060900000', 02, 22, 0, 0.00, ''),
('010218060900000', 02, 23, 0, 0.00, ''),
('010218060900000', 02, 24, 0, 0.00, ''),
('010218060900000', 02, 25, 0, 0.00, ''),
('010218060900000', 02, 26, 0, 0.00, ''),
('010218060900000', 02, 27, 0, 0.00, ''),
('010218060900000', 02, 28, 0, 0.00, ''),
('010218060900000', 02, 29, 0, 0.00, ''),
('010218060900000', 02, 30, 0, 0.00, ''),
('010218060900000', 02, 31, 0, 0.00, ''),
('010218060900000', 02, 32, 0, 0.00, ''),
('010218060900000', 02, 33, 0, 0.00, ''),
('010218060900000', 02, 34, 0, 0.00, ''),
('010218060900000', 02, 35, 0, 0.00, ''),
('010218060900000', 02, 36, 0, 0.00, ''),
('010218060900000', 02, 37, 0, 0.00, ''),
('010218060900000', 02, 38, 0, 0.00, ''),
('010218060900000', 02, 39, 0, 0.00, ''),
('010218060900000', 02, 40, 0, 0.00, ''),
('010218060900000', 02, 41, 0, 0.00, ''),
('010218060900000', 02, 42, 0, 0.00, ''),
('010218060900000', 02, 43, 0, 0.00, ''),
('010218060900000', 02, 44, 0, 0.00, ''),
('010218060900000', 02, 45, 0, 0.00, ''),
('010218060900000', 02, 46, 0, 0.00, ''),
('010218060900000', 02, 47, 0, 0.00, ''),
('010218060900000', 02, 48, 0, 0.00, ''),
('010218060900000', 02, 49, 0, 0.00, ''),
('010218060900000', 02, 50, 0, 0.00, ''),
('010218060900000', 02, 51, 0, 0.00, ''),
('010218060900000', 02, 52, 0, 0.00, ''),
('010218060900000', 02, 53, 0, 0.00, ''),
('010218060900000', 02, 54, 0, 0.00, ''),
('010218060900000', 02, 55, 0, 0.00, ''),
('010218060900000', 02, 56, 0, 0.00, ''),
('010218060900000', 02, 57, 0, 0.00, ''),
('010218060900000', 02, 58, 0, 0.00, ''),
('010218060900000', 02, 59, 0, 0.00, ''),
('010218060900000', 02, 60, 0, 0.00, ''),
('010218060900000', 02, 61, 0, 0.00, ''),
('010218060900000', 02, 62, 0, 0.00, ''),
('010218060900000', 02, 63, 0, 0.00, ''),
('010218060900000', 02, 64, 0, 0.00, ''),
('010218060900000', 02, 65, 0, 0.00, ''),
('010218060900000', 02, 66, 0, 0.00, ''),
('010218060900000', 02, 67, 0, 0.00, ''),
('010218060900000', 02, 68, 0, 0.00, ''),
('010218060900000', 02, 69, 0, 0.00, ''),
('010218060900000', 02, 70, 0, 0.00, ''),
('010218060900000', 02, 71, 0, 0.00, ''),
('010218060900000', 02, 72, 0, 0.00, ''),
('010218060900000', 02, 73, 0, 0.00, ''),
('010218060900000', 02, 74, 0, 0.00, ''),
('010218060900000', 02, 75, 0, 0.00, ''),
('010218060800000', 02, 1, 11, 11.11, ''),
('010218060800000', 02, 2, 11, 11.11, ''),
('010118060800000', 01, 3, 111, 1.11, ''),
('010118060800000', 01, 4, 111, 1.11, ''),
('010218060800000', 02, 5, 111, 11.11, ''),
('010218060800000', 02, 6, 111, 11.11, ''),
('010218060800000', 02, 7, 4, 0.14, ''),
('010218060800000', 02, 8, 1, 0.11, ''),
('010218060800000', 02, 9, 1, 0.01, ''),
('010218060800000', 02, 10, 1, 0.01, ''),
('010218060800000', 02, 11, 1, 0.01, ''),
('010218060800000', 02, 12, 0, 0.00, ''),
('010218060800000', 02, 13, 0, 0.00, ''),
('010218060800000', 02, 14, 0, 0.00, ''),
('010218060800000', 02, 15, 0, 0.00, ''),
('010218060800000', 02, 16, 0, 0.00, ''),
('010218060800000', 02, 17, 0, 0.00, ''),
('010218060800000', 02, 18, 0, 0.00, ''),
('010218060800000', 02, 19, 0, 0.00, ''),
('010218060800000', 02, 20, 0, 0.00, ''),
('010218060800000', 02, 21, 0, 0.00, ''),
('010218060800000', 02, 22, 0, 0.00, ''),
('010218060800000', 02, 23, 0, 0.00, ''),
('010218060800000', 02, 24, 0, 0.00, ''),
('010218060800000', 02, 25, 0, 0.00, ''),
('010218060800000', 02, 26, 0, 0.00, ''),
('010218060800000', 02, 27, 0, 0.00, ''),
('010218060800000', 02, 28, 0, 0.00, ''),
('010218060800000', 02, 29, 0, 0.00, ''),
('010218060800000', 02, 30, 0, 0.00, ''),
('010218060800000', 02, 31, 0, 0.00, ''),
('010218060800000', 02, 32, 0, 0.00, ''),
('010218060800000', 02, 33, 0, 0.00, ''),
('010218060800000', 02, 34, 0, 0.00, ''),
('010218060800000', 02, 35, 0, 0.00, ''),
('010218060800000', 02, 36, 0, 0.00, ''),
('010218060800000', 02, 37, 0, 0.00, ''),
('010218060800000', 02, 38, 0, 0.00, ''),
('010218060800000', 02, 39, 0, 0.00, ''),
('010218060800000', 02, 40, 0, 0.00, ''),
('010218060800000', 02, 41, 0, 0.00, ''),
('010218060800000', 02, 42, 0, 0.00, ''),
('010218060800000', 02, 43, 0, 0.00, ''),
('010218060800000', 02, 44, 0, 0.00, ''),
('010218060800000', 02, 45, 0, 0.00, ''),
('010218060800000', 02, 46, 0, 0.00, ''),
('010218060800000', 02, 47, 0, 0.00, ''),
('010218060800000', 02, 48, 0, 0.00, ''),
('010218060800000', 02, 49, 0, 0.00, ''),
('010218060800000', 02, 50, 0, 0.00, ''),
('010218060800000', 02, 51, 0, 0.00, ''),
('010218060800000', 02, 52, 0, 0.00, ''),
('010218060800000', 02, 53, 0, 0.00, ''),
('010218060800000', 02, 54, 0, 0.00, ''),
('010218060800000', 02, 55, 0, 0.00, ''),
('010218060800000', 02, 56, 0, 0.00, ''),
('010218060800000', 02, 57, 0, 0.00, ''),
('010218060800000', 02, 58, 0, 0.00, ''),
('010218060800000', 02, 59, 0, 0.00, ''),
('010218060800000', 02, 60, 0, 0.00, ''),
('010218060800000', 02, 61, 0, 0.00, ''),
('010218060800000', 02, 62, 0, 0.00, ''),
('010218060800000', 02, 63, 0, 0.00, ''),
('010218060800000', 02, 64, 0, 0.00, ''),
('010218060800000', 02, 65, 0, 0.00, ''),
('010218060800000', 02, 66, 0, 0.00, ''),
('010218060800000', 02, 67, 0, 0.00, ''),
('010218060800000', 02, 68, 0, 0.00, ''),
('010218060800000', 02, 69, 0, 0.00, ''),
('010218060800000', 02, 70, 0, 0.00, ''),
('010218060800000', 02, 71, 0, 0.00, ''),
('010218060800000', 02, 72, 0, 0.00, ''),
('010218060800000', 02, 73, 0, 0.00, ''),
('010218060800000', 02, 74, 0, 0.00, ''),
('010218060800000', 02, 75, 0, 0.00, ''),
('010218060100000', 02, 1, 90, 0.90, ''),
('010218060100000', 02, 2, 90, 0.90, ''),
('010118060100000', 01, 3, 90, 0.90, ''),
('010118060100000', 01, 4, 90, 0.90, ''),
('010218060100000', 02, 5, 90, 0.90, ''),
('010218060100000', 02, 6, 90, 0.90, ''),
('010218060100000', 02, 7, 540, 94.50, ''),
('010218060100000', 02, 8, 90, 0.90, ''),
('010218060100000', 02, 9, 90, 0.90, ''),
('010218060100000', 02, 10, 90, 0.90, ''),
('010218060100000', 02, 11, 90, 0.90, ''),
('010218060100000', 02, 12, 90, 0.90, ''),
('010218060100000', 02, 13, 90, 90.00, ''),
('010218060100000', 02, 14, 0, 0.00, ''),
('010218060100000', 02, 15, 0, 0.00, ''),
('010218060100000', 02, 16, 0, 0.00, ''),
('010218060100000', 02, 17, 0, 0.00, ''),
('010218060100000', 02, 18, 0, 0.00, ''),
('010218060100000', 02, 19, 0, 0.00, ''),
('010218060100000', 02, 20, 0, 0.00, ''),
('010218060100000', 02, 21, 0, 0.00, ''),
('010218060100000', 02, 22, 0, 0.00, ''),
('010218060100000', 02, 23, 0, 0.00, ''),
('010218060100000', 02, 24, 0, 0.00, ''),
('010218060100000', 02, 25, 0, 0.00, ''),
('010218060100000', 02, 26, 0, 0.00, ''),
('010218060100000', 02, 27, 0, 0.00, ''),
('010218060100000', 02, 28, 0, 0.00, ''),
('010218060100000', 02, 29, 0, 0.00, ''),
('010218060100000', 02, 30, 0, 0.00, ''),
('010218060100000', 02, 31, 0, 0.00, ''),
('010218060100000', 02, 32, 0, 0.00, ''),
('010218060100000', 02, 33, 0, 0.00, ''),
('010218060100000', 02, 34, 0, 0.00, ''),
('010218060100000', 02, 35, 0, 0.00, ''),
('010218060100000', 02, 36, 0, 0.00, ''),
('010218060100000', 02, 37, 0, 0.00, ''),
('010218060100000', 02, 38, 0, 0.00, ''),
('010218060100000', 02, 39, 0, 0.00, ''),
('010218060100000', 02, 40, 0, 0.00, ''),
('010218060100000', 02, 41, 0, 0.00, ''),
('010218060100000', 02, 42, 0, 0.00, ''),
('010218060100000', 02, 43, 0, 0.00, ''),
('010218060100000', 02, 44, 0, 0.00, ''),
('010218060100000', 02, 45, 0, 0.00, ''),
('010218060100000', 02, 46, 0, 0.00, ''),
('010218060100000', 02, 47, 0, 0.00, ''),
('010218060100000', 02, 48, 0, 0.00, ''),
('010218060100000', 02, 49, 0, 0.00, ''),
('010218060100000', 02, 50, 0, 0.00, ''),
('010218060100000', 02, 51, 0, 0.00, ''),
('010218060100000', 02, 52, 0, 0.00, ''),
('010218060100000', 02, 53, 0, 0.00, ''),
('010218060100000', 02, 54, 0, 0.00, ''),
('010218060100000', 02, 55, 0, 0.00, ''),
('010218060100000', 02, 56, 0, 0.00, ''),
('010218060100000', 02, 57, 0, 0.00, ''),
('010218060100000', 02, 58, 0, 0.00, ''),
('010218060100000', 02, 59, 0, 0.00, ''),
('010218060100000', 02, 60, 0, 0.00, ''),
('010218060100000', 02, 61, 0, 0.00, ''),
('010218060100000', 02, 62, 0, 0.00, ''),
('010218060100000', 02, 63, 0, 0.00, ''),
('010218060100000', 02, 64, 0, 0.00, ''),
('010218060100000', 02, 65, 0, 0.00, ''),
('010218060100000', 02, 66, 0, 0.00, ''),
('010218060100000', 02, 67, 0, 0.00, ''),
('010218060100000', 02, 68, 0, 0.00, ''),
('010218060100000', 02, 69, 0, 0.00, ''),
('010218060100000', 02, 70, 0, 0.00, ''),
('010218060100000', 02, 71, 0, 0.00, ''),
('010218060100000', 02, 72, 0, 0.00, ''),
('010218060100000', 02, 73, 0, 0.00, ''),
('010218060100000', 02, 74, 0, 0.00, ''),
('010218060100000', 02, 75, 0, 0.00, ''),
('010218060700000', 02, 1, 5, 55.55, ''),
('010218060700000', 02, 2, 5, 55.55, ''),
('010118060700000', 01, 3, 5, 5.55, ''),
('010118060700000', 01, 4, 5, 5.55, ''),
('010218060700000', 02, 5, 5, 55.55, ''),
('010218060700000', 02, 6, 5, 55.55, ''),
('010218060700000', 02, 7, 5, 555.55, ''),
('010218060700000', 02, 8, 5, 555.55, ''),
('010218060700000', 02, 9, 0, 0.00, ''),
('010218060700000', 02, 10, 0, 0.00, ''),
('010218060700000', 02, 11, 0, 0.00, ''),
('010218060700000', 02, 12, 0, 0.00, ''),
('010218060700000', 02, 13, 0, 0.00, ''),
('010218060700000', 02, 14, 0, 0.00, ''),
('010218060700000', 02, 15, 0, 0.00, ''),
('010218060700000', 02, 16, 0, 0.00, ''),
('010218060700000', 02, 17, 0, 0.00, ''),
('010218060700000', 02, 18, 0, 0.00, ''),
('010218060700000', 02, 19, 0, 0.00, ''),
('010218060700000', 02, 20, 0, 0.00, ''),
('010218060700000', 02, 21, 0, 0.00, ''),
('010218060700000', 02, 22, 0, 0.00, ''),
('010218060700000', 02, 23, 0, 0.00, ''),
('010218060700000', 02, 24, 0, 0.00, ''),
('010218060700000', 02, 25, 0, 0.00, ''),
('010218060700000', 02, 26, 0, 0.00, ''),
('010218060700000', 02, 27, 0, 0.00, ''),
('010218060700000', 02, 28, 0, 0.00, ''),
('010218060700000', 02, 29, 0, 0.00, ''),
('010218060700000', 02, 30, 0, 0.00, ''),
('010218060700000', 02, 31, 0, 0.00, ''),
('010218060700000', 02, 32, 0, 0.00, ''),
('010218060700000', 02, 33, 0, 0.00, ''),
('010218060700000', 02, 34, 0, 0.00, ''),
('010218060700000', 02, 35, 0, 0.00, ''),
('010218060700000', 02, 36, 0, 0.00, ''),
('010218060700000', 02, 37, 0, 0.00, ''),
('010218060700000', 02, 38, 0, 0.00, ''),
('010218060700000', 02, 39, 0, 0.00, ''),
('010218060700000', 02, 40, 0, 0.00, ''),
('010218060700000', 02, 41, 0, 0.00, ''),
('010218060700000', 02, 42, 0, 0.00, ''),
('010218060700000', 02, 43, 0, 0.00, ''),
('010218060700000', 02, 44, 0, 0.00, ''),
('010218060700000', 02, 45, 0, 0.00, ''),
('010218060700000', 02, 46, 0, 0.00, ''),
('010218060700000', 02, 47, 0, 0.00, ''),
('010218060700000', 02, 48, 0, 0.00, ''),
('010218060700000', 02, 49, 0, 0.00, ''),
('010218060700000', 02, 50, 0, 0.00, ''),
('010218060700000', 02, 51, 0, 0.00, ''),
('010218060700000', 02, 52, 0, 0.00, ''),
('010218060700000', 02, 53, 0, 0.00, ''),
('010218060700000', 02, 54, 0, 0.00, ''),
('010218060700000', 02, 55, 0, 0.00, ''),
('010218060700000', 02, 56, 0, 0.00, ''),
('010218060700000', 02, 57, 0, 0.00, ''),
('010218060700000', 02, 58, 0, 0.00, ''),
('010218060700000', 02, 59, 0, 0.00, ''),
('010218060700000', 02, 60, 0, 0.00, ''),
('010218060700000', 02, 61, 0, 0.00, ''),
('010218060700000', 02, 62, 0, 0.00, ''),
('010218060700000', 02, 63, 0, 0.00, ''),
('010218060700000', 02, 64, 0, 0.00, ''),
('010218060700000', 02, 65, 0, 0.00, ''),
('010218060700000', 02, 66, 0, 0.00, ''),
('010218060700000', 02, 67, 0, 0.00, ''),
('010218060700000', 02, 68, 0, 0.00, ''),
('010218060700000', 02, 69, 0, 0.00, ''),
('010218060700000', 02, 70, 0, 0.00, ''),
('010218060700000', 02, 71, 0, 0.00, ''),
('010218060700000', 02, 72, 0, 0.00, ''),
('010218060700000', 02, 73, 0, 0.00, ''),
('010218060700000', 02, 74, 0, 0.00, ''),
('010218060700000', 02, 75, 0, 0.00, ''),
('010218050100000', 02, 1, 90, 9.00, ''),
('010218050100000', 02, 2, 90, 9.00, ''),
('010118050100000', 01, 3, 90, 90.00, ''),
('010118050100000', 01, 4, 90, 90.00, ''),
('010218050100000', 02, 5, 90, 90.00, ''),
('010218050100000', 02, 6, 90, 90.00, ''),
('010218050100000', 02, 7, 90, 900.00, ''),
('010218050100000', 02, 8, 90, 900.00, ''),
('010218050100000', 02, 9, 0, 0.00, ''),
('010218050100000', 02, 10, 0, 0.00, ''),
('010218050100000', 02, 11, 0, 0.00, ''),
('010218050100000', 02, 12, 0, 0.00, ''),
('010218050100000', 02, 13, 0, 0.00, ''),
('010218050100000', 02, 14, 0, 0.00, ''),
('010218050100000', 02, 15, 0, 0.00, ''),
('010218050100000', 02, 16, 0, 0.00, ''),
('010218050100000', 02, 17, 0, 0.00, ''),
('010218050100000', 02, 18, 0, 0.00, ''),
('010218050100000', 02, 19, 0, 0.00, ''),
('010218050100000', 02, 20, 0, 0.00, ''),
('010218050100000', 02, 21, 0, 0.00, ''),
('010218050100000', 02, 22, 0, 0.00, ''),
('010218050100000', 02, 23, 0, 0.00, ''),
('010218050100000', 02, 24, 0, 0.00, ''),
('010218050100000', 02, 25, 0, 0.00, ''),
('010218050100000', 02, 26, 0, 0.00, ''),
('010218050100000', 02, 27, 0, 0.00, ''),
('010218050100000', 02, 28, 0, 0.00, ''),
('010218050100000', 02, 29, 0, 0.00, ''),
('010218050100000', 02, 30, 0, 0.00, ''),
('010218050100000', 02, 31, 0, 0.00, ''),
('010218050100000', 02, 32, 0, 0.00, ''),
('010218050100000', 02, 33, 0, 0.00, ''),
('010218050100000', 02, 34, 0, 0.00, ''),
('010218050100000', 02, 35, 0, 0.00, ''),
('010218050100000', 02, 36, 0, 0.00, ''),
('010218050100000', 02, 37, 0, 0.00, ''),
('010218050100000', 02, 38, 0, 0.00, ''),
('010218050100000', 02, 39, 0, 0.00, ''),
('010218050100000', 02, 40, 0, 0.00, ''),
('010218050100000', 02, 41, 0, 0.00, ''),
('010218050100000', 02, 42, 0, 0.00, ''),
('010218050100000', 02, 43, 0, 0.00, ''),
('010218050100000', 02, 44, 0, 0.00, ''),
('010218050100000', 02, 45, 0, 0.00, ''),
('010218050100000', 02, 46, 0, 0.00, ''),
('010218050100000', 02, 47, 0, 0.00, ''),
('010218050100000', 02, 48, 0, 0.00, ''),
('010218050100000', 02, 49, 0, 0.00, ''),
('010218050100000', 02, 50, 0, 0.00, ''),
('010218050100000', 02, 51, 0, 0.00, ''),
('010218050100000', 02, 52, 0, 0.00, ''),
('010218050100000', 02, 53, 0, 0.00, ''),
('010218050100000', 02, 54, 0, 0.00, ''),
('010218050100000', 02, 55, 0, 0.00, ''),
('010218050100000', 02, 56, 0, 0.00, ''),
('010218050100000', 02, 57, 0, 0.00, ''),
('010218050100000', 02, 58, 0, 0.00, ''),
('010218050100000', 02, 59, 0, 0.00, ''),
('010218050100000', 02, 60, 0, 0.00, ''),
('010218050100000', 02, 61, 0, 0.00, ''),
('010218050100000', 02, 62, 0, 0.00, ''),
('010218050100000', 02, 63, 0, 0.00, ''),
('010218050100000', 02, 64, 0, 0.00, ''),
('010218050100000', 02, 65, 0, 0.00, ''),
('010218050100000', 02, 66, 0, 0.00, ''),
('010218050100000', 02, 67, 0, 0.00, ''),
('010218050100000', 02, 68, 0, 0.00, ''),
('010218050100000', 02, 69, 0, 0.00, ''),
('010218050100000', 02, 70, 0, 0.00, ''),
('010218050100000', 02, 71, 0, 0.00, ''),
('010218050100000', 02, 72, 0, 0.00, ''),
('010218050100000', 02, 73, 0, 0.00, ''),
('010218050100000', 02, 74, 0, 0.00, ''),
('010218050100000', 02, 75, 0, 0.00, ''),
('010218050200000', 02, 1, 90, 0.90, ''),
('010218050200000', 02, 2, 90, 0.90, ''),
('010118050200000', 01, 3, 90, 0.90, ''),
('010118050200000', 01, 4, 90, 0.90, ''),
('010218050200000', 02, 5, 90, 0.00, ''),
('010218050200000', 02, 6, 90, 0.00, ''),
('010218050200000', 02, 7, 0, 0.00, ''),
('010218050200000', 02, 8, 0, 0.00, ''),
('010218050200000', 02, 9, 0, 0.00, ''),
('010218050200000', 02, 10, 0, 0.00, ''),
('010218050200000', 02, 11, 0, 0.00, ''),
('010218050200000', 02, 12, 0, 0.00, ''),
('010218050200000', 02, 13, 0, 0.00, ''),
('010218050200000', 02, 14, 0, 0.00, ''),
('010218050200000', 02, 15, 0, 0.00, ''),
('010218050200000', 02, 16, 0, 0.00, ''),
('010218050200000', 02, 17, 0, 0.00, ''),
('010218050200000', 02, 18, 0, 0.00, ''),
('010218050200000', 02, 19, 0, 0.00, ''),
('010218050200000', 02, 20, 0, 0.00, ''),
('010218050200000', 02, 21, 0, 0.00, ''),
('010218050200000', 02, 22, 0, 0.00, ''),
('010218050200000', 02, 23, 0, 0.00, ''),
('010218050200000', 02, 24, 0, 0.00, ''),
('010218050200000', 02, 25, 0, 0.00, ''),
('010218050200000', 02, 26, 0, 0.00, ''),
('010218050200000', 02, 27, 0, 0.00, ''),
('010218050200000', 02, 28, 0, 0.00, ''),
('010218050200000', 02, 29, 0, 0.00, ''),
('010218050200000', 02, 30, 0, 0.00, ''),
('010218050200000', 02, 31, 0, 0.00, ''),
('010218050200000', 02, 32, 0, 0.00, ''),
('010218050200000', 02, 33, 0, 0.00, ''),
('010218050200000', 02, 34, 0, 0.00, ''),
('010218050200000', 02, 35, 0, 0.00, ''),
('010218050200000', 02, 36, 0, 0.00, ''),
('010218050200000', 02, 37, 0, 0.00, ''),
('010218050200000', 02, 38, 0, 0.00, ''),
('010218050200000', 02, 39, 0, 0.00, ''),
('010218050200000', 02, 40, 0, 0.00, ''),
('010218050200000', 02, 41, 0, 0.00, ''),
('010218050200000', 02, 42, 0, 0.00, ''),
('010218050200000', 02, 43, 0, 0.00, ''),
('010218050200000', 02, 44, 0, 0.00, ''),
('010218050200000', 02, 45, 0, 0.00, ''),
('010218050200000', 02, 46, 0, 0.00, ''),
('010218050200000', 02, 47, 0, 0.00, ''),
('010218050200000', 02, 48, 0, 0.00, ''),
('010218050200000', 02, 49, 0, 0.00, ''),
('010218050200000', 02, 50, 0, 0.00, ''),
('010218050200000', 02, 51, 0, 0.00, ''),
('010218050200000', 02, 52, 0, 0.00, ''),
('010218050200000', 02, 53, 0, 0.00, ''),
('010218050200000', 02, 54, 0, 0.00, ''),
('010218050200000', 02, 55, 0, 0.00, ''),
('010218050200000', 02, 56, 0, 0.00, ''),
('010218050200000', 02, 57, 0, 0.00, ''),
('010218050200000', 02, 58, 0, 0.00, ''),
('010218050200000', 02, 59, 0, 0.00, ''),
('010218050200000', 02, 60, 0, 0.00, ''),
('010218050200000', 02, 61, 0, 0.00, ''),
('010218050200000', 02, 62, 0, 0.00, ''),
('010218050200000', 02, 63, 0, 0.00, ''),
('010218050200000', 02, 64, 0, 0.00, ''),
('010218050200000', 02, 65, 0, 0.00, ''),
('010218050200000', 02, 66, 0, 0.00, ''),
('010218050200000', 02, 67, 0, 0.00, ''),
('010218050200000', 02, 68, 0, 0.00, ''),
('010218050200000', 02, 69, 0, 0.00, ''),
('010218050200000', 02, 70, 0, 0.00, ''),
('010218050200000', 02, 71, 0, 0.00, ''),
('010218050200000', 02, 72, 0, 0.00, ''),
('010218050200000', 02, 73, 0, 0.00, ''),
('010218050200000', 02, 74, 0, 0.00, ''),
('010218050200000', 02, 75, 0, 0.00, '');

-- --------------------------------------------------------

--
-- Estructura de tabla para la tabla `lrecaudacion_tipo`
--

CREATE TABLE `lrecaudacion_tipo` (
  `LRECTIP_ID` int(2) UNSIGNED ZEROFILL NOT NULL,
  `LRECTIP_NOMBRE` varchar(50) DEFAULT NULL,
  `LRECTIP_ALIAS` varchar(50) DEFAULT NULL,
  `LRECTIP_ESTADO` int(11) DEFAULT NULL
) ENGINE=MyISAM DEFAULT CHARSET=latin1;

--
-- Volcado de datos para la tabla `lrecaudacion_tipo`
--

INSERT INTO `lrecaudacion_tipo` (`LRECTIP_ID`, `LRECTIP_NOMBRE`, `LRECTIP_ALIAS`, `LRECTIP_ESTADO`) VALUES
(01, 'MEDICAMENTOS', 'SISMED', 1),
(02, 'RECURSOS DIRECTAMENTE RECAUDADOS', 'R.D.R', 1);

-- --------------------------------------------------------

--
-- Estructura de tabla para la tabla `lreporte`
--

CREATE TABLE `lreporte` (
  `LREP_ID` int(2) UNSIGNED ZEROFILL DEFAULT NULL,
  `LREP_NOMBRE` varchar(50) DEFAULT NULL,
  `LREP_ESTADO` char(1) DEFAULT NULL
) ENGINE=MyISAM DEFAULT CHARSET=latin1;

--
-- Volcado de datos para la tabla `lreporte`
--

INSERT INTO `lreporte` (`LREP_ID`, `LREP_NOMBRE`, `LREP_ESTADO`) VALUES
(01, 'REPORTE DE BOLETAS DEPOSITADAS DIARIAS', '1'),
(02, 'REPORTE DE BOLETAS DEPOSITADAS RESUMEN', '1'),
(03, 'REPORTE DE REGISTRO DE RECAUDACION', '1'),
(04, 'REPORTE DE RECIBO DE INGRESOS', '1'),
(05, 'REPORTE DE CONSOLIDADO DE RECUDACION POR DEPOSITO', '1');

-- --------------------------------------------------------

--
-- Estructura de tabla para la tabla `mauditor`
--

CREATE TABLE `mauditor` (
  `MAUD_ID` int(11) NOT NULL,
  `MUSU_ID` int(11) DEFAULT NULL,
  `MAUD_FECREG` date DEFAULT NULL,
  `MAUD_ESTADO` varchar(50) DEFAULT NULL
) ENGINE=MyISAM DEFAULT CHARSET=latin1;

-- --------------------------------------------------------

--
-- Estructura de tabla para la tabla `mobjeto`
--

CREATE TABLE `mobjeto` (
  `MOBJ_ID` int(2) UNSIGNED ZEROFILL NOT NULL,
  `MOBJ_ALIAS` varchar(50) DEFAULT NULL,
  `MOBJ_NOMBRE` varchar(50) DEFAULT NULL,
  `MOBJ_ENLACE` varchar(50) DEFAULT NULL,
  `MOBJ_ICON` varchar(50) DEFAULT NULL,
  `MOBJ_PADRE` int(2) UNSIGNED ZEROFILL DEFAULT NULL,
  `MOBJ_ORDEN` int(11) DEFAULT NULL,
  `MOBJ_ESTADO` int(11) DEFAULT NULL
) ENGINE=MyISAM DEFAULT CHARSET=latin1;

--
-- Volcado de datos para la tabla `mobjeto`
--

INSERT INTO `mobjeto` (`MOBJ_ID`, `MOBJ_ALIAS`, `MOBJ_NOMBRE`, `MOBJ_ENLACE`, `MOBJ_ICON`, `MOBJ_PADRE`, `MOBJ_ORDEN`, `MOBJ_ESTADO`) VALUES
(01, 'Formato', 'Formatos', '', 'fa fa-angle-right', 00, 1, 1),
(02, 'Rec_diaria', 'Ingresar Recaudación', 'formato', 'fa fa-edit', 01, 1, 1),
(04, 'Reportes', 'Reportes', '', 'fa fa-angle-right', 00, 2, 1),
(05, 'Rep_general', 'Reporte General', 'reportegeneral', 'fa fa-table', 04, 1, 1),
(06, 'Cons_reg', 'Consulta Registro', 'consultaregistros', 'fa fa-neuter', 04, 2, 1),
(07, 'Mantenimiento', 'Mantenimiento', '', 'fa fa-angle-right', 00, 3, 1),
(08, 'Dat_usu', 'Datos de Usuario', 'perfil', 'fa fa-pencil', 07, 1, 1),
(09, 'Perf', 'Perfiles', 'perfiles', 'fa fa-paperclip', 07, 2, 1),
(10, 'Usuario', 'Usuario', 'usuario&mode=load', 'fa fa-user', 07, 3, 1),
(03, 'All_Rec', 'Ingresar Depósito', 'todosformatos', 'fa fa-list-alt', 01, 2, 1),
(11, 'Graficos', 'Estadisticas', 'estadisticas', 'fa fa-table', 04, 3, 1),
(12, 'procesar planillon', 'Procesar reportes', 'procesar', 'fa fa-table', 07, 4, 1);

-- --------------------------------------------------------

--
-- Estructura de tabla para la tabla `mperfil`
--

CREATE TABLE `mperfil` (
  `MPERF_ID` int(2) UNSIGNED ZEROFILL NOT NULL,
  `MPERF_ROL` varchar(50) DEFAULT NULL,
  `MPERF_NOMBRE` varchar(50) DEFAULT NULL,
  `MPERF_DESCRIPCION` varchar(250) DEFAULT NULL,
  `MPERF_FECIN` datetime DEFAULT NULL,
  `MPERF_HOST` varchar(20) DEFAULT NULL,
  `MPERF_USERIN` varchar(50) DEFAULT NULL,
  `MPERF_ESTADO` int(11) UNSIGNED DEFAULT NULL
) ENGINE=MyISAM DEFAULT CHARSET=latin1;

--
-- Volcado de datos para la tabla `mperfil`
--

INSERT INTO `mperfil` (`MPERF_ID`, `MPERF_ROL`, `MPERF_NOMBRE`, `MPERF_DESCRIPCION`, `MPERF_FECIN`, `MPERF_HOST`, `MPERF_USERIN`, `MPERF_ESTADO`) VALUES
(01, 'ADMINISTRADOR DE SISTEMAS', 'ADMINISTRADOR DE SISTEMAS', 'ADMINISTRADOR CON ACCESO TOTAL DEL SISTEMA', '2018-06-12 12:51:22', '172.16.20.19', 'jivancplml@gmail.com', 1),
(02, 'ADMINISTRADOR DE TESORERIA', 'ADMINISTRADOR DE TESORERIA', 'ADMINISTRADOR CON ACCESO  DEL SISTEMA A NIVEL DE DIRIS LIMA NORTE', '2018-05-13 16:25:29', '192.168.0.150', 'jivancplml@gmail.com', 1),
(03, 'REGISTRADOR ESTABLECIMIENTO', 'REGISTRADOR ESTABLECIMIENTO', 'REGISTRADOS DE INFORMACION EN EL SISTEMA', '2018-05-31 17:45:08', '172.16.20.19', 'jivancplml@gmail.com', 1),
(04, 'REPORTES', 'REPORTES', 'PERFIL SOLO DE REPORTES', '2018-05-24 16:58:14', '172.16.20.19', 'jivancplml@gmail.com', 1),
(05, 'MANTENIMIENTO', 'MANTENIMIENTO', 'PERFIL CON ACCESO A MANTENIMIENTO', '2018-05-24 16:58:24', '172.16.20.19', 'jivancplml@gmail.com', 1);

-- --------------------------------------------------------

--
-- Estructura de tabla para la tabla `mpermiso`
--

CREATE TABLE `mpermiso` (
  `MPERM_ID` int(4) UNSIGNED ZEROFILL NOT NULL,
  `MPERF_ID` int(2) UNSIGNED ZEROFILL DEFAULT NULL,
  `MOBJ_ID` int(2) UNSIGNED ZEROFILL DEFAULT NULL,
  `MPERM_TIP` varchar(50) DEFAULT NULL,
  `MPERM_ESTADO` int(11) DEFAULT NULL
) ENGINE=MyISAM DEFAULT CHARSET=latin1;

--
-- Volcado de datos para la tabla `mpermiso`
--

INSERT INTO `mpermiso` (`MPERM_ID`, `MPERF_ID`, `MOBJ_ID`, `MPERM_TIP`, `MPERM_ESTADO`) VALUES
(0385, 02, 05, 'CREAR', 1),
(0384, 02, 05, 'VER', 1),
(0383, 02, 05, 'MENU', 1),
(0363, 02, 01, 'MENU', 1),
(0382, 02, 04, 'ELIMINAR', 1),
(0381, 02, 04, 'ACTUALIZAR', 1),
(0380, 02, 04, 'CREAR', 1),
(0379, 02, 04, 'VER', 1),
(0378, 02, 04, 'MENU', 1),
(0377, 02, 03, 'ELIMINAR', 1),
(0376, 02, 03, 'ACTUALIZAR', 1),
(0375, 02, 03, 'CREAR', 1),
(0374, 02, 03, 'VER', 1),
(0373, 02, 03, 'MENU', 1),
(0372, 02, 02, 'ELIMINAR', 1),
(0371, 02, 02, 'ACTUALIZAR', 1),
(0370, 02, 02, 'CREAR', 1),
(0369, 02, 02, 'VER', 1),
(0368, 02, 02, 'MENU', 1),
(0367, 02, 01, 'ELIMINAR', 1),
(0366, 02, 01, 'ACTUALIZAR', 1),
(0365, 02, 01, 'CREAR', 1),
(0364, 02, 01, 'VER', 1),
(0832, 05, 10, 'ELIMINAR', 1),
(0831, 05, 10, 'ACTUALIZAR', 1),
(0386, 02, 05, 'ACTUALIZAR', 1),
(0387, 02, 05, 'ELIMINAR', 1),
(0388, 02, 06, 'MENU', 1),
(0389, 02, 06, 'VER', 1),
(0390, 02, 06, 'CREAR', 1),
(0391, 02, 06, 'ACTUALIZAR', 1),
(0392, 02, 06, 'ELIMINAR', 1),
(0393, 02, 07, 'MENU', 1),
(0394, 02, 07, 'VER', 1),
(0395, 02, 07, 'CREAR', 1),
(0396, 02, 07, 'ACTUALIZAR', 1),
(0397, 02, 07, 'ELIMINAR', 1),
(0398, 02, 08, 'MENU', 1),
(0399, 02, 08, 'VER', 1),
(0400, 02, 08, 'CREAR', 1),
(0401, 02, 08, 'ACTUALIZAR', 1),
(0402, 02, 08, 'ELIMINAR', 1),
(0403, 02, 09, 'MENU', 1),
(0404, 02, 09, 'VER', 1),
(0405, 02, 09, 'CREAR', 1),
(0406, 02, 09, 'ACTUALIZAR', 1),
(0407, 02, 09, 'ELIMINAR', 1),
(0408, 02, 10, 'MENU', 1),
(0409, 02, 10, 'VER', 1),
(0410, 02, 10, 'CREAR', 1),
(0411, 02, 10, 'ACTUALIZAR', 1),
(0412, 02, 10, 'ELIMINAR', 1),
(1282, 03, 08, 'ELIMINAR', 1),
(1281, 03, 08, 'ACTUALIZAR', 1),
(1280, 03, 08, 'CREAR', 1),
(0812, 04, 11, 'ELIMINAR', 1),
(0811, 04, 11, 'ACTUALIZAR', 1),
(0810, 04, 11, 'CREAR', 1),
(0809, 04, 11, 'VER', 1),
(0808, 04, 11, 'MENU', 1),
(0807, 04, 06, 'ELIMINAR', 1),
(0806, 04, 06, 'ACTUALIZAR', 1),
(0805, 04, 06, 'CREAR', 1),
(0804, 04, 06, 'VER', 1),
(0803, 04, 06, 'MENU', 1),
(0802, 04, 05, 'ELIMINAR', 1),
(0801, 04, 05, 'ACTUALIZAR', 1),
(0800, 04, 05, 'CREAR', 1),
(0799, 04, 05, 'VER', 1),
(0798, 04, 05, 'MENU', 1),
(0797, 04, 04, 'ELIMINAR', 1),
(0796, 04, 04, 'ACTUALIZAR', 1),
(0795, 04, 04, 'CREAR', 1),
(0794, 04, 04, 'VER', 1),
(0793, 04, 04, 'MENU', 1),
(0830, 05, 10, 'CREAR', 1),
(0829, 05, 10, 'VER', 1),
(0828, 05, 10, 'MENU', 1),
(0827, 05, 09, 'ELIMINAR', 1),
(0826, 05, 09, 'ACTUALIZAR', 1),
(0825, 05, 09, 'CREAR', 1),
(0824, 05, 09, 'VER', 1),
(0823, 05, 09, 'MENU', 1),
(0822, 05, 08, 'ELIMINAR', 1),
(0821, 05, 08, 'ACTUALIZAR', 1),
(0820, 05, 08, 'CREAR', 1),
(0819, 05, 08, 'VER', 1),
(0818, 05, 08, 'MENU', 1),
(0817, 05, 07, 'ELIMINAR', 1),
(0816, 05, 07, 'ACTUALIZAR', 1),
(0815, 05, 07, 'CREAR', 1),
(0814, 05, 07, 'VER', 1),
(0813, 05, 07, 'MENU', 1),
(1279, 03, 08, 'VER', 1),
(1278, 03, 08, 'MENU', 1),
(1277, 03, 07, 'ELIMINAR', 1),
(1276, 03, 07, 'ACTUALIZAR', 1),
(1275, 03, 07, 'CREAR', 1),
(1274, 03, 07, 'VER', 1),
(1273, 03, 07, 'MENU', 1),
(1272, 03, 05, 'ELIMINAR', 1),
(1271, 03, 05, 'ACTUALIZAR', 1),
(1270, 03, 05, 'CREAR', 1),
(1269, 03, 05, 'VER', 1),
(1268, 03, 05, 'MENU', 1),
(1267, 03, 04, 'ELIMINAR', 1),
(1266, 03, 04, 'ACTUALIZAR', 1),
(1265, 03, 04, 'CREAR', 1),
(1264, 03, 04, 'VER', 1),
(1263, 03, 04, 'MENU', 1),
(1262, 03, 03, 'ELIMINAR', 1),
(1261, 03, 03, 'ACTUALIZAR', 1),
(1260, 03, 03, 'CREAR', 1),
(1259, 03, 03, 'VER', 1),
(1258, 03, 03, 'MENU', 1),
(1257, 03, 02, 'ELIMINAR', 1),
(1256, 03, 02, 'ACTUALIZAR', 1),
(1255, 03, 02, 'CREAR', 1),
(1254, 03, 02, 'VER', 1),
(1253, 03, 02, 'MENU', 1),
(1252, 03, 01, 'ELIMINAR', 1),
(1251, 03, 01, 'ACTUALIZAR', 1),
(1250, 03, 01, 'CREAR', 1),
(1249, 03, 01, 'VER', 1),
(1248, 03, 01, 'MENU', 1),
(1432, 01, 12, 'CREAR', 1),
(1431, 01, 12, 'VER', 1),
(1430, 01, 12, 'MENU', 1),
(1429, 01, 10, 'ELIMINAR', 1),
(1428, 01, 10, 'ACTUALIZAR', 1),
(1427, 01, 10, 'CREAR', 1),
(1426, 01, 10, 'VER', 1),
(1425, 01, 10, 'MENU', 1),
(1424, 01, 09, 'ELIMINAR', 1),
(1423, 01, 09, 'ACTUALIZAR', 1),
(1422, 01, 09, 'CREAR', 1),
(1421, 01, 09, 'VER', 1),
(1420, 01, 09, 'MENU', 1),
(1419, 01, 08, 'ELIMINAR', 1),
(1418, 01, 08, 'ACTUALIZAR', 1),
(1417, 01, 08, 'CREAR', 1),
(1416, 01, 08, 'VER', 1),
(1415, 01, 08, 'MENU', 1),
(1414, 01, 07, 'ELIMINAR', 1),
(1413, 01, 07, 'ACTUALIZAR', 1),
(1412, 01, 07, 'CREAR', 1),
(1411, 01, 07, 'VER', 1),
(1410, 01, 07, 'MENU', 1),
(1409, 01, 05, 'ELIMINAR', 1),
(1408, 01, 05, 'ACTUALIZAR', 1),
(1407, 01, 05, 'CREAR', 1),
(1406, 01, 05, 'VER', 1),
(1405, 01, 05, 'MENU', 1),
(1404, 01, 04, 'ELIMINAR', 1),
(1403, 01, 04, 'ACTUALIZAR', 1),
(1402, 01, 04, 'CREAR', 1),
(1401, 01, 04, 'VER', 1),
(1400, 01, 04, 'MENU', 1),
(1399, 01, 03, 'ELIMINAR', 1),
(1398, 01, 03, 'ACTUALIZAR', 1),
(1397, 01, 03, 'CREAR', 1),
(1396, 01, 03, 'VER', 1),
(1395, 01, 03, 'MENU', 1),
(1394, 01, 02, 'ELIMINAR', 1),
(1393, 01, 02, 'ACTUALIZAR', 1),
(1392, 01, 02, 'CREAR', 1),
(1391, 01, 02, 'VER', 1),
(1390, 01, 02, 'MENU', 1),
(1389, 01, 01, 'ELIMINAR', 1),
(1388, 01, 01, 'ACTUALIZAR', 1),
(1387, 01, 01, 'CREAR', 1),
(1386, 01, 01, 'VER', 1),
(1385, 01, 01, 'MENU', 1),
(1433, 01, 12, 'ACTUALIZAR', 1),
(1434, 01, 12, 'ELIMINAR', 1);

-- --------------------------------------------------------

--
-- Estructura de tabla para la tabla `musuario`
--

CREATE TABLE `musuario` (
  `MUSU_ID` int(11) NOT NULL,
  `MUSU_LOGIN` varchar(50) DEFAULT NULL,
  `MUSU_PASSWORD` varchar(50) DEFAULT NULL,
  `MUSU_NOMBRES` varchar(300) DEFAULT NULL,
  `MUSU_FECINI` datetime DEFAULT NULL,
  `MUSU_FECVEN` datetime DEFAULT NULL,
  `MUSU_TELEFONO` varchar(50) DEFAULT NULL,
  `MUSU_CORREO` varchar(50) DEFAULT NULL,
  `MUSU_DNI` int(11) UNSIGNED DEFAULT NULL,
  `MUSU_USERIN` varchar(50) DEFAULT NULL,
  `MUSU_IMG` varchar(70) DEFAULT NULL,
  `MUSU_FECIN` date DEFAULT NULL,
  `MUSU_HOST` varchar(50) DEFAULT NULL,
  `MUSU_ESTADO` int(11) DEFAULT NULL,
  `MPERF_ID` int(2) UNSIGNED ZEROFILL DEFAULT NULL,
  `NESTA_RENAES` int(5) UNSIGNED ZEROFILL DEFAULT NULL
) ENGINE=MyISAM DEFAULT CHARSET=latin1;

--
-- Volcado de datos para la tabla `musuario`
--

INSERT INTO `musuario` (`MUSU_ID`, `MUSU_LOGIN`, `MUSU_PASSWORD`, `MUSU_NOMBRES`, `MUSU_FECINI`, `MUSU_FECVEN`, `MUSU_TELEFONO`, `MUSU_CORREO`, `MUSU_DNI`, `MUSU_USERIN`, `MUSU_IMG`, `MUSU_FECIN`, `MUSU_HOST`, `MUSU_ESTADO`, `MPERF_ID`, `NESTA_RENAES`) VALUES
(1, 'jivancplml@gmail.com', 'jiwKbeoxGk8Y6', 'IVAN JORGE CRUZ PEÑA', '2018-04-06 00:00:00', '2018-12-06 00:00:00', '964153832', 'jivancplmlm@gmail.com', 46876484, NULL, 'default_user.png', '2018-04-06', '172.16.0.3', 1, 01, 00000),
(2, 'jose_bt@hotmail.es', 'jouGcK3iSoL2Y', 'JOSE LUIS BASURTO TRIGOS', NULL, NULL, '991584597', 'jose_bt@hotmail.es', NULL, NULL, 'default_user.png', NULL, NULL, 1, 01, 00000),
(3, 'jbsb01@hotmail.com', 'jbZEMsycM2sHw', 'JUANABLANCA SILVERA BAUTISTA', NULL, NULL, '959855667', 'jbsb01@hotmail.com', NULL, NULL, 'default_user.png', NULL, NULL, 1, 02, 00000),
(4, 'jc_1022@hotmail.com', 'jcx14L8VC2I92', 'JUAN CARLOS GARCIA HERNANDEZ', NULL, NULL, '957350209', 'jc_1022@hotmail.com', 42938515, NULL, 'default_user.png', NULL, NULL, 1, 03, 00000),
(5, 'zenon_valdivia@hotmail.com', 'zeuJW1lAof/jo', 'ZENON GUILLERMO VALDIVIA MELENDEZ', NULL, NULL, '929563404', 'zenon_valdivia@hotmail.com', NULL, NULL, 'default_user.png', NULL, NULL, 1, 03, 05755),
(6, 'recaudaciondiris@gmail.com', 'rebxP.lqOj9v.', 'JOSE LUIS BASURTO T.', NULL, NULL, '01 201 1353', 'recaudaciondiris@gmail.com', NULL, NULL, 'default_user.png', NULL, NULL, 1, 03, 05798),
(7, 'irispillaca_2000@hotmail.com', 'ir9jAMBtLQG4U', 'IRIS SOLEDAD PILLACA QUISPE', NULL, NULL, '983324965', 'irispillaca_2000@hotmail.com', NULL, NULL, 'default_user.png', NULL, NULL, 1, 03, 07735),
(8, 'cmi.tahuantinsuyo.bajo@gmail.com', 'cmgy/XiGHa672', 'ROSA HILDA LUJAN ROJAS', NULL, NULL, '995809208', 'cmi.tahuantinsuyo.bajo@gmail.com', NULL, NULL, 'default_user.png', NULL, NULL, 1, 03, 05791),
(9, 'sandraq58@hotmail.com', 'salGcKhb7ueAM', 'SANDRA QUEZADA QUIROZ', NULL, NULL, '993095773', 'sandraq58@hotmail.com', NULL, NULL, 'default_user.png', NULL, NULL, 1, 03, 05824),
(10, 'anace530@hotmail.com', 'anBFFi3m/pfOo', 'ANA CECIBELL RIVERA ALVARADO', NULL, NULL, '945436465', 'anace530@hotmail.com', NULL, NULL, 'default_user.png', NULL, NULL, 1, 03, 05756),
(11, 'joanbave2010@hotmail.com', 'jo01yit7OzzI6', 'JENNY ROSA VENTURO RUIZ', NULL, NULL, '972076634', 'joanbave2010@hotmail.com', NULL, NULL, 'default_user.png', NULL, NULL, 1, 03, 05819),
(12, 'bethsangulo@hotmail.com', 'bez3OLdO.Zh7.', 'BETHS ANGULO MORIANO', NULL, NULL, '989285727', 'bethsangulo@hotmail.com', NULL, NULL, 'default_user.png', NULL, NULL, 1, 03, 05821),
(13, 'pilar_2189@hotmail.com', 'pi8QxZdywhF.o', 'CARMEN DEL PILAR RUMICHE PEñA DE QUISPE', NULL, NULL, '991887051', 'pilar_2189@hotmail.com', NULL, NULL, 'default_user.png', NULL, NULL, 1, 03, 21104),
(14, 'santiagochacon53@outlook.com', 'saEF79UpIES6A', 'FELIPE SANTIAGO CHACON TAPIA', NULL, NULL, '996378426', 'santiagochacon53@outlook.com', NULL, NULL, 'default_user.png', NULL, NULL, 1, 03, 05816),
(15, 'biologamery@hotmail.com', 'bit0/1O2qzzdw', 'MARIO PONCE GOMEZ', NULL, NULL, '966631211', 'biologamery@hotmail.com', NULL, NULL, 'default_user.png', NULL, NULL, 1, 03, 05754),
(16, 'yolandaflores_nd@hotmail.com', 'yo97c4rEpPyAI', 'YOLANDA NANCI FLORES VASQUEZ', NULL, NULL, '957963816', 'yolandaflores_nd@hotmail.com', NULL, NULL, 'default_user.png', NULL, NULL, 1, 03, 14727),
(17, 'utrillaenma@gmail.com', 'utt4YrmfYOdVc', 'ENMA UTRILLA TARAZONA', NULL, NULL, '987795662', 'utrillaenma@gmail.com', NULL, NULL, 'default_user.png', NULL, NULL, 1, 03, 05734),
(18, 'morylia57@gmail.com', 'moxB4KhlNYe6g', 'MARITZA LIA MORY LAMAS', NULL, NULL, '998873963', 'morylia57@gmail.com', NULL, NULL, 'default_user.png', NULL, NULL, 1, 03, 05790),
(19, 'meyjhey@hotmail.com', 'meEeMhRk8/z1E', 'MARIA MEYLIN MOSTACERO BURGOS', NULL, NULL, '996741830', 'meyjhey@hotmail.com', NULL, NULL, 'default_user.png', NULL, NULL, 1, 03, 05825),
(20, 'alidact@hotmail.com', 'altuS1KIYZ/uM', 'ALIDA NORMA COZ TAPIA', NULL, NULL, '987315597', 'alidact@hotmail.com', NULL, NULL, 'default_user.png', NULL, NULL, 1, 03, 05814),
(21, 'y_ponce19@hotmail.com', 'y_14QKxKBB8Dk', 'FANY YSABEL YNFANTES PONCE', NULL, NULL, '959540436', 'y_ponce19@hotmail.com', NULL, NULL, 'default_user.png', NULL, NULL, 1, 03, 05737),
(22, 'moises.azabache@gmail.com', 'modeetWxl0GFk', 'MOISES AZABACHE SANCHEZ', NULL, NULL, '991410399', 'moises.azabache@gmail.com', NULL, NULL, 'default_user.png', NULL, NULL, 1, 03, 05764),
(23, 'ijmv3011@gmail.com', 'ijLPkFoLcynx.', 'ISABEL MARIñOS VASQUEZ ', NULL, NULL, '990132672', 'ijmv3011@gmail.com', NULL, NULL, 'default_user.png', NULL, NULL, 1, 03, 05815),
(24, 'GUEVARAFLORESLLOY@gmail.com', 'GUMmxTM4wobJI', 'LLOY GUEVARA FLORES', NULL, NULL, '969797383', 'GUEVARAFLORESLLOY@gmail.com', NULL, NULL, 'default_user.png', NULL, NULL, 1, 03, 05759),
(25, 'lidiayapo@hotmail.com', 'liO2LrjrEC3nw', 'LIDIA YAPO LUPACA', NULL, NULL, '', 'lidiayapo@hotmail.com', NULL, NULL, 'default_user.png', NULL, NULL, 1, 03, 05817),
(26, 'gherrerapa35@hotmail.com', 'gh3F8jgrTMl8M', 'GREGORY HERRERA PALACIOS', NULL, NULL, '922257083', 'gherrerapa35@hotmail.com', NULL, NULL, 'default_user.png', NULL, NULL, 1, 03, 05758),
(27, 'lacsjess@gmail.com', 'laqUJJabAJKl.', 'LICCY AZARELI CAMACHO SIGUAS', NULL, NULL, '988301526', 'lacsjess@gmail.com', NULL, NULL, 'default_user.png', NULL, NULL, 1, 03, 05787),
(28, 'bustinza1604@gmail.com', 'bunaq1SQ2vVh2', 'MARCELINA BUSTINZA QUISPE', NULL, NULL, '998954303', 'bustinza1604@gmail.com', NULL, NULL, 'default_user.png', NULL, NULL, 1, 03, 05739),
(29, 'merry020302@hotmail.com', 'mec87YIYBVhU.', 'ANTONIA OCHOA ROJAS', NULL, NULL, '998005951', 'merry020302@hotmail.com', NULL, NULL, 'default_user.png', NULL, NULL, 1, 03, 05735),
(30, 'ariela_0601@hotmail.com', 'arXp8nfk2vP1w', 'ARIELA FERNANDEZ MEJIA ', NULL, NULL, '956669046', 'ariela_0601@hotmail.com', NULL, NULL, 'default_user.png', NULL, NULL, 1, 03, 05763),
(31, 'hectorvento@hotmail.com', 'hebjgPj9fEUko', 'HECTOR FLORENTINO VENTOSILLA CANALES', NULL, NULL, '997147811', 'hectorvento@hotmail.com', NULL, NULL, 'default_user.png', NULL, NULL, 1, 03, 05793),
(32, 'amandalopezv1955@gmail.com', 'ame056aLfbhaI', 'AMANDA LOPEZ VALDIZAN ', NULL, NULL, '978072975', 'amandalopezv1955@gmail.com', NULL, NULL, 'default_user.png', NULL, NULL, 1, 03, 05786),
(33, 'bailonamerica@hotmail.com', 'ba06.yDNUTL7s', 'LUZ AMERICA BAILON REYES', NULL, NULL, '957683666', 'bailonamerica@hotmail.com', NULL, NULL, 'default_user.png', NULL, NULL, 1, 03, 05757),
(34, 'borjapastranamarisol@hotmail.com', 'boSpmOJ8H8btY', 'BERNA MARISOL BORJA PASTRANA', NULL, NULL, '950270324', 'borjapastranamarisol@hotmail.com', NULL, NULL, 'default_user.png', NULL, NULL, 1, 03, 05738),
(35, 'carolstephanycs@gmail.com', 'caAoa/jc0rCjY', 'CAROL STEPHANY CASTILLO SALCEDO', NULL, NULL, '997898524', 'carolstephanycs@gmail.com', NULL, NULL, 'default_user.png', NULL, NULL, 1, 03, 05761),
(36, 'gcvilma2@gmail.com', 'gclNOvNyXqHjA', 'VILMA GOMEZ CUADROS', NULL, NULL, '947573087', 'gcvilma2@gmail.com', NULL, NULL, 'default_user.png', NULL, NULL, 1, 03, 05740),
(37, 'yordana29@hotmail.com', 'yoNhPyjAf9sZY', 'JISSETH YORDANA VASQUEZ GUZMAN', NULL, NULL, '961802497', 'yordana29@hotmail.com', NULL, NULL, 'default_user.png', NULL, NULL, 1, 03, 05822),
(38, 'villasdeanconps@gmail.com', 'vik3fbrlpG5ls', 'GAUDENCIA MAUTINO HUARCAS', NULL, NULL, '979890123', 'villasdeanconps@gmail.com', NULL, NULL, 'default_user.png', NULL, NULL, 1, 03, 16525),
(39, 'mchavezdiaz13@gmail.com', 'mcDG7vC6u4Eqg', 'MARTIN ALBERTO CHAVEZ DIAZ', NULL, NULL, '928065274', 'mchavezdiaz13@gmail.com', NULL, NULL, 'default_user.png', NULL, NULL, 1, 03, 05765),
(40, 'juanitaalbino@hotmail.com', 'ju0oZCStfFJgI', 'ESPIRITA JUANA ALBINO CASTILLO', NULL, NULL, '940741640', 'juanitaalbino@hotmail.com', NULL, NULL, 'default_user.png', NULL, NULL, 1, 03, 05772),
(41, 'ritasoledad1216@gmail.com', 'ri2se0UirLtrU', 'ESPINOZA CRUZADO RITA SOLEDAD', NULL, NULL, '944441667', 'ritasoledad1216@gmail.com', NULL, NULL, 'default_user.png', NULL, NULL, 1, 03, 05767),
(42, 'eusebia141201@hotmail.com', 'euWTTWS.uLLyc', 'EUSEBIA CARRION MORALES', NULL, NULL, '992009428', 'eusebia141201@hotmail.com', NULL, NULL, 'default_user.png', NULL, NULL, 1, 03, 05760),
(43, 'ludyvaldivia2@gmail.com', 'luXIo2wbOp0Ec', 'LUDY SARA VALDIVIA TRUJILLO', NULL, NULL, '948197654', 'ludyvaldivia2@gmail.com', NULL, NULL, 'default_user.png', NULL, NULL, 1, 03, 05792),
(44, 'elsacubillas22@gmail.com', 'elZi1hawdlpj.', 'ELSA LUCILA CUBILLAS FERNANDEZ', NULL, NULL, '971106280', 'elsacubillas22@gmail.com', NULL, NULL, 'default_user.png', NULL, NULL, 1, 03, 05770),
(45, 'anyelica777@hotmail.com', 'anUiU0rozOZ4E', 'ANGELICA CRISTINA COSSIO PERALDO', NULL, NULL, '991766529', 'anyelica777@hotmail.com', NULL, NULL, 'default_user.png', NULL, NULL, 1, 03, 06886),
(46, 'csolis140786@gmail.com', 'csUKrwq6twoRw', 'CARLOS BERNARDO SOLIS ARANDA', NULL, NULL, '962965762', 'csolis140786@gmail.com', NULL, NULL, 'default_user.png', NULL, NULL, 1, 03, 10633),
(47, 'nellyalvarado1168@hotmail.com', 'ned0fC8WfiWWg', 'NELLY MUñOZ ALVARADO', NULL, NULL, '977131036', 'nellyalvarado1168@hotmail.com', NULL, NULL, 'default_user.png', NULL, NULL, 1, 03, 05773),
(48, 'chizat30@gmail.com', 'chcWq98ATzz5.', 'LUIS PONCE VALVERDE', NULL, NULL, '952504338', 'chizat30@gmail.com', NULL, NULL, 'default_user.png', NULL, NULL, 1, 03, 05820),
(49, 'ynesgonzaleszelada@gmail.com', 'yndpQVqwBhx6E', 'YNES GONZALES ZELADA', NULL, NULL, '', 'ynesgonzaleszelada@gmail.com', NULL, NULL, 'default_user.png', NULL, NULL, 1, 03, 05741),
(50, 'pamela_lumy@hotmail.com', 'paq6poflyfguU', 'PAMELA OJEDA BARBOZA', NULL, NULL, '992822491', 'pamela_lumy@hotmail.com', NULL, NULL, 'default_user.png', NULL, NULL, 1, 03, 05771),
(51, 'pssanbenito@gmail.com', 'pseVl3AkYTGKY', 'MILAGROS VICTORIA MOYA PARIONA', NULL, NULL, '989658200', 'pssanbenito@gmail.com', NULL, NULL, 'default_user.png', NULL, NULL, 1, 03, 07138),
(52, 'chavel_isa11@hotmail.com', 'chXUpJNRiKQJQ', 'ISABEL PICON CAMPO', NULL, NULL, '987903250', 'chavel_isa11@hotmail.com', NULL, NULL, 'default_user.png', NULL, NULL, 1, 03, 05762),
(53, 'carmen_0050@hotmail.com', 'caCZrhn5MJ5TA', 'CARMEN URIVE VELIZ', NULL, NULL, '990787029', 'carmen_0050@hotmail.com', NULL, NULL, 'default_user.png', NULL, NULL, 1, 03, 12668),
(54, 'ludith_ms@hotmail.es', 'lu/cQeU9peOWY', 'LUDITH MOLERO SALAS', NULL, NULL, '930553251', 'ludith_ms@hotmail.es', NULL, NULL, 'default_user.png', NULL, NULL, 1, 03, 05753),
(55, 'mzpacheco98@gmail.com', 'mzrLTUIXsKn2Q', 'MARIA ESTHER ZEGARRA PACHECO', NULL, NULL, '941974157', 'mzpacheco98@gmail.com', NULL, NULL, 'default_user.png', NULL, NULL, 1, 03, 05788),
(56, 'ludi48@hotmail.com', 'lulx2qgp61rfw', 'LOURDES CHATE  HUAMAN', NULL, NULL, '957349324', 'ludi48@hotmail.com', NULL, NULL, 'default_user.png', NULL, NULL, 1, 03, 07684),
(57, 'lch25565@gmail.com', 'lcsuc2HHA.UeU', 'ADELMA HUAMAN ESPINOZA', NULL, NULL, '982940286', 'lch25565@gmail.com', NULL, NULL, 'default_user.png', NULL, NULL, 1, 03, 05769),
(58, 'giovanirondon@hotmail.com', 'givkPn1DaHMi.', 'ALDO RONDON DE LA CRUZ', NULL, NULL, '948432895', 'giovanirondon@hotmail.com', NULL, NULL, 'default_user.png', NULL, NULL, 1, 03, 05644),
(59, 'xivivi_17@hotmail.com', 'xinZkj85BgdBU', 'NANCY LOPEZ ESPEJO', NULL, NULL, '997685360', 'xivivi_17@hotmail.com', NULL, NULL, 'default_user.png', NULL, NULL, 1, 03, 05752),
(60, 'luz_dts_0711@hotmaill.com', 'lu81.85roVavY', 'LUZ DE LA CRUZ SOSA', NULL, NULL, '995551476', 'luz_dts_0711@hotmaill.com', NULL, NULL, 'default_user.png', NULL, NULL, 1, 03, 05643),
(61, 'muso1175@hotmail.com', 'muUelce5bR8g.', 'MOISES SULCA MENDOZA', NULL, NULL, '976499430', 'muso1175@hotmail.com', NULL, NULL, 'default_user.png', NULL, NULL, 1, 03, 05748),
(62, 'normanina2015@hotmail.com', 'nokbNCX6A2hXs', 'NORMA IRENE NINA HERRERA', NULL, NULL, '979784227', 'normanina2015@hotmail.com', NULL, NULL, 'default_user.png', NULL, NULL, 1, 03, 05742),
(63, 'susydu27@hotmail.com', 'suBrbazQLhJWQ', 'SUSANA DIAZ UBALDO', NULL, NULL, '943214260', 'susydu27@hotmail.com', NULL, NULL, 'default_user.png', NULL, NULL, 1, 03, 05749),
(64, 'margachel@gmail.com', 'maF.2T9GvXReQ', 'MARGARITA CHELA CASTRO ANCO', NULL, NULL, '986812091', 'margachel@gmail.com', NULL, NULL, 'default_user.png', NULL, NULL, 1, 03, 05804),
(65, 'dennishuamanvallejo@gmail.com', 'deIr2zTEVZeIw', 'DENNIS HUAMAN VALLEJO', NULL, NULL, '965968499', 'dennishuamanvallejo@gmail.com', NULL, NULL, 'default_user.png', NULL, NULL, 1, 03, 05745),
(66, 'briana_100913@hotmail.com', 'brgs7vavccXx.', 'WENDY VALENZUELA QUINTANA', NULL, NULL, '993843800', 'briana_100913@hotmail.com', NULL, NULL, 'default_user.png', NULL, NULL, 1, 03, 05797),
(67, 'amigamery_57@hotmail.com', 'amGzCxX3atEr6', 'MERY LUZ SOTO MUCHA', NULL, NULL, '937480947', 'amigamery_57@hotmail.com', NULL, NULL, 'default_user.png', NULL, NULL, 1, 03, 05796),
(68, 'eventurah@hotmail.com', 'evt.hdy0a50lA', 'EVA VENTURA HERNANDEZ', NULL, NULL, '988802833', 'eventurah@hotmail.com', NULL, NULL, 'default_user.png', NULL, NULL, 1, 03, 05809),
(69, 'emilyve4@hotmail.com', 'emh.im5RgFaQ2', 'OLIMPIA EMILIA LARA VELEZMORO', NULL, NULL, '946775485', 'emilyve4@hotmail.com', NULL, NULL, 'default_user.png', NULL, NULL, 1, 03, 05800),
(70, 'isabelguerra_1@hotmail.com', 'isz8vxFISkF26', 'ELENA YSABEL GUERRA ERAZO', NULL, NULL, '987014017', 'isabelguerra_1@hotmail.com', NULL, NULL, 'default_user.png', NULL, NULL, 1, 03, 11891),
(71, 'luisaav2611@gmail.com', 'luusKxri526v.', 'LUISA ALEJANDRA VELARDE SIGUAS', NULL, NULL, '951854487', 'luisaav2611@gmail.com', NULL, NULL, 'default_user.png', NULL, NULL, 1, 03, 05842),
(72, 'lilfarrell2h@gmail.com', 'liddoU5xyaRo6', 'ANDERSON ABARCA TRIGOS', NULL, NULL, '96977491', 'lilfarrell2h@gmail.com', NULL, NULL, 'default_user.png', NULL, NULL, 1, 03, 05812),
(73, 'janet2926@hotmail.com', 'jak/fIjEBlkvw', 'JANET RODRIGUEZ PEREZ', NULL, NULL, '965800517', 'janet2926@hotmail.com', NULL, NULL, 'default_user.png', NULL, NULL, 1, 03, 05751),
(74, 'rafaelrios_24@hotmail.com', 'raVvwHrP4YO4s', 'RAFAEL ORTIZ RIOS', NULL, NULL, '993935107', 'rafaelrios_24@hotmail.com', NULL, NULL, 'default_user.png', NULL, NULL, 1, 03, 05750),
(75, 'joshla_75@hotmail.com', 'jozf9Kvm60ZRA', 'MERCEDEZ TARAZONA REYES', NULL, NULL, '995000959', 'joshla_75@hotmail.com', NULL, NULL, 'default_user.png', NULL, NULL, 1, 03, 05808),
(76, 'cgcmuni@hotmail.com', 'cg4QF4NinH3rI', 'CATHERINE  GRACE CASTAGNE NORIEGA', NULL, NULL, '957602485', 'cgcmuni@hotmail.com', NULL, NULL, 'default_user.png', NULL, NULL, 1, 03, 05805),
(77, 'jass130@hotmail.com', 'jaBG5PFOVcxYY', 'BEATRIZ SANGAMA VASQUEZ', NULL, NULL, '', 'jass130@hotmail.com', NULL, NULL, 'default_user.png', NULL, NULL, 1, 03, 05801),
(78, 'sabinajeri@hotmail.com', 'samWxUgfSfEfc', 'SABINA ALICIA JERI SANCHO', NULL, NULL, '950297874', 'sabinajeri@hotmail.com', NULL, NULL, 'default_user.png', NULL, NULL, 1, 03, 05736),
(79, 'dersypintado1595@hotmail.com', 'deJNpo7tnE.Yk', 'DERSY  PINTADO GARCIA', NULL, NULL, '939545777', 'dersypintado1595@hotmail.com', NULL, NULL, 'default_user.png', NULL, NULL, 1, 03, 05798),
(80, 'liliczu@hotmail.com', 'liZlmP5lS.hf6', 'LILIANA CHAUCA ZUñIGA', NULL, NULL, '986701360', 'liliczu@hotmail.com', NULL, NULL, 'default_user.png', NULL, NULL, 1, 03, 05823),
(81, 'jessica2_j@hotmail.com', 'jeZJchtBCw.pQ', 'JESSICA MARIBEL TASAYCO PILCO', NULL, NULL, '997345594', 'jessica2_j@hotmail.com', NULL, NULL, 'default_user.png', NULL, NULL, 1, 03, 05818),
(82, 'jimm14am@gmail.com', 'jiuyUrEqU5Vj6', 'JIMMY ARRIETA  MARTEL', NULL, NULL, '989296314', 'jimm14am@gmail.com', NULL, NULL, 'default_user.png', NULL, NULL, 1, 03, 05806);

-- --------------------------------------------------------

--
-- Estructura de tabla para la tabla `ndepartamento`
--

CREATE TABLE `ndepartamento` (
  `NDEPA_ID` int(2) UNSIGNED ZEROFILL NOT NULL,
  `NPAIS_ID` varchar(2) DEFAULT NULL,
  `NDEPA_NOMBRE` varchar(200) DEFAULT NULL,
  `NDEPA_ORDEN` int(11) DEFAULT NULL,
  `NDEPA_ESTADO` int(11) DEFAULT NULL
) ENGINE=MyISAM DEFAULT CHARSET=latin1;

--
-- Volcado de datos para la tabla `ndepartamento`
--

INSERT INTO `ndepartamento` (`NDEPA_ID`, `NPAIS_ID`, `NDEPA_NOMBRE`, `NDEPA_ORDEN`, `NDEPA_ESTADO`) VALUES
(00, '0', 'NINGUNO', 0, 0),
(01, 'PE', 'AMAZONAS', 1, 0),
(02, 'PE', 'ANCASH', 2, 0),
(03, 'PE', 'APURIMAC', 3, 0),
(04, 'PE', 'AREQUIPA', 4, 0),
(05, 'PE', 'AYACUCHO', 5, 0),
(06, 'PE', 'CAJAMARCA', 6, 0),
(07, 'PE', 'CALLAO', 7, 0),
(08, 'PE', 'CUSCO', 8, 0),
(09, 'PE', 'HUANCAVELICA', 9, 0),
(10, 'PE', 'HUANUCO', 10, 0),
(11, 'PE', 'ICA', 11, 0),
(12, 'PE', 'JUNIN', 12, 0),
(13, 'PE', 'LA LIBERTAD', 13, 0),
(14, 'PE', 'LAMBAYEQUE', 14, 0),
(15, 'PE', 'LIMA', 15, 1),
(16, 'PE', 'LORETO', 16, 0),
(17, 'PE', 'MADRE DE DIOS', 17, 0),
(18, 'PE', 'MOQUEGUA', 18, 0),
(19, 'PE', 'PASCO', 19, 0),
(20, 'PE', 'PIURA', 20, 0),
(21, 'PE', 'PUNO', 21, 0),
(22, 'PE', 'SAN MARTIN', 22, 0),
(23, 'PE', 'TACNA', 23, 0),
(24, 'PE', 'TUMBES', 24, 0),
(25, 'PE', 'UCAYALI', 25, 0);

-- --------------------------------------------------------

--
-- Estructura de tabla para la tabla `ndistrito`
--

CREATE TABLE `ndistrito` (
  `NDIST_ID` int(6) UNSIGNED ZEROFILL NOT NULL,
  `NPROV_ID` int(4) UNSIGNED ZEROFILL DEFAULT NULL,
  `NDIST_NOMBRE` varchar(200) DEFAULT NULL,
  `NDIST_ORDEN` int(11) DEFAULT NULL,
  `NDIST_ESTADO` int(11) DEFAULT NULL
) ENGINE=MyISAM DEFAULT CHARSET=latin1;

--
-- Volcado de datos para la tabla `ndistrito`
--

INSERT INTO `ndistrito` (`NDIST_ID`, `NPROV_ID`, `NDIST_NOMBRE`, `NDIST_ORDEN`, `NDIST_ESTADO`) VALUES
(000000, 0000, 'NINGUNO', 0, 0),
(010101, 0101, 'CHACHAPOYAS', 1, 0),
(010102, 0101, 'ASUNCION', 2, 0),
(010103, 0101, 'BALSAS', 3, 0),
(010104, 0101, 'CHETO', 4, 0),
(010105, 0101, 'CHILIQUIN', 5, 0),
(010106, 0101, 'CHUQUIBAMBA', 6, 0),
(010107, 0101, 'GRANADA', 7, 0),
(010108, 0101, 'HUANCAS', 8, 0),
(010109, 0101, 'LA JALCA', 9, 0),
(010110, 0101, 'LEIMEBAMBA', 10, 0),
(010111, 0101, 'LEVANTO', 11, 0),
(010112, 0101, 'MAGDALENA', 12, 0),
(010113, 0101, 'MARISCAL CASTILLA', 13, 0),
(010114, 0101, 'MOLINOPAMPA', 14, 0),
(010115, 0101, 'MONTEVIDEO', 15, 0),
(010116, 0101, 'OLLEROS', 16, 0),
(010117, 0101, 'QUINJALCA', 17, 0),
(010118, 0101, 'SAN FRANCISCO DE DAGUAS', 18, 0),
(010119, 0101, 'SAN ISIDRO DE MAINO', 19, 0),
(010120, 0101, 'SOLOCO', 20, 0),
(010121, 0101, 'SONCHE', 21, 0),
(010201, 0102, 'LA PECA', 22, 0),
(010202, 0102, 'ARAMANGO', 23, 0),
(010203, 0102, 'COPALLIN', 24, 0),
(010204, 0102, 'EL PARCO', 25, 0),
(010205, 0102, 'IMAZA', 26, 0),
(010301, 0103, 'JUMBILLA', 27, 0),
(010302, 0103, 'CHISQUILLA', 28, 0),
(010303, 0103, 'CHURUJA', 29, 0),
(010304, 0103, 'COROSHA', 30, 0),
(010305, 0103, 'CUISPES', 31, 0),
(010306, 0103, 'FLORIDA', 32, 0),
(010307, 0103, 'JAZAN', 33, 0),
(010308, 0103, 'RECTA', 34, 0),
(010309, 0103, 'SAN CARLOS', 35, 0),
(010310, 0103, 'SHIPASBAMBA', 36, 0),
(010311, 0103, 'VALERA', 37, 0),
(010312, 0103, 'YAMBRASBAMBA', 38, 0),
(010401, 0104, 'NIEVA', 39, 0),
(010402, 0104, 'EL CENEPA', 40, 0),
(010403, 0104, 'RIO SANTIAGO', 41, 0),
(010501, 0105, 'LAMUD', 42, 0),
(010502, 0105, 'CAMPORRENDONDO', 43, 0),
(010503, 0105, 'COCABAMBA', 44, 0),
(010504, 0105, 'COLCAMAR', 45, 0),
(010505, 0105, 'CONILA', 46, 0),
(010506, 0105, 'INGUILPATA', 47, 0),
(010507, 0105, 'LONGUITA', 48, 0),
(010508, 0105, 'LONYA CHICO', 49, 0),
(010509, 0105, 'LUYA', 50, 0),
(010510, 0105, 'LUYA VIEJO', 51, 0),
(010511, 0105, 'MARIA', 52, 0),
(010512, 0105, 'OCALLI', 53, 0),
(010513, 0105, 'OCUMAL', 54, 0),
(010514, 0105, 'PISUQUIA', 55, 0),
(010515, 0105, 'PROVIDENCIA', 56, 0),
(010516, 0105, 'SAN CRISTOBAL', 57, 0),
(010517, 0105, 'SAN FRANCISCO DE YESO', 58, 0),
(010518, 0105, 'SAN JERONIMO', 59, 0),
(010519, 0105, 'SAN JUAN DE LOPECANCHA', 60, 0),
(010520, 0105, 'SANTA CATALINA', 61, 0),
(010521, 0105, 'SANTO TOMAS', 62, 0),
(010522, 0105, 'TINGO', 63, 0),
(010523, 0105, 'TRITA', 64, 0),
(010601, 0106, 'SAN NICOLAS', 65, 0),
(010602, 0106, 'CHIRIMOTO', 66, 0),
(010603, 0106, 'COCHAMAL', 67, 0),
(010604, 0106, 'HUAMBO', 68, 0),
(010605, 0106, 'LIMABAMBA', 69, 0),
(010606, 0106, 'LONGAR', 70, 0),
(010607, 0106, 'MARISCAL BENAVIDES', 71, 0),
(010608, 0106, 'MILPUC', 72, 0),
(010609, 0106, 'OMIA', 73, 0),
(010610, 0106, 'SANTA ROSA', 74, 0),
(010611, 0106, 'TOTORA', 75, 0),
(010612, 0106, 'VISTA ALEGRE', 76, 0),
(010701, 0107, 'BAGUA GRANDE', 77, 0),
(010702, 0107, 'CAJARURO', 78, 0),
(010703, 0107, 'CUMBA', 79, 0),
(010704, 0107, 'EL MILAGRO', 80, 0),
(010705, 0107, 'JAMALCA', 81, 0),
(010706, 0107, 'LONYA GRANDE', 82, 0),
(010707, 0107, 'YAMON', 83, 0),
(020101, 0201, 'HUARAZ', 84, 0),
(020102, 0201, 'COCHABAMBA', 85, 0),
(020103, 0201, 'COLCABAMBA', 86, 0),
(020104, 0201, 'HUANCHAY', 87, 0),
(020105, 0201, 'INDEPENDENCIA', 88, 0),
(020106, 0201, 'JANGAS', 89, 0),
(020107, 0201, 'LA LIBERTAD', 90, 0),
(020108, 0201, 'OLLEROS', 91, 0),
(020109, 0201, 'PAMPAS', 92, 0),
(020110, 0201, 'PARIACOTO', 93, 0),
(020111, 0201, 'PIRA', 94, 0),
(020112, 0201, 'TARICA', 95, 0),
(020201, 0202, 'AIJA', 96, 0),
(020202, 0202, 'CORIS', 97, 0),
(020203, 0202, 'HUACLLAN', 98, 0),
(020204, 0202, 'LA MERCED', 99, 0),
(020205, 0202, 'SUCCHA', 100, 0),
(020301, 0203, 'LLAMELLIN', 101, 0),
(020302, 0203, 'ACZO', 102, 0),
(020303, 0203, 'CHACCHO', 103, 0),
(020304, 0203, 'CHINGAS', 104, 0),
(020305, 0203, 'MIRGAS', 105, 0),
(020306, 0203, 'SAN JUAN DE RONTOY', 106, 0),
(020401, 0204, 'CHACAS', 107, 0),
(020402, 0204, 'ACOCHACA', 108, 0),
(020501, 0205, 'CHIQUIAN', 109, 0),
(020502, 0205, 'ABELARDO PARDO LEZAMETA', 110, 0),
(020503, 0205, 'ANTONIO RAYMONDI', 111, 0),
(020504, 0205, 'AQUIA', 112, 0),
(020505, 0205, 'CAJACAY', 113, 0),
(020506, 0205, 'CANIS', 114, 0),
(020507, 0205, 'COLQUIOC', 115, 0),
(020508, 0205, 'HUALLANCA', 116, 0),
(020509, 0205, 'HUASTA', 117, 0),
(020510, 0205, 'HUAYLLACAYAN', 118, 0),
(020511, 0205, 'LA PRIMAVERA', 119, 0),
(020512, 0205, 'MANGAS', 120, 0),
(020513, 0205, 'PACLLON', 121, 0),
(020514, 0205, 'SAN MIGUEL DE CORPANQUI', 122, 0),
(020515, 0205, 'TICLLOS', 123, 0),
(020601, 0206, 'CARHUAZ', 124, 0),
(020602, 0206, 'ACOPAMPA', 125, 0),
(020603, 0206, 'AMASHCA', 126, 0),
(020604, 0206, 'ANTA', 127, 0),
(020605, 0206, 'ATAQUERO', 128, 0),
(020606, 0206, 'MARCARA', 129, 0),
(020607, 0206, 'PARIAHUANCA', 130, 0),
(020608, 0206, 'SAN MIGUEL DE ACO', 131, 0),
(020609, 0206, 'SHILLA', 132, 0),
(020610, 0206, 'TINCO', 133, 0),
(020611, 0206, 'YUNGAR', 134, 0),
(020701, 0207, 'SAN LUIS', 135, 0),
(020702, 0207, 'SAN NICOLAS', 136, 0),
(020703, 0207, 'YAUYA', 137, 0),
(020801, 0208, 'CASMA', 138, 0),
(020802, 0208, 'BUENA VISTA ALTA', 139, 0),
(020803, 0208, 'COMANDANTE NOEL', 140, 0),
(020804, 0208, 'YAUTAN', 141, 0),
(020901, 0209, 'CORONGO', 142, 0),
(020902, 0209, 'ACO', 143, 0),
(020903, 0209, 'BAMBAS', 144, 0),
(020904, 0209, 'CUSCA', 145, 0),
(020905, 0209, 'LA PAMPA', 146, 0),
(020906, 0209, 'YANAC', 147, 0),
(020907, 0209, 'YUPAN', 148, 0),
(021001, 0210, 'HUARI', 149, 0),
(021002, 0210, 'ANRA', 150, 0),
(021003, 0210, 'CAJAY', 151, 0),
(021004, 0210, 'CHAVIN DE HUANTAR', 152, 0),
(021005, 0210, 'HUACACHI', 153, 0),
(021006, 0210, 'HUACCHIS', 154, 0),
(021007, 0210, 'HUACHIS', 155, 0),
(021008, 0210, 'HUANTAR', 156, 0),
(021009, 0210, 'MASIN', 157, 0),
(021010, 0210, 'PAUCAS', 158, 0),
(021011, 0210, 'PONTO', 159, 0),
(021012, 0210, 'RAHUAPAMPA', 160, 0),
(021013, 0210, 'RAPAYAN', 161, 0),
(021014, 0210, 'SAN MARCOS', 162, 0),
(021015, 0210, 'SAN PEDRO DE CHANA', 163, 0),
(021016, 0210, 'UCO', 164, 0),
(021101, 0211, 'HUARMEY', 165, 0),
(021102, 0211, 'COCHAPETI', 166, 0),
(021103, 0211, 'CULEBRAS', 167, 0),
(021104, 0211, 'HUAYAN', 168, 0),
(021105, 0211, 'MALVAS', 169, 0),
(021201, 0212, 'CARAZ', 170, 0),
(021202, 0212, 'HUALLANCA', 171, 0),
(021203, 0212, 'HUATA', 172, 0),
(021204, 0212, 'HUAYLAS', 173, 0),
(021205, 0212, 'MATO', 174, 0),
(021206, 0212, 'PAMPAROMAS', 175, 0),
(021207, 0212, 'PUEBLO LIBRE', 176, 0),
(021208, 0212, 'SANTA CRUZ', 177, 0),
(021209, 0212, 'SANTO TORIBIO', 178, 0),
(021210, 0212, 'YURACMARCA', 179, 0),
(021301, 0213, 'PISCOBAMBA', 180, 0),
(021302, 0213, 'CASCA', 181, 0),
(021303, 0213, 'ELEAZAR GUZMAN BARRON', 182, 0),
(021304, 0213, 'FIDEL OLIVAS ESCUDERO', 183, 0),
(021305, 0213, 'LLAMA', 184, 0),
(021306, 0213, 'LLUMPA', 185, 0),
(021307, 0213, 'LUCMA', 186, 0),
(021308, 0213, 'MUSGA', 187, 0),
(021401, 0214, 'OCROS', 188, 0),
(021402, 0214, 'ACAS', 189, 0),
(021403, 0214, 'CAJAMARQUILLA', 190, 0),
(021404, 0214, 'CARHUAPAMPA', 191, 0),
(021405, 0214, 'COCHAS', 192, 0),
(021406, 0214, 'CONGAS', 193, 0),
(021407, 0214, 'LLIPA', 194, 0),
(021408, 0214, 'SAN CRISTOBAL DE RAJAN', 195, 0),
(021409, 0214, 'SAN PEDRO', 196, 0),
(021410, 0214, 'SANTIAGO DE CHILCAS', 197, 0),
(021501, 0215, 'CABANA', 198, 0),
(021502, 0215, 'BOLOGNESI', 199, 0),
(021503, 0215, 'CONCUCHOS', 200, 0),
(021504, 0215, 'HUACASCHUQUE', 201, 0),
(021505, 0215, 'HUANDOVAL', 202, 0),
(021506, 0215, 'LACABAMBA', 203, 0),
(021507, 0215, 'LLAPO', 204, 0),
(021508, 0215, 'PALLASCA', 205, 0),
(021509, 0215, 'PAMPAS', 206, 0),
(021510, 0215, 'SANTA ROSA', 207, 0),
(021511, 0215, 'TAUCA', 208, 0),
(021601, 0216, 'POMABAMBA', 209, 0),
(021602, 0216, 'HUAYLLAN', 210, 0),
(021603, 0216, 'PAROBAMBA', 211, 0),
(021604, 0216, 'QUINUABAMBA', 212, 0),
(021701, 0217, 'RECUAY', 213, 0),
(021702, 0217, 'CATAC', 214, 0),
(021703, 0217, 'COTAPARACO', 215, 0),
(021704, 0217, 'HUAYLLAPAMPA', 216, 0),
(021705, 0217, 'LLACLLIN', 217, 0),
(021706, 0217, 'MARCA', 218, 0),
(021707, 0217, 'PAMPAS CHICO', 219, 0),
(021708, 0217, 'PARARIN', 220, 0),
(021709, 0217, 'TAPACOCHA', 221, 0),
(021710, 0217, 'TICAPAMPA', 222, 0),
(021801, 0218, 'CHIMBOTE', 223, 0),
(021802, 0218, 'CACERES DEL PERU', 224, 0),
(021803, 0218, 'COISHCO', 225, 0),
(021804, 0218, 'MACATE', 226, 0),
(021805, 0218, 'MORO', 227, 0),
(021806, 0218, 'NEPE?A', 228, 0),
(021807, 0218, 'SAMANCO', 229, 0),
(021808, 0218, 'SANTA', 230, 0),
(021809, 0218, 'NUEVO CHIMBOTE', 231, 0),
(021901, 0219, 'SIHUAS', 232, 0),
(021902, 0219, 'ACOBAMBA', 233, 0),
(021903, 0219, 'ALFONSO UGARTE', 234, 0),
(021904, 0219, 'CASHAPAMPA', 235, 0),
(021905, 0219, 'CHINGALPO', 236, 0),
(021906, 0219, 'HUAYLLABAMBA', 237, 0),
(021907, 0219, 'QUICHES', 238, 0),
(021908, 0219, 'RAGASH', 239, 0),
(021909, 0219, 'SAN JUAN', 240, 0),
(021910, 0219, 'SICSIBAMBA', 241, 0),
(022001, 0220, 'YUNGAY', 242, 0),
(022002, 0220, 'CASCAPARA', 243, 0),
(022003, 0220, 'MANCOS', 244, 0),
(022004, 0220, 'MATACOTO', 245, 0),
(022005, 0220, 'QUILLO', 246, 0),
(022006, 0220, 'RANRAHIRCA', 247, 0),
(022007, 0220, 'SHUPLUY', 248, 0),
(022008, 0220, 'YANAMA', 249, 0),
(030101, 0301, 'ABANCAY', 250, 0),
(030102, 0301, 'CHACOCHE', 251, 0),
(030103, 0301, 'CIRCA', 252, 0),
(030104, 0301, 'CURAHUASI', 253, 0),
(030105, 0301, 'HUANIPACA', 254, 0),
(030106, 0301, 'LAMBRAMA', 255, 0),
(030107, 0301, 'PICHIRHUA', 256, 0),
(030108, 0301, 'SAN PEDRO DE CACHORA', 257, 0),
(030109, 0301, 'TAMBURCO', 258, 0),
(030201, 0302, 'ANDAHUAYLAS', 259, 0),
(030202, 0302, 'ANDARAPA', 260, 0),
(030203, 0302, 'CHIARA', 261, 0),
(030204, 0302, 'HUANCARAMA', 262, 0),
(030205, 0302, 'HUANCARAY', 263, 0),
(030206, 0302, 'HUANYANA', 264, 0),
(030207, 0302, 'KISHUARA', 265, 0),
(030208, 0302, 'PACOBAMBA', 266, 0),
(030209, 0302, 'PACUCHA', 267, 0),
(030210, 0302, 'PAMPACHIRI', 268, 0),
(030211, 0302, 'POMACOCHA', 269, 0),
(030212, 0302, 'SAN ANTONIO DE CACHI', 270, 0),
(030213, 0302, 'SAN JERONIMO', 271, 0),
(030214, 0302, 'SAN MIGUEL DE CHACCRAMPA', 272, 0),
(030215, 0302, 'SANTA MARIA DE CHICMO', 273, 0),
(030216, 0302, 'TALAVERA', 274, 0),
(030217, 0302, 'TUMAY HUARACA', 275, 0),
(030218, 0302, 'TURPO', 276, 0),
(030219, 0302, 'KAQUIABAMBA', 277, 0),
(030301, 0303, 'ANTABAMBA', 278, 0),
(030302, 0303, 'EL ORO', 279, 0),
(030303, 0303, 'HUAQUIRCA', 280, 0),
(030304, 0303, 'JUAN ESPINOZA MEDRANO', 281, 0),
(030305, 0303, 'OROPESA', 282, 0),
(030306, 0303, 'PACHACONAS', 283, 0),
(030307, 0303, 'SABAINO', 284, 0),
(030401, 0304, 'CHALHUANCA', 285, 0),
(030402, 0304, 'CAPAYA', 286, 0),
(030403, 0304, 'CARAYBAMBA', 287, 0),
(030404, 0304, 'CHAPIMARCA', 288, 0),
(030405, 0304, 'COLCABAMBA', 289, 0),
(030406, 0304, 'COTARUSE', 290, 0),
(030407, 0304, 'HUAYLLO', 291, 0),
(030408, 0304, 'JUSTO APU SAHUARAURA', 292, 0),
(030409, 0304, 'LUCRE', 293, 0),
(030410, 0304, 'POCOHUANCA', 294, 0),
(030411, 0304, 'SAN JUAN DE CHAC?A', 295, 0),
(030412, 0304, 'SA?AYCA', 296, 0),
(030413, 0304, 'SORAYA', 297, 0),
(030414, 0304, 'TAPAIRIHUA', 298, 0),
(030415, 0304, 'TINTAY', 299, 0),
(030416, 0304, 'TORAYA', 300, 0),
(030417, 0304, 'YANACA', 301, 0),
(030501, 0305, 'TAMBOBAMBA', 302, 0),
(030502, 0305, 'COTABAMBAS', 303, 0),
(030503, 0305, 'COYLLURQUI', 304, 0),
(030504, 0305, 'HAQUIRA', 305, 0),
(030505, 0305, 'MARA', 306, 0),
(030506, 0305, 'CHALLHUAHUACHO', 307, 0),
(030601, 0306, 'CHINCHEROS', 308, 0),
(030602, 0306, 'ANCO-HUALLO', 309, 0),
(030603, 0306, 'COCHARCAS', 310, 0),
(030604, 0306, 'HUACCANA', 311, 0),
(030605, 0306, 'OCOBAMBA', 312, 0),
(030606, 0306, 'ONGOY', 313, 0),
(030607, 0306, 'URANMARCA', 314, 0),
(030608, 0306, 'RANRACANCHA', 315, 0),
(030701, 0307, 'CHUQUIBAMBILLA', 316, 0),
(030702, 0307, 'CURPAHUASI', 317, 0),
(030703, 0307, 'GAMARRA', 318, 0),
(030704, 0307, 'HUAYLLATI', 319, 0),
(030705, 0307, 'MAMARA', 320, 0),
(030706, 0307, 'MICAELA BASTIDAS', 321, 0),
(030707, 0307, 'PATAYPAMPA', 322, 0),
(030708, 0307, 'PROGRESO', 323, 0),
(030709, 0307, 'SAN ANTONIO', 324, 0),
(030710, 0307, 'SANTA ROSA', 325, 0),
(030711, 0307, 'TURPAY', 326, 0),
(030712, 0307, 'VILCABAMBA', 327, 0),
(030713, 0307, 'VIRUNDO', 328, 0),
(030714, 0307, 'CURASCO', 329, 0),
(040101, 0401, 'AREQUIPA', 330, 0),
(040102, 0401, 'ALTO SELVA ALEGRE', 331, 0),
(040103, 0401, 'CAYMA', 332, 0),
(040104, 0401, 'CERRO COLORADO', 333, 0),
(040105, 0401, 'CHARACATO', 334, 0),
(040106, 0401, 'CHIGUATA', 335, 0),
(040107, 0401, 'JACOBO HUNTER', 336, 0),
(040108, 0401, 'LA JOYA', 337, 0),
(040109, 0401, 'MARIANO MELGAR', 338, 0),
(040110, 0401, 'MIRAFLORES', 339, 0),
(040111, 0401, 'MOLLEBAYA', 340, 0),
(040112, 0401, 'PAUCARPATA', 341, 0),
(040113, 0401, 'POCSI', 342, 0),
(040114, 0401, 'POLOBAYA', 343, 0),
(040115, 0401, 'QUEQUE?A', 344, 0),
(040116, 0401, 'SABANDIA', 345, 0),
(040117, 0401, 'SACHACA', 346, 0),
(040118, 0401, 'SAN JUAN DE SIGUAS', 347, 0),
(040119, 0401, 'SAN JUAN DE TARUCANI', 348, 0),
(040120, 0401, 'SANTA ISABEL DE SIGUAS', 349, 0),
(040121, 0401, 'SANTA RITA DE SIGUAS', 350, 0),
(040122, 0401, 'SOCABAYA', 351, 0),
(040123, 0401, 'TIABAYA', 352, 0),
(040124, 0401, 'UCHUMAYO', 353, 0),
(040125, 0401, 'VITOR', 354, 0),
(040126, 0401, 'YANAHUARA', 355, 0),
(040127, 0401, 'YARABAMBA', 356, 0),
(040128, 0401, 'YURA', 357, 0),
(040129, 0401, 'JOSE BUSTAMANTE Y RIVERO', 358, 0),
(040201, 0402, 'CAMANA', 359, 0),
(040202, 0402, 'JOSE MARIA QUIMPER', 360, 0),
(040203, 0402, 'MARIANO NICOLAS VALCARCEL', 361, 0),
(040204, 0402, 'MARISCAL CACERES', 362, 0),
(040205, 0402, 'NICOLAS DE PIEROLA', 363, 0),
(040206, 0402, 'OCO?A', 364, 0),
(040207, 0402, 'QUILCA', 365, 0),
(040208, 0402, 'SAMUEL PASTOR', 366, 0),
(040301, 0403, 'CARAVELI', 367, 0),
(040302, 0403, 'ACARI', 368, 0),
(040303, 0403, 'ATICO', 369, 0),
(040304, 0403, 'ATIQUIPA', 370, 0),
(040305, 0403, 'BELLA UNION', 371, 0),
(040306, 0403, 'CAHUACHO', 372, 0),
(040307, 0403, 'CHALA', 373, 0),
(040308, 0403, 'CHAPARRA', 374, 0),
(040309, 0403, 'HUANUHUANU', 375, 0),
(040310, 0403, 'JAQUI', 376, 0),
(040311, 0403, 'LOMAS', 377, 0),
(040312, 0403, 'QUICACHA', 378, 0),
(040313, 0403, 'YAUCA', 379, 0),
(040401, 0404, 'APLAO', 380, 0),
(040402, 0404, 'ANDAGUA', 381, 0),
(040403, 0404, 'AYO', 382, 0),
(040404, 0404, 'CHACHAS', 383, 0),
(040405, 0404, 'CHILCAYMARCA', 384, 0),
(040406, 0404, 'CHOCO', 385, 0),
(040407, 0404, 'HUANCARQUI', 386, 0),
(040408, 0404, 'MACHAGUAY', 387, 0),
(040409, 0404, 'ORCOPAMPA', 388, 0),
(040410, 0404, 'PAMPACOLCA', 389, 0),
(040411, 0404, 'TIPAN', 390, 0),
(040412, 0404, 'U?ON', 391, 0),
(040413, 0404, 'URACA', 392, 0),
(040414, 0404, 'VIRACO', 393, 0),
(040501, 0405, 'CHIVAY', 394, 0),
(040502, 0405, 'ACHOMA', 395, 0),
(040503, 0405, 'CABANACONDE', 396, 0),
(040504, 0405, 'CALLALLI', 397, 0),
(040505, 0405, 'CAYLLOMA', 398, 0),
(040506, 0405, 'COPORAQUE', 399, 0),
(040507, 0405, 'HUAMBO', 400, 0),
(040508, 0405, 'HUANCA', 401, 0),
(040509, 0405, 'ICHUPAMPA', 402, 0),
(040510, 0405, 'LARI', 403, 0),
(040511, 0405, 'LLUTA', 404, 0),
(040512, 0405, 'MACA', 405, 0),
(040513, 0405, 'MADRIGAL', 406, 0),
(040514, 0405, 'SAN ANTONIO DE CHUCA', 407, 0),
(040515, 0405, 'SIBAYO', 408, 0),
(040516, 0405, 'TAPAY', 409, 0),
(040517, 0405, 'TISCO', 410, 0),
(040518, 0405, 'TUTI', 411, 0),
(040519, 0405, 'YANQUE', 412, 0),
(040520, 0405, 'MAJES', 413, 0),
(040601, 0406, 'CHUQUIBAMBA', 414, 0),
(040602, 0406, 'ANDARAY', 415, 0),
(040603, 0406, 'CAYARANI', 416, 0),
(040604, 0406, 'CHICHAS', 417, 0),
(040605, 0406, 'IRAY', 418, 0),
(040606, 0406, 'RIO GRANDE', 419, 0),
(040607, 0406, 'SALAMANCA', 420, 0),
(040608, 0406, 'YANAQUIHUA', 421, 0),
(040701, 0407, 'MOLLENDO', 422, 0),
(040702, 0407, 'COCACHACRA', 423, 0),
(040703, 0407, 'DEAN VALDIVIA', 424, 0),
(040704, 0407, 'ISLAY', 425, 0),
(040705, 0407, 'MEJIA', 426, 0),
(040706, 0407, 'PUNTA DE BOMBON', 427, 0),
(040801, 0408, 'COTAHUASI', 428, 0),
(040802, 0408, 'ALCA', 429, 0),
(040803, 0408, 'CHARCANA', 430, 0),
(040804, 0408, 'HUAYNACOTAS', 431, 0),
(040805, 0408, 'PAMPAMARCA', 432, 0),
(040806, 0408, 'PUYCA', 433, 0),
(040807, 0408, 'QUECHUALLA', 434, 0),
(040808, 0408, 'SAYLA', 435, 0),
(040809, 0408, 'TAURIA', 436, 0),
(040810, 0408, 'TOMEPAMPA', 437, 0),
(040811, 0408, 'TORO', 438, 0),
(050101, 0501, 'AYACUCHO', 439, 0),
(050102, 0501, 'ACOCRO', 440, 0),
(050103, 0501, 'ACOS VINCHOS', 441, 0),
(050104, 0501, 'CARMEN ALTO', 442, 0),
(050105, 0501, 'CHIARA', 443, 0),
(050106, 0501, 'OCROS', 444, 0),
(050107, 0501, 'PACAYCASA', 445, 0),
(050108, 0501, 'QUINUA', 446, 0),
(050109, 0501, 'SAN JOSE DE TICLLAS', 447, 0),
(050110, 0501, 'SAN JUAN BAUTISTA', 448, 0),
(050111, 0501, 'SANTIAGO DE PISCHA', 449, 0),
(050112, 0501, 'SOCOS', 450, 0),
(050113, 0501, 'TAMBILLO', 451, 0),
(050114, 0501, 'VINCHOS', 452, 0),
(050201, 0502, 'CANGALLO', 453, 0),
(050202, 0502, 'CHUSCHI', 454, 0),
(050203, 0502, 'LOS MOROCHUCOS', 455, 0),
(050204, 0502, 'MARIA PARADO DE BELLIDO', 456, 0),
(050205, 0502, 'PARAS', 457, 0),
(050206, 0502, 'TOTOS', 458, 0),
(050301, 0503, 'SANCOS', 459, 0),
(050302, 0503, 'CARAPO', 460, 0),
(050303, 0503, 'SACSAMARCA', 461, 0),
(050304, 0503, 'SANTIAGO DE LUCANAMARCA', 462, 0),
(050401, 0504, 'HUANTA', 463, 0),
(050402, 0504, 'AYAHUANCO', 464, 0),
(050403, 0504, 'HUAMANGUILLA', 465, 0),
(050404, 0504, 'IGUAIN', 466, 0),
(050405, 0504, 'LURICOCHA', 467, 0),
(050406, 0504, 'SANTILLANA', 468, 0),
(050407, 0504, 'SIVIA', 469, 0),
(050501, 0505, 'SAN MIGUEL', 470, 0),
(050502, 0505, 'ANCO', 471, 0),
(050503, 0505, 'AYNA', 472, 0),
(050504, 0505, 'CHILCAS', 473, 0),
(050505, 0505, 'CHUNGUI', 474, 0),
(050506, 0505, 'LUIS CARRANZA', 475, 0),
(050507, 0505, 'SANTA ROSA', 476, 0),
(050508, 0505, 'TAMBO', 477, 0),
(050601, 0506, 'PUQUIO', 478, 0),
(050602, 0506, 'AUCARA', 479, 0),
(050603, 0506, 'CABANA', 480, 0),
(050604, 0506, 'CARMEN SALCEDO', 481, 0),
(050605, 0506, 'CHAVI?A', 482, 0),
(050606, 0506, 'CHIPAO', 483, 0),
(050607, 0506, 'HUAC-HUAS', 484, 0),
(050608, 0506, 'LARAMATE', 485, 0),
(050609, 0506, 'LEONCIO PRADO', 486, 0),
(050610, 0506, 'LLAUTA', 487, 0),
(050611, 0506, 'LUCANAS', 488, 0),
(050612, 0506, 'OCA?A', 489, 0),
(050613, 0506, 'OTOCA', 490, 0),
(050614, 0506, 'SAISA', 491, 0),
(050615, 0506, 'SAN CRISTOBAL', 492, 0),
(050616, 0506, 'SAN JUAN', 493, 0),
(050617, 0506, 'SAN PEDRO', 494, 0),
(050618, 0506, 'SAN PEDRO DE PALCO', 495, 0),
(050619, 0506, 'SANCOS', 496, 0),
(050620, 0506, 'SANTA ANA DE HUAYCAHUACHO', 497, 0),
(050621, 0506, 'SANTA LUCIA', 498, 0),
(050701, 0507, 'CORACORA', 499, 0),
(050702, 0507, 'CHUMPI', 500, 0),
(050703, 0507, 'CORONEL CASTA?EDA', 501, 0),
(050704, 0507, 'PACAPAUSA', 502, 0),
(050705, 0507, 'PULLO', 503, 0),
(050706, 0507, 'PUYUSCA', 504, 0),
(050707, 0507, 'SAN FCO DE RAVACAYCO', 505, 0),
(050708, 0507, 'UPAHUACHO', 506, 0),
(050801, 0508, 'PAUSA', 507, 0),
(050802, 0508, 'COLTA', 508, 0),
(050803, 0508, 'CORCULLA', 509, 0),
(050804, 0508, 'LAMPA', 510, 0),
(050805, 0508, 'MARCABAMBA', 511, 0),
(050806, 0508, 'OYOLO', 512, 0),
(050807, 0508, 'PARARCA', 513, 0),
(050808, 0508, 'SAN JAVIER DE ALPABAMBA', 514, 0),
(050809, 0508, 'SAN JOSE DE USHUA', 515, 0),
(050810, 0508, 'SARA SARA', 516, 0),
(050901, 0509, 'QUEROBAMBA', 517, 0),
(050902, 0509, 'BELEN', 518, 0),
(050903, 0509, 'CHALCOS', 519, 0),
(050904, 0509, 'CHILCAYOC', 520, 0),
(050905, 0509, 'HUACA?A', 521, 0),
(050906, 0509, 'MORCOLLA', 522, 0),
(050907, 0509, 'PAICO', 523, 0),
(050908, 0509, 'SAN PEDRO DE LARCAY', 524, 0),
(050909, 0509, 'SAN SALVADOR DE QUIJE', 525, 0),
(050910, 0509, 'SANTIAGO DE PAUCARAY', 526, 0),
(050911, 0509, 'SORAS', 527, 0),
(051001, 0510, 'HUANCAPI', 528, 0),
(051002, 0510, 'ALCAMENCA', 529, 0),
(051003, 0510, 'APONGO', 530, 0),
(051004, 0510, 'ASQUIPATA', 531, 0),
(051005, 0510, 'CANARIA', 532, 0),
(051006, 0510, 'CAYARA', 533, 0),
(051007, 0510, 'COLCA', 534, 0),
(051008, 0510, 'HUAMANQUIQUIA', 535, 0),
(051009, 0510, 'HUANCARAYLLA', 536, 0),
(051010, 0510, 'HUAYA', 537, 0),
(051011, 0510, 'SARHUA', 538, 0),
(051012, 0510, 'VILCANCHOS', 539, 0),
(051101, 0511, 'VILCASHUAMAN', 540, 0),
(051102, 0511, 'ACCOMARCA', 541, 0),
(051103, 0511, 'CARHUANCA', 542, 0),
(051104, 0511, 'CONCEPCION', 543, 0),
(051105, 0511, 'HUAMBALPA', 544, 0),
(051106, 0511, 'INDEPENDENCIA', 545, 0),
(051107, 0511, 'SAURAMA', 546, 0),
(051108, 0511, 'VISCHONGO', 547, 0),
(060101, 0601, 'CAJAMARCA', 548, 0),
(060102, 0601, 'ASUNCION', 549, 0),
(060103, 0601, 'CHETILLA', 550, 0),
(060104, 0601, 'COSPAN', 551, 0),
(060105, 0601, 'ENCA?ADA', 552, 0),
(060106, 0601, 'JESUS', 553, 0),
(060107, 0601, 'LLACANORA', 554, 0),
(060108, 0601, 'LOS BA?OS DEL INCA', 555, 0),
(060109, 0601, 'MAGDALENA', 556, 0),
(060110, 0601, 'MATARA', 557, 0),
(060111, 0601, 'NAMORA', 558, 0),
(060112, 0601, 'SAN JUAN', 559, 0),
(060201, 0602, 'CAJABAMBA', 560, 0),
(060202, 0602, 'CACHACHI', 561, 0),
(060203, 0602, 'CONDEBAMBA', 562, 0),
(060204, 0602, 'SITACOCHA', 563, 0),
(060301, 0603, 'CELENDIN', 564, 0),
(060302, 0603, 'CHUMUCH', 565, 0),
(060303, 0603, 'CORTEGANA', 566, 0),
(060304, 0603, 'HUASMIN', 567, 0),
(060305, 0603, 'JORGE CHAVEZ', 568, 0),
(060306, 0603, 'JOSE GALVEZ', 569, 0),
(060307, 0603, 'MIGUEL IGLESIAS', 570, 0),
(060308, 0603, 'OXAMARCA', 571, 0),
(060309, 0603, 'SOROCHUCO', 572, 0),
(060310, 0603, 'SUCRE', 573, 0),
(060311, 0603, 'UTCO', 574, 0),
(060312, 0603, 'LA LIBERTAD DE PALLAN', 575, 0),
(060401, 0604, 'CHOTA', 576, 0),
(060402, 0604, 'ANGUIA', 577, 0),
(060403, 0604, 'CHADIN', 578, 0),
(060404, 0604, 'CHIGUIRIP', 579, 0),
(060405, 0604, 'CHIMBAN', 580, 0),
(060406, 0604, 'CHOROPAMPA', 581, 0),
(060407, 0604, 'COCHABAMBA', 582, 0),
(060408, 0604, 'CONCHAN', 583, 0),
(060409, 0604, 'HUAMBOS', 584, 0),
(060410, 0604, 'LAJAS', 585, 0),
(060411, 0604, 'LLAMA', 586, 0),
(060412, 0604, 'MIRACOSTA', 587, 0),
(060413, 0604, 'PACCHA', 588, 0),
(060414, 0604, 'PION', 589, 0),
(060415, 0604, 'QUEROCOTO', 590, 0),
(060416, 0604, 'SAN JUAN DE LICUPIS', 591, 0),
(060417, 0604, 'TACABAMBA', 592, 0),
(060418, 0604, 'TOCMOCHE', 593, 0),
(060419, 0604, 'CHALAMARCA', 594, 0),
(060501, 0605, 'CONTUMAZA', 595, 0),
(060502, 0605, 'CHILETE', 596, 0),
(060503, 0605, 'CUPISNIQUE', 597, 0),
(060504, 0605, 'GUZMANGO', 598, 0),
(060505, 0605, 'SAN BENITO', 599, 0),
(060506, 0605, 'SANTA CRUZ DE TOLED', 600, 0),
(060507, 0605, 'TANTARICA', 601, 0),
(060508, 0605, 'YONAN', 602, 0),
(060601, 0606, 'CUTERVO', 603, 0),
(060602, 0606, 'CALLAYUC', 604, 0),
(060603, 0606, 'CHOROS', 605, 0),
(060604, 0606, 'CUJILLO', 606, 0),
(060605, 0606, 'LA RAMADA', 607, 0),
(060606, 0606, 'PIMPINGOS', 608, 0),
(060607, 0606, 'QUEROCOTILLO', 609, 0),
(060608, 0606, 'SAN ANDRES DE CUTERVO', 610, 0),
(060609, 0606, 'SAN JUAN DE CUTERVO', 611, 0),
(060610, 0606, 'SAN LUIS DE LUCMA', 612, 0),
(060611, 0606, 'SANTA CRUZ', 613, 0),
(060612, 0606, 'SANTO DOMINGO DE LA CAPIL', 614, 0),
(060613, 0606, 'SANTO TOMAS', 615, 0),
(060614, 0606, 'SOCOTA', 616, 0),
(060615, 0606, 'TORIBIO CASANOVA', 617, 0),
(060701, 0607, 'BAMBAMARCA', 618, 0),
(060702, 0607, 'CHUGUR', 619, 0),
(060703, 0607, 'HUALGAYOC', 620, 0),
(060801, 0608, 'JAEN', 621, 0),
(060802, 0608, 'BELLAVISTA', 622, 0),
(060803, 0608, 'CHONTALI', 623, 0),
(060804, 0608, 'COLASAY', 624, 0),
(060805, 0608, 'HUABAL', 625, 0),
(060806, 0608, 'LAS PIRIAS', 626, 0),
(060807, 0608, 'POMAHUACA', 627, 0),
(060808, 0608, 'PUCARA', 628, 0),
(060809, 0608, 'SALLIQUE', 629, 0),
(060810, 0608, 'SAN FELIPE', 630, 0),
(060811, 0608, 'SAN JOSE DEL ALTO', 631, 0),
(060812, 0608, 'SANTA ROSA', 632, 0),
(060901, 0609, 'SAN IGNACIO', 633, 0),
(060902, 0609, 'CHIRINOS', 634, 0),
(060903, 0609, 'HUARANGO', 635, 0),
(060904, 0609, 'LA COIPA', 636, 0),
(060905, 0609, 'NAMBALLE', 637, 0),
(060906, 0609, 'SAN JOSE DE LOURDES', 638, 0),
(060907, 0609, 'TABACONAS', 639, 0),
(061001, 0610, 'PEDRO GALVEZ', 640, 0),
(061002, 0610, 'CHANCAY', 641, 0),
(061003, 0610, 'EDUARDO VILLANUEVA', 642, 0),
(061004, 0610, 'GREGORIO PITA', 643, 0),
(061005, 0610, 'ICHOCAN', 644, 0),
(061006, 0610, 'JOSE MANUEL QUIROZ', 645, 0),
(061007, 0610, 'JOSE SABOGAL', 646, 0),
(061101, 0611, 'SAN MIGUEL', 647, 0),
(061102, 0611, 'BOLIVAR', 648, 0),
(061103, 0611, 'CALQUIS', 649, 0),
(061104, 0611, 'CATILLUC', 650, 0),
(061105, 0611, 'EL PRADO', 651, 0),
(061106, 0611, 'LA FLORIDA', 652, 0),
(061107, 0611, 'LLAPA', 653, 0),
(061108, 0611, 'NANCHOC', 654, 0),
(061109, 0611, 'NIEPOS', 655, 0),
(061110, 0611, 'SAN GREGORIO', 656, 0),
(061111, 0611, 'SAN SILVESTRE DE CONCHAN', 657, 0),
(061112, 0611, 'TONGOD', 658, 0),
(061113, 0611, 'UNION AGUA BLANCA', 659, 0),
(061201, 0612, 'SAN PABLO', 660, 0),
(061202, 0612, 'SAN BERNARDINO', 661, 0),
(061203, 0612, 'SAN LUIS', 662, 0),
(061204, 0612, 'TUMBADEN', 663, 0),
(061301, 0613, 'SANTA CRUZ', 664, 0),
(061302, 0613, 'ANDABAMBA', 665, 0),
(061303, 0613, 'CATACHE', 666, 0),
(061304, 0613, 'CHANCAYBA?OS', 667, 0),
(061305, 0613, 'LA ESPERANZA', 668, 0),
(061306, 0613, 'NINABAMBA', 669, 0),
(061307, 0613, 'PULAN', 670, 0),
(061308, 0613, 'SAUCEPAMPA', 671, 0),
(061309, 0613, 'SEXI', 672, 0),
(061310, 0613, 'UTICYACU', 673, 0),
(061311, 0613, 'YAUYUCAN', 674, 0),
(070101, 0701, 'CALLAO', 675, 0),
(070102, 0701, 'BELLAVISTA', 676, 0),
(070103, 0701, 'CARMEN DE LA LEGUA REYNO', 677, 0),
(070104, 0701, 'LA PERLA', 678, 0),
(070105, 0701, 'LA PUNTA', 679, 0),
(070106, 0701, 'VENTANILLA', 680, 0),
(070107, 0701, 'MI PERU', 681, 0),
(080101, 0801, 'CUSCO', 682, 0),
(080102, 0801, 'CCORCA', 683, 0),
(080103, 0801, 'POROY', 684, 0),
(080104, 0801, 'SAN JERONIMO', 685, 0),
(080105, 0801, 'SAN SEBASTIAN', 686, 0),
(080106, 0801, 'SANTIAGO', 687, 0),
(080107, 0801, 'SAYLLA', 688, 0),
(080108, 0801, 'WANCHAQ', 689, 0),
(080201, 0802, 'ACOMAYO', 690, 0),
(080202, 0802, 'ACOPIA', 691, 0),
(080203, 0802, 'ACOS', 692, 0),
(080204, 0802, 'MOSOC LLACTA', 693, 0),
(080205, 0802, 'POMACANCHI', 694, 0),
(080206, 0802, 'RONDOCAN', 695, 0),
(080207, 0802, 'SANGARARA', 696, 0),
(080301, 0803, 'ANTA', 697, 0),
(080302, 0803, 'ANCAHUASI', 698, 0),
(080303, 0803, 'CACHIMAYO', 699, 0),
(080304, 0803, 'CHINCHAYPUJIO', 700, 0),
(080305, 0803, 'HUAROCONDO', 701, 0),
(080306, 0803, 'LIMATAMBO', 702, 0),
(080307, 0803, 'MOLLEPATA', 703, 0),
(080308, 0803, 'PUCYURA', 704, 0),
(080309, 0803, 'ZURITE', 705, 0),
(080401, 0804, 'CALCA', 706, 0),
(080402, 0804, 'COYA', 707, 0),
(080403, 0804, 'LAMAY', 708, 0),
(080404, 0804, 'LARES', 709, 0),
(080405, 0804, 'PISAC', 710, 0),
(080406, 0804, 'SAN SALVADOR', 711, 0),
(080407, 0804, 'TARAY', 712, 0),
(080408, 0804, 'YANATILE', 713, 0),
(080501, 0805, 'YANAOCA', 714, 0),
(080502, 0805, 'CHECCA', 715, 0),
(080503, 0805, 'KUNTURKANKI', 716, 0),
(080504, 0805, 'LANGUI', 717, 0),
(080505, 0805, 'LAYO', 718, 0),
(080506, 0805, 'PAMPAMARCA', 719, 0),
(080507, 0805, 'QUEHUE', 720, 0),
(080508, 0805, 'TUPAC AMARU', 721, 0),
(080601, 0806, 'SICUANI', 722, 0),
(080602, 0806, 'CHECACUPE', 723, 0),
(080603, 0806, 'COMBAPATA', 724, 0),
(080604, 0806, 'MARANGANI', 725, 0),
(080605, 0806, 'PITUMARCA', 726, 0),
(080606, 0806, 'SAN PABLO', 727, 0),
(080607, 0806, 'SAN PEDRO', 728, 0),
(080608, 0806, 'TINTA', 729, 0),
(080701, 0807, 'SANTO TOMAS', 730, 0),
(080702, 0807, 'CAPACMARCA', 731, 0),
(080703, 0807, 'CHAMACA', 732, 0),
(080704, 0807, 'COLQUEMARCA', 733, 0),
(080705, 0807, 'LIVITACA', 734, 0),
(080706, 0807, 'LLUSCO', 735, 0),
(080707, 0807, 'QUI?OTA', 736, 0),
(080708, 0807, 'VELILLE', 737, 0),
(080801, 0808, 'ESPINAR', 738, 0),
(080802, 0808, 'CONDOROMA', 739, 0),
(080803, 0808, 'COPORAQUE', 740, 0),
(080804, 0808, 'OCORURO', 741, 0),
(080805, 0808, 'PALLPATA', 742, 0),
(080806, 0808, 'PICHIGUA', 743, 0),
(080807, 0808, 'SUYCKUTAMBO', 744, 0),
(080808, 0808, 'ALTO PICHIGUA', 745, 0),
(080901, 0809, 'SANTA ANA', 746, 0),
(080902, 0809, 'ECHERATE', 747, 0),
(080903, 0809, 'HUAYOPATA', 748, 0),
(080904, 0809, 'MARANURA', 749, 0),
(080905, 0809, 'OCOBAMBA', 750, 0),
(080906, 0809, 'QUELLOUNO', 751, 0),
(080907, 0809, 'KIMBIRI', 752, 0),
(080908, 0809, 'SANTA TERESA', 753, 0),
(080909, 0809, 'VILCABAMBA', 754, 0),
(080910, 0809, 'PICHARI', 755, 0),
(081001, 0810, 'PARURO', 756, 0),
(081002, 0810, 'ACCHA', 757, 0),
(081003, 0810, 'CCAPI', 758, 0),
(081004, 0810, 'COLCHA', 759, 0),
(081005, 0810, 'HUANOQUITE', 760, 0),
(081006, 0810, 'OMACHA', 761, 0),
(081007, 0810, 'PACCARITAMBO', 762, 0),
(081008, 0810, 'PILLPINTO', 763, 0),
(081009, 0810, 'YAURISQUE', 764, 0),
(081101, 0811, 'PAUCARTAMBO', 765, 0),
(081102, 0811, 'CAICAY', 766, 0),
(081103, 0811, 'CHALLABAMBA', 767, 0),
(081104, 0811, 'COLQUEPATA', 768, 0),
(081105, 0811, 'HUANCARANI', 769, 0),
(081106, 0811, 'KOSNIPATA', 770, 0),
(081201, 0812, 'URCOS', 771, 0),
(081202, 0812, 'ANDAHUAYLILLAS', 772, 0),
(081203, 0812, 'CAMANTI', 773, 0),
(081204, 0812, 'CCARHUAYO', 774, 0),
(081205, 0812, 'CCATCA', 775, 0),
(081206, 0812, 'CUSIPATA', 776, 0),
(081207, 0812, 'HUARO', 777, 0),
(081208, 0812, 'LUCRE', 778, 0),
(081209, 0812, 'MARCAPATA', 779, 0),
(081210, 0812, 'OCONGATE', 780, 0),
(081211, 0812, 'OROPESA', 781, 0),
(081212, 0812, 'QUIQUIJANA', 782, 0),
(081301, 0813, 'URUBAMBA', 783, 0),
(081302, 0813, 'CHINCHERO', 784, 0),
(081303, 0813, 'HUAYLLABAMBA', 785, 0),
(081304, 0813, 'MACHUPICCHU', 786, 0),
(081305, 0813, 'MARAS', 787, 0),
(081306, 0813, 'OLLANTAYTAMBO', 788, 0),
(081307, 0813, 'YUCAY', 789, 0),
(090101, 0901, 'HUANCAVELICA', 790, 0),
(090102, 0901, 'ACOBAMBILLA', 791, 0),
(090103, 0901, 'ACORIA', 792, 0),
(090104, 0901, 'CONAYCA', 793, 0),
(090105, 0901, 'CUENCA', 794, 0),
(090106, 0901, 'HUACHOCOLPA', 795, 0),
(090107, 0901, 'HUAYLLAHUARA', 796, 0),
(090108, 0901, 'IZCUCHACA', 797, 0),
(090109, 0901, 'LARIA', 798, 0),
(090110, 0901, 'MANTA', 799, 0),
(090111, 0901, 'MARISCAL CACERES', 800, 0),
(090112, 0901, 'MOYA', 801, 0),
(090113, 0901, 'NUEVO OCCORO', 802, 0),
(090114, 0901, 'PALCA', 803, 0),
(090115, 0901, 'PILCHACA', 804, 0),
(090116, 0901, 'VILCA', 805, 0),
(090117, 0901, 'YAULI', 806, 0),
(090201, 0902, 'ACOBAMBA', 807, 0),
(090202, 0902, 'ANDABAMBA', 808, 0),
(090203, 0902, 'ANTA', 809, 0),
(090204, 0902, 'CAJA', 810, 0),
(090205, 0902, 'MARCAS', 811, 0),
(090206, 0902, 'PAUCARA', 812, 0),
(090207, 0902, 'POMACOCHA', 813, 0),
(090208, 0902, 'ROSARIO', 814, 0),
(090301, 0903, 'LIRCAY', 815, 0),
(090302, 0903, 'ANCHONGA', 816, 0),
(090303, 0903, 'CALLANMARCA', 817, 0),
(090304, 0903, 'CCOCHACCASA', 818, 0),
(090305, 0903, 'CHINCHO', 819, 0),
(090306, 0903, 'CONGALLA', 820, 0),
(090307, 0903, 'HUANCA-HUANCA', 821, 0),
(090308, 0903, 'HUAYLLAY GRANDE', 822, 0),
(090309, 0903, 'JULCAMARCA', 823, 0),
(090310, 0903, 'SAN ANTONIO DE ANTAPARCO', 824, 0),
(090311, 0903, 'SANTO TOMAS DE PATA', 825, 0),
(090312, 0903, 'SECCLLA', 826, 0),
(090401, 0904, 'CASTROVIRREYNA', 827, 0),
(090402, 0904, 'ARMA', 828, 0),
(090403, 0904, 'AURAHUA', 829, 0),
(090404, 0904, 'CAPILLAS', 830, 0),
(090405, 0904, 'CHUPAMARCA', 831, 0),
(090406, 0904, 'COCAS', 832, 0),
(090407, 0904, 'HUACHOS', 833, 0),
(090408, 0904, 'HUAMATAMBO', 834, 0),
(090409, 0904, 'MOLLEPAMPA', 835, 0),
(090410, 0904, 'SAN JUAN', 836, 0),
(090411, 0904, 'SANTA ANA', 837, 0),
(090412, 0904, 'TANTARA', 838, 0),
(090413, 0904, 'TICRAPO', 839, 0),
(090501, 0905, 'CHURCAMPA', 840, 0),
(090502, 0905, 'ANCO', 841, 0),
(090503, 0905, 'CHINCHIHUASI', 842, 0),
(090504, 0905, 'EL CARMEN', 843, 0),
(090505, 0905, 'LA MERCED', 844, 0),
(090506, 0905, 'LOCROJA', 845, 0),
(090507, 0905, 'PAUCARBAMBA', 846, 0),
(090508, 0905, 'SAN MIGUEL DE MAYOCC', 847, 0),
(090509, 0905, 'SAN PEDRO DE CORIS', 848, 0),
(090510, 0905, 'PACHAMARCA', 849, 0),
(090601, 0906, 'HUAYTARA', 850, 0),
(090602, 0906, 'AYAVI', 851, 0),
(090603, 0906, 'CORDOVA', 852, 0),
(090604, 0906, 'HUAYACUNDO ARMA', 853, 0),
(090605, 0906, 'LARAMACA', 854, 0),
(090606, 0906, 'OCOYO', 855, 0),
(090607, 0906, 'PILPICHACA', 856, 0),
(090608, 0906, 'QUERCO', 857, 0),
(090609, 0906, 'QUITO-ARMA', 858, 0),
(090610, 0906, 'SAN ANTONIO DE CUSICANCHA', 859, 0),
(090611, 0906, 'SAN FCO DE SANGAYAICO', 860, 0),
(090612, 0906, 'SAN ISIDRO', 861, 0),
(090613, 0906, 'SANTIAGO DE CHOCORVOS', 862, 0),
(090614, 0906, 'SANTIAGO DE QUIRAHUARA', 863, 0),
(090615, 0906, 'SANTO DOMINGO DE CAPILLAS', 864, 0),
(090616, 0906, 'TAMBO', 865, 0),
(090701, 0907, 'PAMPAS', 866, 0),
(090702, 0907, 'ACOSTAMBO', 867, 0),
(090703, 0907, 'ACRAQUIA', 868, 0),
(090704, 0907, 'AHUAYCHA', 869, 0),
(090705, 0907, 'COLCABAMBA', 870, 0),
(090706, 0907, 'DANIEL HERNANDEZ', 871, 0),
(090707, 0907, 'HUACHOCOLPA', 872, 0),
(090708, 0907, 'HUANDO', 873, 0),
(090709, 0907, 'HUARIBAMBA', 874, 0),
(090710, 0907, '?AHUIMPUQUIO', 875, 0),
(090711, 0907, 'PAZOS', 876, 0),
(090713, 0907, 'QUISHUAR', 877, 0),
(090714, 0907, 'SALCABAMBA', 878, 0),
(090715, 0907, 'SALCAHUASI', 879, 0),
(090716, 0907, 'SAN MARCOS DE ROCCHAC', 880, 0),
(090717, 0907, 'SURCUBAMBA', 881, 0),
(090718, 0907, 'TINTAY PUNCU', 882, 0),
(100101, 1001, 'HUANUCO', 883, 0),
(100102, 1001, 'AMARILIS', 884, 0),
(100103, 1001, 'CHINCHAO', 885, 0),
(100104, 1001, 'CHURUBAMBA', 886, 0),
(100105, 1001, 'MARGOS', 887, 0),
(100106, 1001, 'QUISQUI', 888, 0),
(100107, 1001, 'SAN FRANCISCO DE CAYRAN', 889, 0),
(100108, 1001, 'SAN PEDRO DE CHAULAN', 890, 0),
(100109, 1001, 'SANTA MARIA DEL VALLE', 891, 0),
(100110, 1001, 'YARUMAYO', 892, 0),
(100201, 1002, 'AMBO', 893, 0),
(100202, 1002, 'CAYNA', 894, 0),
(100203, 1002, 'COLPAS', 895, 0),
(100204, 1002, 'CONCHAMARCA', 896, 0),
(100205, 1002, 'HUACAR', 897, 0),
(100207, 1002, 'SAN RAFAEL', 898, 0),
(100208, 1002, 'TOMAY KICHWA', 899, 0),
(100301, 1003, 'LA UNION', 900, 0),
(100307, 1003, 'CHUQUIS', 901, 0),
(100311, 1003, 'MARIAS', 902, 0),
(100313, 1003, 'PACHAS', 903, 0),
(100316, 1003, 'QUIVILLA', 904, 0),
(100317, 1003, 'RIPAN', 905, 0),
(100321, 1003, 'SHUNQUI', 906, 0),
(100322, 1003, 'SILLAPATA', 907, 0),
(100323, 1003, 'YANAS', 908, 0),
(100401, 1004, 'HUACAYBAMBA', 909, 0),
(100402, 1004, 'CANCHABAMBA', 910, 0),
(100403, 1004, 'COCHABAMBA', 911, 0),
(100404, 1004, 'PINRA', 912, 0),
(100501, 1005, 'LLATA', 913, 0),
(100502, 1005, 'ARANCAY', 914, 0),
(100503, 1005, 'CHAVIN DE PARIARCA', 915, 0),
(100504, 1005, 'JACAS GRANDE', 916, 0),
(100505, 1005, 'JIRCAN', 917, 0),
(100506, 1005, 'MIRAFLORES', 918, 0),
(100507, 1005, 'MONZON', 919, 0),
(100508, 1005, 'PUNCHAO', 920, 0),
(100509, 1005, 'PU?OS', 921, 0),
(100510, 1005, 'SINGA', 922, 0),
(100511, 1005, 'TANTAMAYO', 923, 0),
(100601, 1006, 'RUPA-RUPA', 924, 0),
(100602, 1006, 'DANIEL ALOMIA ROBLES', 925, 0),
(100603, 1006, 'HERMILIO VALDIZAN', 926, 0),
(100604, 1006, 'JOSE CRESPO Y CASTILLO', 927, 0),
(100605, 1006, 'LUYANDO', 928, 0),
(100606, 1006, 'MARIANO DAMASCO BERAUN', 929, 0),
(100701, 1007, 'HUACRACHUCO', 930, 0),
(100702, 1007, 'CHOLON', 931, 0),
(100703, 1007, 'SAN BUENAVENTURA', 932, 0),
(100801, 1008, 'PANAO', 933, 0),
(100802, 1008, 'CHAGLLA', 934, 0),
(100803, 1008, 'MOLINO', 935, 0),
(100804, 1008, 'UMARI', 936, 0),
(100901, 1009, 'PUERTO INCA', 937, 0),
(100902, 1009, 'CODO DEL POZUZO', 938, 0),
(100903, 1009, 'HONORIA', 939, 0),
(100904, 1009, 'TOURNAVISTA', 940, 0),
(100905, 1009, 'YUYAPICHIS', 941, 0),
(101001, 1010, 'JESUS', 942, 0),
(101002, 1010, 'BA?OS', 943, 0),
(101003, 1010, 'JIVIA', 944, 0),
(101004, 1010, 'QUEROPALCA', 945, 0),
(101005, 1010, 'RONDOS', 946, 0),
(101006, 1010, 'SAN FRANCISCO DE ASIS', 947, 0),
(101007, 1010, 'SAN MIGUEL DE CAURI', 948, 0),
(101101, 1011, 'CHAVINILLO', 949, 0),
(101102, 1011, 'CAHUAC', 950, 0),
(101103, 1011, 'CHACABAMBA', 951, 0),
(101104, 1011, 'CHUPAN', 952, 0),
(101105, 1011, 'JACAS CHICO', 953, 0),
(101106, 1011, 'OBAS', 954, 0),
(101107, 1011, 'PAMPAMARCA', 955, 0),
(110101, 1101, 'ICA', 956, 0),
(110102, 1101, 'LA TINGUI?A', 957, 0),
(110103, 1101, 'LOS AQUIJES', 958, 0),
(110104, 1101, 'OCUCAJE', 959, 0),
(110105, 1101, 'PACHACUTEC', 960, 0),
(110106, 1101, 'PARCONA', 961, 0),
(110107, 1101, 'PUEBLO NUEVO', 962, 0),
(110108, 1101, 'SALAS', 963, 0),
(110109, 1101, 'SAN JOSE DE LOS MOLINOS', 964, 0),
(110110, 1101, 'SAN JUAN BAUTISTA', 965, 0),
(110111, 1101, 'SANTIAGO', 966, 0),
(110112, 1101, 'SUBTANJALLA', 967, 0),
(110113, 1101, 'TATE', 968, 0),
(110114, 1101, 'YAUCA DEL ROSARIO', 969, 0),
(110201, 1102, 'CHINCHA ALTA', 970, 0),
(110202, 1102, 'ALTO LARAN', 971, 0),
(110203, 1102, 'CHAVIN', 972, 0),
(110204, 1102, 'CHINCHA BAJA', 973, 0),
(110205, 1102, 'EL CARMEN', 974, 0),
(110206, 1102, 'GROCIO PRADO', 975, 0),
(110207, 1102, 'PUEBLO NUEVO', 976, 0),
(110208, 1102, 'SAN JUAN DE YANAC', 977, 0),
(110209, 1102, 'SAN PEDRO DE HUACARPANA', 978, 0),
(110210, 1102, 'SUNAMPE', 979, 0),
(110211, 1102, 'TAMBO DE MORA', 980, 0),
(110301, 1103, 'NASCA', 981, 0),
(110302, 1103, 'CHANGUILLO', 982, 0),
(110303, 1103, 'EL INGENIO', 983, 0),
(110304, 1103, 'MARCONA', 984, 0),
(110305, 1103, 'VISTA ALEGRE', 985, 0),
(110401, 1104, 'PALPA', 986, 0),
(110402, 1104, 'LLIPATA', 987, 0),
(110403, 1104, 'RIO GRANDE', 988, 0),
(110404, 1104, 'SANTA CRUZ', 989, 0),
(110405, 1104, 'TIBILLO', 990, 0),
(110501, 1105, 'PISCO', 991, 0),
(110502, 1105, 'HUANCANO', 992, 0),
(110503, 1105, 'HUMAY', 993, 0),
(110504, 1105, 'INDEPENDENCIA', 994, 0),
(110505, 1105, 'PARACAS', 995, 0),
(110506, 1105, 'SAN ANDRES', 996, 0),
(110507, 1105, 'SAN CLEMENTE', 997, 0),
(110508, 1105, 'TUPAC AMARU INCA', 998, 0),
(120101, 1201, 'HUANCAYO', 999, 0),
(120104, 1201, 'CARHUACALLANGA', 1000, 0),
(120105, 1201, 'CHACAPAMPA', 1001, 0),
(120106, 1201, 'CHICCHE', 1002, 0),
(120107, 1201, 'CHILCA', 1003, 0),
(120108, 1201, 'CHONGOS ALTO', 1004, 0),
(120111, 1201, 'CHUPURO', 1005, 0),
(120112, 1201, 'COLCA', 1006, 0),
(120113, 1201, 'CULLHUAS', 1007, 0),
(120114, 1201, 'EL TAMBO', 1008, 0),
(120116, 1201, 'HUACRAPUQUIO', 1009, 0),
(120117, 1201, 'HUALHUAS', 1010, 0),
(120119, 1201, 'HUANCAN', 1011, 0),
(120120, 1201, 'HUASICANCHA', 1012, 0),
(120121, 1201, 'HUAYUCACHI', 1013, 0),
(120122, 1201, 'INGENIO', 1014, 0),
(120124, 1201, 'PARIAHUANCA', 1015, 0),
(120125, 1201, 'PILCOMAYO', 1016, 0),
(120126, 1201, 'PUCARA', 1017, 0),
(120127, 1201, 'QUICHUAY', 1018, 0),
(120128, 1201, 'QUILCAS', 1019, 0),
(120129, 1201, 'SAN AGUSTIN', 1020, 0),
(120130, 1201, 'SAN JERONIMO DE TUNAN', 1021, 0),
(120132, 1201, 'SA?O', 1022, 0),
(120133, 1201, 'SAPALLANGA', 1023, 0),
(120134, 1201, 'SICAYA', 1024, 0),
(120135, 1201, 'SANTO DOMINGO DE ACOBAMBA', 1025, 0),
(120136, 1201, 'VIQUES', 1026, 0),
(120201, 1202, 'CONCEPCION', 1027, 0),
(120202, 1202, 'ACO', 1028, 0),
(120203, 1202, 'ANDAMARCA', 1029, 0),
(120204, 1202, 'CHAMBARA', 1030, 0),
(120205, 1202, 'COCHAS', 1031, 0),
(120206, 1202, 'COMAS', 1032, 0),
(120207, 1202, 'HEROINAS DE TOLEDO', 1033, 0),
(120208, 1202, 'MANZANARES', 1034, 0),
(120209, 1202, 'MARISCAL CASTILLA', 1035, 0),
(120210, 1202, 'MATAHUASI', 1036, 0),
(120211, 1202, 'MITO', 1037, 0),
(120212, 1202, 'NUEVE DE JULIO', 1038, 0),
(120213, 1202, 'ORCOTUNA', 1039, 0),
(120214, 1202, 'SAN JOSE DE QUERO', 1040, 0),
(120215, 1202, 'SANTA ROSA DE OCOPA', 1041, 0),
(120301, 1203, 'CHANCHAMAYO', 1042, 0),
(120302, 1203, 'PERENE', 1043, 0),
(120303, 1203, 'PICHANAQUI', 1044, 0),
(120304, 1203, 'SAN LUIIS DE SHUARO', 1045, 0),
(120305, 1203, 'SAN RAMON', 1046, 0),
(120306, 1203, 'VITOC', 1047, 0),
(120401, 1204, 'JAUJA', 1048, 0),
(120402, 1204, 'ACOLLA', 1049, 0),
(120403, 1204, 'APATA', 1050, 0),
(120404, 1204, 'ATAURA', 1051, 0),
(120405, 1204, 'CANCHAYLLO', 1052, 0),
(120406, 1204, 'CURICACA', 1053, 0),
(120407, 1204, 'EL MANTARO', 1054, 0),
(120408, 1204, 'HUAMALI', 1055, 0),
(120409, 1204, 'HUARIPAMPA', 1056, 0),
(120410, 1204, 'HUERTAS', 1057, 0),
(120411, 1204, 'JANJAILLO', 1058, 0),
(120412, 1204, 'JULCAN', 1059, 0),
(120413, 1204, 'LEONOR ORDO?EZ', 1060, 0),
(120414, 1204, 'LLOCLLAPAMPA', 1061, 0),
(120415, 1204, 'MARCO', 1062, 0),
(120416, 1204, 'MASMA', 1063, 0),
(120417, 1204, 'MASMA CHICCHE', 1064, 0),
(120418, 1204, 'MOLINOS', 1065, 0),
(120419, 1204, 'MONOBAMBA', 1066, 0),
(120420, 1204, 'MUQUI', 1067, 0),
(120421, 1204, 'MUQUIYAUYO', 1068, 0),
(120422, 1204, 'PACA', 1069, 0),
(120423, 1204, 'PACCHA', 1070, 0),
(120424, 1204, 'PANCAN', 1071, 0),
(120425, 1204, 'PARCO', 1072, 0),
(120426, 1204, 'POMACANCHA', 1073, 0),
(120427, 1204, 'RICRAN', 1074, 0),
(120428, 1204, 'SAN LORENZO', 1075, 0),
(120429, 1204, 'SAN PEDRO DE CHUNAN', 1076, 0),
(120430, 1204, 'SAUSA', 1077, 0),
(120431, 1204, 'SINCOS', 1078, 0),
(120432, 1204, 'TUNAN MARCA', 1079, 0),
(120433, 1204, 'YAULI', 1080, 0),
(120434, 1204, 'YAUYOS', 1081, 0),
(120501, 1205, 'JUNIN', 1082, 0),
(120502, 1205, 'CARHUAMAYO', 1083, 0),
(120503, 1205, 'ONDORES', 1084, 0),
(120504, 1205, 'ULCUMAYO', 1085, 0),
(120601, 1206, 'SATIPO', 1086, 0),
(120602, 1206, 'COVIRIALI', 1087, 0),
(120603, 1206, 'LLAYLLA', 1088, 0),
(120604, 1206, 'MAZAMARI', 1089, 0),
(120605, 1206, 'PAMPA HERMOSA', 1090, 0),
(120606, 1206, 'PANGOA', 1091, 0),
(120607, 1206, 'RIO NEGRO', 1092, 0),
(120608, 1206, 'RIO TAMBO', 1093, 0),
(120701, 1207, 'TARMA', 1094, 0),
(120702, 1207, 'ACOBAMBA', 1095, 0),
(120703, 1207, 'HUARICOLCA', 1096, 0),
(120704, 1207, 'HUASAHUASI', 1097, 0),
(120705, 1207, 'LA UNION', 1098, 0),
(120706, 1207, 'PALCA', 1099, 0),
(120707, 1207, 'PALCAMAYO', 1100, 0),
(120708, 1207, 'SAN PEDRO DE CAJAS', 1101, 0),
(120709, 1207, 'TAPO', 1102, 0),
(120801, 1208, 'LA OROYA', 1103, 0),
(120802, 1208, 'CHACAPALCA', 1104, 0),
(120803, 1208, 'HUAY-HUAY', 1105, 0),
(120804, 1208, 'MARCAPOMACOCHA', 1106, 0),
(120805, 1208, 'MOROCOCHA', 1107, 0),
(120806, 1208, 'PACCHA', 1108, 0),
(120807, 1208, 'STA BARBARA DE CARHUACAY', 1109, 0),
(120808, 1208, 'SANTA ROSA DE SACCO', 1110, 0),
(120809, 1208, 'SUITUCANCHA', 1111, 0),
(120810, 1208, 'YAULI', 1112, 0),
(120901, 1209, 'CHUPACA', 1113, 0),
(120902, 1209, 'AHUAC', 1114, 0),
(120903, 1209, 'CHONGOS BAJO', 1115, 0),
(120904, 1209, 'HUACHAC', 1116, 0),
(120905, 1209, 'HUAMANCACA CHICO', 1117, 0),
(120906, 1209, 'SAN JUAN DE ISCOS', 1118, 0),
(120907, 1209, 'SAN JUAN DE JARPA', 1119, 0),
(120908, 1209, 'TRES DE DICIEMBRE', 1120, 0),
(120909, 1209, 'YANACANCHA', 1121, 0),
(130101, 1301, 'TRUJILLO', 1122, 0),
(130102, 1301, 'EL PORVENIR', 1123, 0),
(130103, 1301, 'FLORENCIA DE MORA', 1124, 0),
(130104, 1301, 'HUANCHACO', 1125, 0),
(130105, 1301, 'LA ESPERANZA', 1126, 0),
(130106, 1301, 'LAREDO', 1127, 0),
(130107, 1301, 'MOCHE', 1128, 0),
(130108, 1301, 'POROTO', 1129, 0),
(130109, 1301, 'SALAVERRY', 1130, 0),
(130110, 1301, 'SIMBAL', 1131, 0),
(130111, 1301, 'VICTOR LARCO HERRERA', 1132, 0),
(130201, 1302, 'ASCOPE', 1133, 0),
(130202, 1302, 'CHICAMA', 1134, 0),
(130203, 1302, 'CHOCOPE', 1135, 0),
(130204, 1302, 'MAGDALENA DE CAO', 1136, 0),
(130205, 1302, 'PAIJAN', 1137, 0),
(130206, 1302, 'RAZURI', 1138, 0),
(130207, 1302, 'SANTIAGO DE CAO', 1139, 0),
(130208, 1302, 'CASA GRANDE', 1140, 0),
(130301, 1303, 'BOLIVAR', 1141, 0),
(130302, 1303, 'BAMBAMARCA', 1142, 0),
(130303, 1303, 'CONDORMARCA', 1143, 0),
(130304, 1303, 'LONGOTEA', 1144, 0),
(130305, 1303, 'UCHUMARCA', 1145, 0),
(130306, 1303, 'UCUNCHA', 1146, 0),
(130401, 1304, 'CHEPEN', 1147, 0),
(130402, 1304, 'PACANGA', 1148, 0),
(130403, 1304, 'PUEBLO NUEVO', 1149, 0),
(130501, 1305, 'JULCAN', 1150, 0),
(130502, 1305, 'CALAMARCA', 1151, 0),
(130503, 1305, 'CARABAMBA', 1152, 0),
(130504, 1305, 'HUASO', 1153, 0),
(130601, 1306, 'OTUZCO', 1154, 0),
(130602, 1306, 'AGALLPAMPA', 1155, 0),
(130604, 1306, 'CHARAT', 1156, 0),
(130605, 1306, 'HUARANCHAL', 1157, 0),
(130606, 1306, 'LA CUESTA', 1158, 0),
(130608, 1306, 'MACHE', 1159, 0),
(130610, 1306, 'PARADAY', 1160, 0),
(130611, 1306, 'SALPO', 1161, 0),
(130613, 1306, 'SINSICAP', 1162, 0),
(130614, 1306, 'USQUIL', 1163, 0),
(130701, 1307, 'SAN PEDRO DE LLOC', 1164, 0),
(130702, 1307, 'GUADALUPE', 1165, 0),
(130703, 1307, 'JEQUETEPEQUE', 1166, 0),
(130704, 1307, 'PACASMAYO', 1167, 0),
(130705, 1307, 'SAN JOSE', 1168, 0),
(130801, 1308, 'TAYABAMBA', 1169, 0),
(130802, 1308, 'BULDIBUYO', 1170, 0),
(130803, 1308, 'CHILLIA', 1171, 0),
(130804, 1308, 'HUANCASPATA', 1172, 0),
(130805, 1308, 'HUAYLILLAS', 1173, 0),
(130806, 1308, 'HUAYO', 1174, 0),
(130807, 1308, 'ONGON', 1175, 0),
(130808, 1308, 'PARCOY', 1176, 0),
(130809, 1308, 'PATAZ', 1177, 0),
(130810, 1308, 'PIAS', 1178, 0),
(130811, 1308, 'SANTIAGO DE CHALLAS', 1179, 0),
(130812, 1308, 'TAURIJA', 1180, 0),
(130813, 1308, 'URPAY', 1181, 0),
(130901, 1309, 'HUAMACHUCO', 1182, 0),
(130902, 1309, 'CHUGAY', 1183, 0),
(130903, 1309, 'COCHORCO', 1184, 0),
(130904, 1309, 'CURGOS', 1185, 0),
(130905, 1309, 'MARCABAL', 1186, 0),
(130906, 1309, 'SANAGORAN', 1187, 0),
(130907, 1309, 'SARIN', 1188, 0),
(130908, 1309, 'SARTIMBAMBA', 1189, 0),
(131001, 1310, 'SANTIAGO DE CHUCO', 1190, 0),
(131002, 1310, 'ANGASMARCA', 1191, 0),
(131003, 1310, 'CACHICADAN', 1192, 0),
(131004, 1310, 'MOLLEBAMBA', 1193, 0),
(131005, 1310, 'MOLLEPATA', 1194, 0),
(131006, 1310, 'QUIRUVILCA', 1195, 0),
(131007, 1310, 'SANTA CRUZ DE CHUCA', 1196, 0),
(131008, 1310, 'SITABAMBA', 1197, 0),
(131101, 1311, 'CASCAS', 1198, 0),
(131102, 1311, 'LUCMA', 1199, 0),
(131103, 1311, 'MARMOT', 1200, 0),
(131104, 1311, 'SAYAPULLO', 1201, 0),
(131201, 1312, 'VIRU', 1202, 0),
(131202, 1312, 'CHAO', 1203, 0),
(131203, 1312, 'GUADALUPITO', 1204, 0),
(140101, 1401, 'CHICLAYO', 1205, 0),
(140102, 1401, 'CHONGOYAPE', 1206, 0),
(140103, 1401, 'ETEN', 1207, 0),
(140104, 1401, 'ETEN PUERTO', 1208, 0),
(140105, 1401, 'JOSE LEONARDO ORTIZ', 1209, 0),
(140106, 1401, 'LA VICTORIA', 1210, 0),
(140107, 1401, 'LAGUNAS', 1211, 0),
(140108, 1401, 'MONSEFU', 1212, 0),
(140109, 1401, 'NUEVA ARICA', 1213, 0),
(140110, 1401, 'OYOTUN', 1214, 0),
(140111, 1401, 'PICSI', 1215, 0),
(140112, 1401, 'PIMENTEL', 1216, 0),
(140113, 1401, 'REQUE', 1217, 0),
(140114, 1401, 'SANTA ROSA', 1218, 0),
(140115, 1401, 'SA?A', 1219, 0),
(140116, 1401, 'CAYALTI', 1220, 0),
(140117, 1401, 'PATAPO', 1221, 0),
(140118, 1401, 'POMALCA', 1222, 0),
(140119, 1401, 'PUCALA', 1223, 0),
(140120, 1401, 'TUMAN', 1224, 0),
(140201, 1402, 'FERRE?AFE', 1225, 0),
(140202, 1402, 'CA?ARIS', 1226, 0),
(140203, 1402, 'INCAHUASI', 1227, 0),
(140204, 1402, 'MANUEL A MESONES MURO', 1228, 0),
(140205, 1402, 'PITIPO', 1229, 0),
(140206, 1402, 'PUEBLO NUEVO', 1230, 0),
(140301, 1403, 'LAMBAYEQUE', 1231, 0),
(140302, 1403, 'CHOCHOPE', 1232, 0),
(140303, 1403, 'ILLIMO', 1233, 0),
(140304, 1403, 'JAYANCA', 1234, 0),
(140305, 1403, 'MOCHUMI', 1235, 0),
(140306, 1403, 'MORROPE', 1236, 0),
(140307, 1403, 'MOTUPE', 1237, 0),
(140308, 1403, 'OLMOS', 1238, 0),
(140309, 1403, 'PACORA', 1239, 0),
(140310, 1403, 'SALAS', 1240, 0),
(140311, 1403, 'SAN JOSE', 1241, 0),
(140312, 1403, 'TUCUME', 1242, 0),
(150101, 1501, 'LIMA', 1243, 1),
(150102, 1501, 'ANCON', 1244, 1),
(150103, 1501, 'ATE', 1245, 1),
(150104, 1501, 'BARRANCO', 1246, 1),
(150105, 1501, 'BREÑA', 1247, 1),
(150106, 1501, 'CARABAYLLO', 1248, 1),
(150107, 1501, 'CHACLACAYO', 1249, 1),
(150108, 1501, 'CHORRILLOS', 1250, 1),
(150109, 1501, 'CIENEGUILLA', 1251, 1),
(150110, 1501, 'COMAS', 1252, 1),
(150111, 1501, 'EL AGUSTINO', 1253, 1),
(150112, 1501, 'INDEPENDENCIA', 1254, 1),
(150113, 1501, 'JESUS MARIA', 1255, 1),
(150114, 1501, 'LA MOLINA', 1256, 1),
(150115, 1501, 'LA VICTORIA', 1257, 1),
(150116, 1501, 'LINCE', 1258, 1),
(150117, 1501, 'LOS OLIVOS', 1259, 1),
(150118, 1501, 'LURIGANCHO', 1260, 1),
(150119, 1501, 'LURIN', 1261, 1),
(150120, 1501, 'MAGDALENA DEL MAR', 1262, 1),
(150121, 1501, 'PUEBLO LIBRE', 1263, 1),
(150122, 1501, 'MIRAFLORES', 1264, 1),
(150123, 1501, 'PACHACAMAC', 1265, 1),
(150124, 1501, 'PUCUSANA', 1266, 1),
(150125, 1501, 'PUENTE PIEDRA', 1267, 1),
(150126, 1501, 'PUNTA HERMOZA', 1268, 1),
(150127, 1501, 'PUNTA NEGRA', 1269, 1),
(150128, 1501, 'RIMAC', 1270, 1),
(150129, 1501, 'SAN BARTOLO', 1271, 1),
(150130, 1501, 'SAN BORJA', 1272, 1),
(150131, 1501, 'SAN ISIDRO', 1273, 1),
(150132, 1501, 'SAN JUAN DE LURIGANCHO', 1274, 1),
(150133, 1501, 'SAN JUAN DE MIRAFLORES', 1275, 1),
(150134, 1501, 'SAN LUIS', 1276, 1),
(150135, 1501, 'SAN MARTIN DE PORRES', 1277, 1),
(150136, 1501, 'SAN MIGUEL', 1278, 1),
(150137, 1501, 'SANTA ANITA', 1279, 1),
(150138, 1501, 'SANTA MARIA DEL MAR', 1280, 1),
(150139, 1501, 'SANTA ROSA', 1281, 1),
(150140, 1501, 'SANTIAGO DE SURCO', 1282, 1),
(150141, 1501, 'SURQUILLO', 1283, 1),
(150142, 1501, 'VILLA EL SALVADOR', 1284, 1),
(150143, 1501, 'VILLA MARIA DEL TRIUNFO', 1285, 1),
(150201, 1502, 'BARRANCA', 1286, 1),
(150202, 1502, 'PARAMONGA', 1287, 1),
(150203, 1502, 'PATIVILCA', 1288, 1),
(150204, 1502, 'SUPE', 1289, 1),
(150205, 1502, 'SUPE PUERTO', 1290, 1),
(150301, 1503, 'CAJATAMBO', 1291, 1),
(150302, 1503, 'COPA', 1292, 1),
(150303, 1503, 'GONGOR', 1293, 1),
(150304, 1503, 'HUANCAPON', 1294, 1),
(150305, 1503, 'MANAS', 1295, 1),
(150401, 1504, 'CANTA', 1296, 1),
(150402, 1504, 'ARAHUAY', 1297, 1),
(150403, 1504, 'HUAMANTANGA', 1298, 1),
(150404, 1504, 'HUAROS', 1299, 1),
(150405, 1504, 'LACHAQUI', 1300, 1),
(150406, 1504, 'SAN BUENAVENTURA', 1301, 1),
(150407, 1504, 'SANTA ROSA DE QUIVES', 1302, 1),
(150501, 1505, 'SAN VICENTE DE CA?ETE', 1303, 1),
(150502, 1505, 'ASIA', 1304, 1),
(150503, 1505, 'CALANGO', 1305, 1),
(150504, 1505, 'CERRO AZUL', 1306, 1),
(150505, 1505, 'CHILCA', 1307, 1),
(150506, 1505, 'COAYLLO', 1308, 1),
(150507, 1505, 'IMPERIAL', 1309, 1),
(150508, 1505, 'LUNAHUANA', 1310, 1),
(150509, 1505, 'MALA', 1311, 1),
(150510, 1505, 'NUEVO IMPERIAL', 1312, 1),
(150511, 1505, 'PACARAN', 1313, 1),
(150512, 1505, 'QUILMANA', 1314, 1),
(150513, 1505, 'SAN ANTONIO', 1315, 1),
(150514, 1505, 'SAN LUIS', 1316, 1),
(150515, 1505, 'SANTA CRUZ DE FLORES', 1317, 1),
(150516, 1505, 'ZU?IGA', 1318, 1),
(150601, 1506, 'HUARAL', 1319, 1),
(150602, 1506, 'ATAVILLOS ALTO', 1320, 1),
(150603, 1506, 'ATAVILLOS BAJO', 1321, 1),
(150604, 1506, 'AUCALLAMA', 1322, 1),
(150605, 1506, 'CHANCAY', 1323, 1),
(150606, 1506, 'IHUARI', 1324, 1),
(150607, 1506, 'LAMPIAN', 1325, 1),
(150608, 1506, 'PACARAOS', 1326, 1),
(150609, 1506, 'SAN MIGUEL DE ACOS', 1327, 1),
(150610, 1506, 'SANTA CRUZ DE ANDAMARCA', 1328, 1),
(150611, 1506, 'SUMBILCA', 1329, 1),
(150612, 1506, 'VEINTISIETE DE NOVIEMBRE', 1330, 1),
(150701, 1507, 'MATUCANA', 1331, 1),
(150702, 1507, 'ANTIOQUINA', 1332, 1),
(150703, 1507, 'CALLAHUANCA', 1333, 1),
(150704, 1507, 'CARAMPOMA', 1334, 1),
(150705, 1507, 'CHICLA', 1335, 1),
(150706, 1507, 'CUENCA', 1336, 1),
(150707, 1507, 'HUACHUPAMPA', 1337, 1),
(150708, 1507, 'HUANZA', 1338, 1),
(150709, 1507, 'HUAROCHIRI', 1339, 1),
(150710, 1507, 'LAHUAYTAMBO', 1340, 1),
(150711, 1507, 'LANGA', 1341, 1),
(150712, 1507, 'LARAOS', 1342, 1),
(150713, 1507, 'MARIATANA', 1343, 1),
(150714, 1507, 'RICARDO PALMA', 1344, 1),
(150715, 1507, 'SAN ANDRES DE TUPICOCHA', 1345, 1),
(150716, 1507, 'SAN ANTONIO', 1346, 1),
(150717, 1507, 'SAN BARTOLOME', 1347, 1),
(150718, 1507, 'SAN DAMIAN', 1348, 1),
(150719, 1507, 'SAN JUAN DE IRIS', 1349, 1),
(150720, 1507, 'SAN JUAN DE TANTARACHE', 1350, 1),
(150721, 1507, 'SAN LOREZO DE QUINTI', 1351, 1),
(150722, 1507, 'SAN MATEO', 1352, 1),
(150723, 1507, 'SAN MATEO DE OTAO', 1353, 1),
(150724, 1507, 'SAN PEDRO DE CASTA', 1354, 1),
(150725, 1507, 'SAN PEDRO DE HUANCAYRE', 1355, 1),
(150726, 1507, 'SANGALLAYA', 1356, 1),
(150727, 1507, 'SANTA CRUZ DE COCACHACRA', 1357, 1),
(150728, 1507, 'SANTA EULALIA', 1358, 1),
(150729, 1507, 'SANTIAGO DE ANCHUCAYA', 1359, 1),
(150730, 1507, 'SANTIAGO DE TUNA', 1360, 1),
(150731, 1507, 'STO DMGO DE LOS OLLEROS', 1361, 1),
(150732, 1507, 'SURCO', 1362, 1),
(150801, 1508, 'HUACHO', 1363, 1),
(150802, 1508, 'AMBAR', 1364, 1),
(150803, 1508, 'CALETA DE CARQUIN', 1365, 1),
(150804, 1508, 'CHECRAS', 1366, 1),
(150805, 1508, 'HUALMAY', 1367, 1),
(150806, 1508, 'HUAURA', 1368, 1),
(150807, 1508, 'LEONCIO PRADO', 1369, 1),
(150808, 1508, 'PACCHO', 1370, 1),
(150809, 1508, 'SANTA LEONOR', 1371, 1),
(150810, 1508, 'SANTA MARIA', 1372, 1),
(150811, 1508, 'SAYAN', 1373, 1),
(150812, 1508, 'VEGUETA', 1374, 1),
(150901, 1509, 'OYON', 1375, 1),
(150902, 1509, 'ANDAJES', 1376, 1),
(150903, 1509, 'CAUJUL', 1377, 1),
(150904, 1509, 'COCHAMARCA', 1378, 1),
(150905, 1509, 'NAVAN', 1379, 1),
(150906, 1509, 'PACHANGARA', 1380, 1),
(151001, 1510, 'YAUYOS', 1381, 1),
(151002, 1510, 'ALIS', 1382, 1),
(151003, 1510, 'AYAUCA', 1383, 1),
(151004, 1510, 'AYAVIRI', 1384, 1),
(151005, 1510, 'AZANGARO', 1385, 1),
(151006, 1510, 'CACRA', 1386, 1),
(151007, 1510, 'CARANIA', 1387, 1),
(151008, 1510, 'CATAHUASI', 1388, 1),
(151009, 1510, 'CHOCOS', 1389, 1),
(151010, 1510, 'COCHAS', 1390, 1),
(151011, 1510, 'COLONIA', 1391, 1),
(151012, 1510, 'HONGOS', 1392, 1),
(151013, 1510, 'HUAMPARA', 1393, 1),
(151014, 1510, 'HUANCAYA', 1394, 1),
(151015, 1510, 'HUANGASCAR', 1395, 1),
(151016, 1510, 'HUANTAN', 1396, 1),
(151017, 1510, 'HUA?EC', 1397, 1),
(151018, 1510, 'LARAOS', 1398, 1),
(151019, 1510, 'LINCHA', 1399, 1),
(151020, 1510, 'MADEAN', 1400, 1),
(151021, 1510, 'MIRAFLORES', 1401, 1),
(151022, 1510, 'OMAS', 1402, 1),
(151023, 1510, 'PUTINZA', 1403, 1),
(151024, 1510, 'QUINCHES', 1404, 1),
(151025, 1510, 'QUINOCAY', 1405, 1),
(151026, 1510, 'SAN JOAQUIN', 1406, 1),
(151027, 1510, 'SAN PEDRO DE PILAS', 1407, 1),
(151028, 1510, 'TANTA', 1408, 1);
INSERT INTO `ndistrito` (`NDIST_ID`, `NPROV_ID`, `NDIST_NOMBRE`, `NDIST_ORDEN`, `NDIST_ESTADO`) VALUES
(151029, 1510, 'TAURIPAMPA', 1409, 1),
(151030, 1510, 'TOMAS', 1410, 1),
(151031, 1510, 'TUPE', 1411, 1),
(151032, 1510, 'VI?AC', 1412, 1),
(151033, 1510, 'VITIS', 1413, 1),
(160101, 1601, 'IQUITOS', 1414, 0),
(160102, 1601, 'ALTO NANAY', 1415, 0),
(160103, 1601, 'FERNANDO LORES', 1416, 0),
(160104, 1601, 'INDIANA', 1417, 0),
(160105, 1601, 'LAS AMAZONAS', 1418, 0),
(160106, 1601, 'MAZAN', 1419, 0),
(160107, 1601, 'NAPO', 1420, 0),
(160108, 1601, 'PUNCHANA', 1421, 0),
(160109, 1601, 'PUTUMAYO', 1422, 0),
(160110, 1601, 'TORRES CAUSANA', 1423, 0),
(160112, 1601, 'BELEN', 1424, 0),
(160113, 1601, 'SAN JUAN BAUTISTA', 1425, 0),
(160201, 1602, 'YURIMAGUAS', 1426, 0),
(160202, 1602, 'BALSAPUERTO', 1427, 0),
(160203, 1602, 'BARRANCA', 1428, 0),
(160204, 1602, 'CAHUAPANAS', 1429, 0),
(160205, 1602, 'JEBEROS', 1430, 0),
(160206, 1602, 'LAGUNAS', 1431, 0),
(160207, 1602, 'MANSERICHE', 1432, 0),
(160208, 1602, 'MORONA', 1433, 0),
(160209, 1602, 'PASTAZA', 1434, 0),
(160210, 1602, 'SANTA CRUZ', 1435, 0),
(160211, 1602, 'TNTECESAR LOPEZ ROJAS', 1436, 0),
(160301, 1603, 'NAUTA', 1437, 0),
(160302, 1603, 'PARINARI', 1438, 0),
(160303, 1603, 'TIGRE', 1439, 0),
(160304, 1603, 'TROMPETEROS', 1440, 0),
(160305, 1603, 'URARINAS', 1441, 0),
(160401, 1604, 'RAMON CASTILLA', 1442, 0),
(160402, 1604, 'PEBAS', 1443, 0),
(160403, 1604, 'YAVARI', 1444, 0),
(160404, 1604, 'SAN PABLO', 1445, 0),
(160501, 1605, 'REQUENA', 1446, 0),
(160502, 1605, 'ALTO TAPICHE', 1447, 0),
(160503, 1605, 'CAPELO', 1448, 0),
(160504, 1605, 'EMILIO SAN MARTIN', 1449, 0),
(160505, 1605, 'MAQUIA', 1450, 0),
(160506, 1605, 'PUINAHUA', 1451, 0),
(160507, 1605, 'SAQUENA', 1452, 0),
(160508, 1605, 'SOPLIN', 1453, 0),
(160509, 1605, 'TAPICHE', 1454, 0),
(160510, 1605, 'JENARO HERRERA', 1455, 0),
(160511, 1605, 'YAQUERANA', 1456, 0),
(160601, 1606, 'CONTAMANA', 1457, 0),
(160602, 1606, 'INAHUANA', 1458, 0),
(160603, 1606, 'PADRE MARQUEZ', 1459, 0),
(160604, 1606, 'PAMPA HERMOSA', 1460, 0),
(160605, 1606, 'SARAYACU', 1461, 0),
(160606, 1606, 'VARGAS GUERRA', 1462, 0),
(170101, 1701, 'TAMBOPATA', 1463, 0),
(170102, 1701, 'INAMBARI', 1464, 0),
(170103, 1701, 'LAS PIEDRAS', 1465, 0),
(170104, 1701, 'LABERINTOS', 1466, 0),
(170201, 1702, 'MANU', 1467, 0),
(170202, 1702, 'FITZCARRALD', 1468, 0),
(170203, 1702, 'MADRE DE DIOS', 1469, 0),
(170301, 1703, 'I?APARI', 1470, 0),
(170302, 1703, 'IBERIA', 1471, 0),
(170303, 1703, 'TAHUAMANU', 1472, 0),
(180101, 1801, 'MOQUEGUA', 1473, 0),
(180102, 1801, 'CARUMAS', 1474, 0),
(180103, 1801, 'CUCHUMBAYA', 1475, 0),
(180104, 1801, 'SAMEGUA', 1476, 0),
(180105, 1801, 'SAN CRISTOBAL', 1477, 0),
(180106, 1801, 'TORATA', 1478, 0),
(180201, 1802, 'OMATE', 1479, 0),
(180202, 1802, 'CHOJATA', 1480, 0),
(180203, 1802, 'COALAQUE', 1481, 0),
(180204, 1802, 'ICHU?A', 1482, 0),
(180205, 1802, 'LA CAPILLA', 1483, 0),
(180206, 1802, 'LLOQUE', 1484, 0),
(180207, 1802, 'MATALAQUE', 1485, 0),
(180208, 1802, 'PUQUINA', 1486, 0),
(180209, 1802, 'QUINISTAQUILLAS', 1487, 0),
(180210, 1802, 'UBINAS', 1488, 0),
(180211, 1802, 'YUNGA', 1489, 0),
(180301, 1803, 'ILO', 1490, 0),
(180302, 1803, 'EL ALGARROBAL', 1491, 0),
(180303, 1803, 'PACOCHA', 1492, 0),
(190101, 1901, 'CHAUPIMARCA', 1493, 0),
(190102, 1901, 'HUACHON', 1494, 0),
(190103, 1901, 'HUARIACA', 1495, 0),
(190104, 1901, 'HUAYLLAY', 1496, 0),
(190105, 1901, 'NINACACA', 1497, 0),
(190106, 1901, 'PALLANCHACRA', 1498, 0),
(190107, 1901, 'PAUCARTAMBO', 1499, 0),
(190108, 1901, 'SN FCO DE ASIS DE YARUSYA', 1500, 0),
(190109, 1901, 'SIMON BOLIVAR', 1501, 0),
(190110, 1901, 'TICLACAYAN', 1502, 0),
(190111, 1901, 'TINYAHUARCO', 1503, 0),
(190112, 1901, 'VICCO', 1504, 0),
(190113, 1901, 'YANACANCHA', 1505, 0),
(190201, 1902, 'YANAHUANCA', 1506, 0),
(190202, 1902, 'CHACAYAN', 1507, 0),
(190203, 1902, 'GOYLLARISQUIZGA', 1508, 0),
(190204, 1902, 'PAUCAR', 1509, 0),
(190205, 1902, 'SAN PEDRO DE PILLAO', 1510, 0),
(190206, 1902, 'SANTA ANA DE TUSI', 1511, 0),
(190207, 1902, 'TAPUC', 1512, 0),
(190208, 1902, 'VILCABAMBA', 1513, 0),
(190301, 1903, 'OXAPAMPA', 1514, 0),
(190302, 1903, 'CHONTABAMBA', 1515, 0),
(190303, 1903, 'HUANCABAMBA', 1516, 0),
(190304, 1903, 'PALCAZU', 1517, 0),
(190305, 1903, 'POZUZO', 1518, 0),
(190306, 1903, 'PUERTO BERMUDEZ', 1519, 0),
(190307, 1903, 'VILLA RICA', 1520, 0),
(200101, 2001, 'PIURA', 1521, 0),
(200104, 2001, 'CASTILLA', 1522, 0),
(200105, 2001, 'CATACAOS', 1523, 0),
(200107, 2001, 'CURA MORI', 1524, 0),
(200108, 2001, 'EL TALLAN', 1525, 0),
(200109, 2001, 'LA ARENA', 1526, 0),
(200110, 2001, 'LA UNION', 1527, 0),
(200111, 2001, 'LAS LOMAS', 1528, 0),
(200114, 2001, 'TAMBO GRANDE', 1529, 0),
(200201, 2002, 'AYABACA', 1530, 0),
(200202, 2002, 'FRIAS', 1531, 0),
(200203, 2002, 'JILILI', 1532, 0),
(200204, 2002, 'LAGUNAS', 1533, 0),
(200205, 2002, 'MONTERO', 1534, 0),
(200206, 2002, 'PACAIPAMPA', 1535, 0),
(200207, 2002, 'PAIMAS', 1536, 0),
(200208, 2002, 'SAPILLICA', 1537, 0),
(200209, 2002, 'SICCHEZ', 1538, 0),
(200210, 2002, 'SUYO', 1539, 0),
(200301, 2003, 'HUANCABAMBA', 1540, 0),
(200302, 2003, 'CANCHAQUE', 1541, 0),
(200303, 2003, 'EL CARMEN DE LA FRONTERA', 1542, 0),
(200304, 2003, 'HUARMACA', 1543, 0),
(200305, 2003, 'LALAQUIZ', 1544, 0),
(200306, 2003, 'SAN MIGUEL DE EL FAIQUE', 1545, 0),
(200307, 2003, 'SONDOR', 1546, 0),
(200308, 2003, 'SONDORILLO', 1547, 0),
(200401, 2004, 'CHULUCANAS', 1548, 0),
(200402, 2004, 'BUENOS AIRES', 1549, 0),
(200403, 2004, 'CHALACO', 1550, 0),
(200404, 2004, 'LA MATANZA', 1551, 0),
(200405, 2004, 'MORROPON', 1552, 0),
(200406, 2004, 'SALITRAL', 1553, 0),
(200407, 2004, 'SAN JUAN DE BIGOTE', 1554, 0),
(200408, 2004, 'SANTA CATALINA DE MOSSA', 1555, 0),
(200409, 2004, 'SANTO DOMINGO', 1556, 0),
(200410, 2004, 'YAMANGO', 1557, 0),
(200501, 2005, 'PAITA', 1558, 0),
(200502, 2005, 'AMOTAPE', 1559, 0),
(200503, 2005, 'ARENAL', 1560, 0),
(200504, 2005, 'COLAN', 1561, 0),
(200505, 2005, 'LA HUACA', 1562, 0),
(200506, 2005, 'TAMARINDO', 1563, 0),
(200507, 2005, 'VICHAYAL', 1564, 0),
(200601, 2006, 'SULLANA', 1565, 0),
(200602, 2006, 'BELLAVISTA', 1566, 0),
(200603, 2006, 'IGNACIO ESCUDERO', 1567, 0),
(200604, 2006, 'LANCONES', 1568, 0),
(200605, 2006, 'MARCAVELICA', 1569, 0),
(200606, 2006, 'MIGUEL CHECA', 1570, 0),
(200607, 2006, 'QUEROCOTILLO', 1571, 0),
(200608, 2006, 'SALITRAL', 1572, 0),
(200701, 2007, 'PARI?AS', 1573, 0),
(200702, 2007, 'EL ALTO', 1574, 0),
(200703, 2007, 'LA BREA', 1575, 0),
(200704, 2007, 'LOBITOS', 1576, 0),
(200705, 2007, 'LOS ORGANOS', 1577, 0),
(200706, 2007, 'MANCORA', 1578, 0),
(200801, 2008, 'SECHURA', 1579, 0),
(200802, 2008, 'BELLAVISTA LA UNION', 1580, 0),
(200803, 2008, 'BERNAL', 1581, 0),
(200804, 2008, 'CRISTO NOS VALGA', 1582, 0),
(200805, 2008, 'VICE', 1583, 0),
(200806, 2008, 'RINCONADA LLICUAR', 1584, 0),
(210101, 2101, 'PUNO', 1585, 0),
(210102, 2101, 'ACORA', 1586, 0),
(210103, 2101, 'AMANTANI', 1587, 0),
(210104, 2101, 'ATUNCOLLA', 1588, 0),
(210105, 2101, 'CAPACHICA', 1589, 0),
(210106, 2101, 'CHUCUITO', 1590, 0),
(210107, 2101, 'COATA', 1591, 0),
(210108, 2101, 'HUATA', 1592, 0),
(210109, 2101, 'MA?AZO', 1593, 0),
(210110, 2101, 'PAUCARCOLLA', 1594, 0),
(210111, 2101, 'PICHACANI', 1595, 0),
(210112, 2101, 'PLATERIA', 1596, 0),
(210113, 2101, 'SAN ANTONIO', 1597, 0),
(210114, 2101, 'TIQUILLACA', 1598, 0),
(210115, 2101, 'VILQUE', 1599, 0),
(210201, 2102, 'AZANGARO', 1600, 0),
(210202, 2102, 'ACHAYA', 1601, 0),
(210203, 2102, 'ARAPA', 1602, 0),
(210204, 2102, 'ASILLO', 1603, 0),
(210205, 2102, 'CAMINACA', 1604, 0),
(210206, 2102, 'CHUPA', 1605, 0),
(210207, 2102, 'JOSE DOMINGO CHOQUEHUANCA', 1606, 0),
(210208, 2102, 'MU?ANI', 1607, 0),
(210209, 2102, 'POTONI', 1608, 0),
(210210, 2102, 'SAMAN', 1609, 0),
(210211, 2102, 'SAN ANTON', 1610, 0),
(210212, 2102, 'SAN JOSE', 1611, 0),
(210213, 2102, 'SAN JUAN DE SALINAS', 1612, 0),
(210214, 2102, 'SANTIAGO DE PUPUJA', 1613, 0),
(210215, 2102, 'TIRAPATA', 1614, 0),
(210301, 2103, 'MACUSANI', 1615, 0),
(210302, 2103, 'AJOYANI', 1616, 0),
(210303, 2103, 'AYAPATA', 1617, 0),
(210304, 2103, 'COASA', 1618, 0),
(210305, 2103, 'CORANI', 1619, 0),
(210306, 2103, 'CRUCERO', 1620, 0),
(210307, 2103, 'ITUATA', 1621, 0),
(210308, 2103, 'OLLACHEA', 1622, 0),
(210309, 2103, 'SAN GABAN', 1623, 0),
(210310, 2103, 'USICAYOS', 1624, 0),
(210401, 2104, 'JULI', 1625, 0),
(210402, 2104, 'DESAGUADERO', 1626, 0),
(210403, 2104, 'HUACULLANI', 1627, 0),
(210404, 2104, 'KELLUYO', 1628, 0),
(210405, 2104, 'PISACOMA', 1629, 0),
(210406, 2104, 'POMATA', 1630, 0),
(210407, 2104, 'ZEPITA', 1631, 0),
(210501, 2105, 'ILAVE', 1632, 0),
(210502, 2105, 'CAPAZO', 1633, 0),
(210503, 2105, 'PILCUYO', 1634, 0),
(210504, 2105, 'SANTA ROSA', 1635, 0),
(210505, 2105, 'CONDURIRI', 1636, 0),
(210601, 2106, 'HUANCANE', 1637, 0),
(210602, 2106, 'COJATA', 1638, 0),
(210603, 2106, 'HUATASANI', 1639, 0),
(210604, 2106, 'INCHUPALLA', 1640, 0),
(210605, 2106, 'PUSI', 1641, 0),
(210606, 2106, 'ROSASPATA', 1642, 0),
(210607, 2106, 'TARACO', 1643, 0),
(210608, 2106, 'VILQUE CHICO', 1644, 0),
(210701, 2107, 'LAMPA', 1645, 0),
(210702, 2107, 'CABANILLA', 1646, 0),
(210703, 2107, 'CALAPUJA', 1647, 0),
(210704, 2107, 'NICASIO', 1648, 0),
(210705, 2107, 'OCUVIRI', 1649, 0),
(210706, 2107, 'PALCA', 1650, 0),
(210707, 2107, 'PARATIA', 1651, 0),
(210708, 2107, 'PUCARA', 1652, 0),
(210709, 2107, 'SANTA LUCIA', 1653, 0),
(210710, 2107, 'VILAVILA', 1654, 0),
(210801, 2108, 'AYAVIRI', 1655, 0),
(210802, 2108, 'ANTAUTA', 1656, 0),
(210803, 2108, 'CUPI', 1657, 0),
(210804, 2108, 'LLALLI', 1658, 0),
(210805, 2108, 'MACARI', 1659, 0),
(210806, 2108, 'MU?OA', 1660, 0),
(210807, 2108, 'ORURILLO', 1661, 0),
(210808, 2108, 'SANTA ROSA', 1662, 0),
(210809, 2108, 'UMACHIRI', 1663, 0),
(210901, 2109, 'MOHO', 1664, 0),
(210902, 2109, 'CONIMA', 1665, 0),
(210903, 2109, 'HUAYRAPATA', 1666, 0),
(210904, 2109, 'TILALI', 1667, 0),
(211001, 2110, 'PUTINA', 1668, 0),
(211002, 2110, 'ANANEA', 1669, 0),
(211003, 2110, 'PEDRO VILCA APAZA', 1670, 0),
(211004, 2110, 'QUILCAPUNCU', 1671, 0),
(211005, 2110, 'SINA', 1672, 0),
(211101, 2111, 'JULIACA', 1673, 0),
(211102, 2111, 'CABANA', 1674, 0),
(211103, 2111, 'CABANILLAS', 1675, 0),
(211104, 2111, 'CARACOTO', 1676, 0),
(211201, 2112, 'SANDIA', 1677, 0),
(211202, 2112, 'CUYOCUYO', 1678, 0),
(211203, 2112, 'LIMBANI', 1679, 0),
(211204, 2112, 'PATAMBUCO', 1680, 0),
(211205, 2112, 'PHARA', 1681, 0),
(211206, 2112, 'QUIACA', 1682, 0),
(211207, 2112, 'SAN JUAN DEL ORO', 1683, 0),
(211208, 2112, 'YANAHUANA', 1684, 0),
(211209, 2112, 'ALTO INAMBARI', 1685, 0),
(211301, 2113, 'YUNGUYO', 1686, 0),
(211302, 2113, 'ANAPIA', 1687, 0),
(211303, 2113, 'COPANI', 1688, 0),
(211304, 2113, 'CUTURAPI', 1689, 0),
(211305, 2113, 'OLLARAYA', 1690, 0),
(211306, 2113, 'TUNICACHI', 1691, 0),
(211307, 2113, 'UNICACHI', 1692, 0),
(220101, 2201, 'MOYOBAMBA', 1693, 0),
(220102, 2201, 'CALZADA', 1694, 0),
(220103, 2201, 'HABANA', 1695, 0),
(220104, 2201, 'JEPELACIO', 1696, 0),
(220105, 2201, 'SORITOR', 1697, 0),
(220106, 2201, 'YANTALO', 1698, 0),
(220201, 2202, 'BELLAVISTA', 1699, 0),
(220202, 2202, 'ALTO BIAVO', 1700, 0),
(220203, 2202, 'BAJO BIAVO', 1701, 0),
(220204, 2202, 'HUALLAGA', 1702, 0),
(220205, 2202, 'SAN PABLO', 1703, 0),
(220206, 2202, 'SAN RAFAEL', 1704, 0),
(220301, 2203, 'SAN JOSE DE SISA', 1705, 0),
(220302, 2203, 'AGUA BLANCA', 1706, 0),
(220303, 2203, 'SAN MARTIN', 1707, 0),
(220304, 2203, 'SANTA ROSA', 1708, 0),
(220305, 2203, 'SHATOJA', 1709, 0),
(220401, 2204, 'SAPOSOA', 1710, 0),
(220402, 2204, 'ALTO SAPOSOA', 1711, 0),
(220403, 2204, 'EL ESLABON', 1712, 0),
(220404, 2204, 'PISCOYACU', 1713, 0),
(220405, 2204, 'SACANCHE', 1714, 0),
(220406, 2204, 'TINGO DE SAPOSOA', 1715, 0),
(220501, 2205, 'LAMAS', 1716, 0),
(220502, 2205, 'ALONSO DE ALVARADO', 1717, 0),
(220503, 2205, 'BARRANQUITA', 1718, 0),
(220504, 2205, 'CAYNARACHI', 1719, 0),
(220505, 2205, 'CU?UMBUQUI', 1720, 0),
(220506, 2205, 'PINTO RECODO', 1721, 0),
(220507, 2205, 'RUMISAPA', 1722, 0),
(220508, 2205, 'SAN ROQUE DE CUMBAZA', 1723, 0),
(220509, 2205, 'SHANAO', 1724, 0),
(220510, 2205, 'TABALOSOS', 1725, 0),
(220511, 2205, 'ZAPATERO', 1726, 0),
(220601, 2206, 'JUANJUI', 1727, 0),
(220602, 2206, 'CAMPANILLA', 1728, 0),
(220603, 2206, 'HUICUNGO', 1729, 0),
(220604, 2206, 'PACHIZA', 1730, 0),
(220605, 2206, 'PAJARILLO', 1731, 0),
(220701, 2207, 'PICOTA', 1732, 0),
(220702, 2207, 'BUENOS AIRES', 1733, 0),
(220703, 2207, 'CASPISAPA', 1734, 0),
(220704, 2207, 'PILLUANA', 1735, 0),
(220705, 2207, 'PUCACACA', 1736, 0),
(220706, 2207, 'SAN CRISTOBAL', 1737, 0),
(220707, 2207, 'SAN HILARION', 1738, 0),
(220708, 2207, 'SHAMBOYACU', 1739, 0),
(220710, 2207, 'TRES UNIDOS', 1740, 0),
(220801, 2208, 'RIOJA', 1741, 0),
(220802, 2208, 'AWAJUN', 1742, 0),
(220803, 2208, 'ELIAS SOPLIN VARGAS', 1743, 0),
(220804, 2208, 'NUEVA CAJAMARCA', 1744, 0),
(220805, 2208, 'PARDO MIGUEL', 1745, 0),
(220806, 2208, 'POSIC', 1746, 0),
(220807, 2208, 'SAN FERNANDO', 1747, 0),
(220808, 2208, 'YORONGOS', 1748, 0),
(220809, 2208, 'YARACYACU', 1749, 0),
(220901, 2209, 'TARAPOTO', 1750, 0),
(220902, 2209, 'ALBERTO LEVEAU', 1751, 0),
(220903, 2209, 'CACATACHI', 1752, 0),
(220904, 2209, 'CHAZUTA', 1753, 0),
(220905, 2209, 'CHIPURANA', 1754, 0),
(220906, 2209, 'EL PORVENIR', 1755, 0),
(220907, 2209, 'HUIMBAYOC', 1756, 0),
(220908, 2209, 'JUAN GUERRA', 1757, 0),
(220909, 2209, 'LA BANDA DE SHILCAYO', 1758, 0),
(220910, 2209, 'MORALES', 1759, 0),
(220911, 2209, 'PAPAPLAYA', 1760, 0),
(220912, 2209, 'SAN ANTONIO', 1761, 0),
(220913, 2209, 'SAUCE', 1762, 0),
(220914, 2209, 'SHAPAJA', 1763, 0),
(221001, 2210, 'TOCACHE', 1764, 0),
(221002, 2210, 'NUEVO PROGRESO', 1765, 0),
(221003, 2210, 'POLVORA', 1766, 0),
(221004, 2210, 'SHUNTE', 1767, 0),
(221005, 2210, 'UCHIZA', 1768, 0),
(230101, 2301, 'TACNA', 1769, 0),
(230102, 2301, 'ALTO DE LA ALIANZA', 1770, 0),
(230103, 2301, 'CALANA', 1771, 0),
(230104, 2301, 'CIUDAD NUEVA', 1772, 0),
(230105, 2301, 'INCLAN', 1773, 0),
(230106, 2301, 'PACHIA', 1774, 0),
(230107, 2301, 'PALCA', 1775, 0),
(230108, 2301, 'POCOLLAY', 1776, 0),
(230109, 2301, 'SAMA', 1777, 0),
(230201, 2302, 'CANDARAVE', 1778, 0),
(230202, 2302, 'CAIRINI', 1779, 0),
(230203, 2302, 'CAMILACA', 1780, 0),
(230204, 2302, 'CURIBAYA', 1781, 0),
(230205, 2302, 'HUANUARA', 1782, 0),
(230206, 2302, 'QUILAHUANI', 1783, 0),
(230301, 2303, 'LOCUMBA', 1784, 0),
(230302, 2303, 'ILABAYA', 1785, 0),
(230303, 2303, 'ITE', 1786, 0),
(230401, 2304, 'TARATA', 1787, 0),
(230402, 2304, 'CHUCATAMANI', 1788, 0),
(230403, 2304, 'ESTIQUE', 1789, 0),
(230404, 2304, 'ESTIQUE-PAMPA', 1790, 0),
(230405, 2304, 'SITAJARA', 1791, 0),
(230406, 2304, 'SUSAPAYA', 1792, 0),
(230407, 2304, 'TARUCACHI', 1793, 0),
(230408, 2304, 'TICACO', 1794, 0),
(240101, 2401, 'TUMBES', 1795, 0),
(240102, 2401, 'CORRALES', 1796, 0),
(240103, 2401, 'LA CRUZ', 1797, 0),
(240104, 2401, 'PAMPAS DE HOSPITAL', 1798, 0),
(240105, 2401, 'SAN JACINTO', 1799, 0),
(240106, 2401, 'SAN JUAN DE LA VIRGEN', 1800, 0),
(240201, 2402, 'ZORRITOS', 1801, 0),
(240202, 2402, 'CASITAS', 1802, 0),
(240301, 2403, 'ZARUMILLA', 1803, 0),
(240302, 2403, 'AGUAS VERDES', 1804, 0),
(240303, 2403, 'MATAPALO', 1805, 0),
(240304, 2403, 'PAPAYAL', 1806, 0),
(250101, 2501, 'CALLERIA', 1807, 0),
(250102, 2501, 'CAMPOVERDE', 1808, 0),
(250103, 2501, 'IPARIA', 1809, 0),
(250104, 2501, 'MASISEA', 1810, 0),
(250105, 2501, 'YARINACOCHA', 1811, 0),
(250106, 2501, 'NUEVA REQUENA', 1812, 0),
(250201, 2502, 'RAYMONDI', 1813, 0),
(250202, 2502, 'SEPAHUA', 1814, 0),
(250203, 2502, 'TAHUANIA', 1815, 0),
(250204, 2502, 'YURUA', 1816, 0),
(250301, 2503, 'PADRE ABAD', 1817, 0),
(250302, 2503, 'IRAZOLA', 1818, 0),
(250303, 2503, 'CURIMANA', 1819, 0),
(250401, 2504, 'PURUS', 1820, 0);

-- --------------------------------------------------------

--
-- Estructura de tabla para la tabla `nestablecimiento`
--

CREATE TABLE `nestablecimiento` (
  `NRED_ID` int(2) UNSIGNED ZEROFILL DEFAULT NULL,
  `NMICRO_ID` int(2) UNSIGNED ZEROFILL DEFAULT NULL,
  `NESTA_ID` int(3) UNSIGNED ZEROFILL DEFAULT NULL,
  `NESTA_RENAES` int(5) UNSIGNED ZEROFILL NOT NULL,
  `NEST_PADRE` int(3) UNSIGNED ZEROFILL DEFAULT NULL,
  `NEST_NOMBRE` varchar(200) DEFAULT NULL,
  `NEST_ORDEN` int(3) UNSIGNED ZEROFILL DEFAULT NULL,
  `NEST_ESTADO` int(1) DEFAULT NULL,
  `NDIST_ID` int(11) DEFAULT NULL
) ENGINE=MyISAM DEFAULT CHARSET=latin1;

--
-- Volcado de datos para la tabla `nestablecimiento`
--

INSERT INTO `nestablecimiento` (`NRED_ID`, `NMICRO_ID`, `NESTA_ID`, `NESTA_RENAES`, `NEST_PADRE`, `NEST_NOMBRE`, `NEST_ORDEN`, `NEST_ESTADO`, `NDIST_ID`) VALUES
(01, 01, 001, 05791, 100, 'C.S. TAHUANTINSUYO BAJO', 001, 1, 150112),
(01, 01, 002, 05792, 100, 'C.S. TAHUANTINSUYO ALTO', 002, 1, 150112),
(01, 01, 003, 05793, 100, 'C.S. TUPAC AMARU', 003, 1, 150112),
(01, 01, 004, 05796, 100, 'P.S. JOSE OLAYA', 004, 1, 150112),
(01, 01, 005, 05794, 100, 'P.S. LAS AMERICAS', 005, 1, 150112),
(01, 01, 006, 05795, 100, 'P.S. VICTOR RAUL HAYA DE LA TORRE', 006, 1, 150112),
(01, 01, 007, 05787, 100, 'C.S. ERMITAÑO BAJO', 007, 1, 150112),
(01, 01, 008, 05786, 100, 'C.S. ERMITAÑO ALTO', 008, 1, 150112),
(01, 01, 009, 05788, 100, 'P.S. EL CARMEN', 009, 1, 150112),
(01, 01, 010, 05789, 100, 'P.S. LOS QUECHUAS', 010, 1, 150112),
(01, 01, 011, 05790, 100, 'P.S. MILAGRO DE LA FRATERNIDAD', 011, 1, 150112),
(01, 02, 005, 05772, 100, 'C.S M.I. SANTA LUZMILA II', 012, 1, 150110),
(01, 02, 001, 05766, 100, 'C.S. SANTA LUZMILA', 013, 1, 150110),
(01, 02, 002, 05768, 100, 'C.S. CARLOS PHILLIPS', 014, 1, 150110),
(01, 02, 003, 05769, 100, 'C.S. HUSARES DE JUNIN', 015, 1, 150110),
(01, 02, 004, 07684, 100, 'C.S. EL ALAMO', 016, 1, 150110),
(01, 02, 006, 05773, 100, 'P.S. CLORINDA MALAGA', 017, 1, 150110),
(01, 02, 007, 05763, 100, 'C.S. CARLOS PROTZEL', 018, 1, 150110),
(01, 02, 008, 05767, 100, 'C.S. COMAS', 019, 1, 150110),
(01, 02, 009, 06886, 100, 'C.S. SANTIAGO APOSTOL', 020, 1, 150110),
(01, 02, 010, 05765, 100, 'C.S. CARMEN MEDIO', 021, 1, 150110),
(01, 02, 011, 05764, 100, 'C.S. CARMEN ALTO', 022, 1, 150110),
(01, 02, 012, 05771, 100, 'P.S. LA PASCANA', 023, 1, 150110),
(01, 02, 013, 05770, 100, 'P.S. SEÑOR DE LOS MILAGROS', 024, 1, 150110),
(01, 03, 006, 05755, 100, 'C.S. LAURA RODRIGUEZ DULANTO DUKSIL', 025, 1, 150110),
(01, 03, 001, 05754, 100, 'C.S. COLLIQUE III ZONA', 026, 1, 150110),
(01, 03, 002, 05753, 100, 'C.S. AÑO NUEVO', 027, 1, 150110),
(01, 03, 003, 05756, 100, 'C.S. GUSTAVO LANATTA', 028, 1, 150110),
(01, 03, 004, 05762, 100, 'P.S. 11 DE JULIO', 029, 1, 150110),
(01, 03, 005, 05759, 100, 'P.S. MILAGRO DE JESUS', 030, 1, 150110),
(01, 03, 007, 05760, 100, 'P.S. SAN CARLOS', 031, 1, 150110),
(01, 03, 008, 05757, 100, 'P.S. SANGARARA', 032, 1, 150110),
(01, 03, 009, 05758, 100, 'P.S.  PRIMAVERA', 033, 1, 150110),
(01, 03, 010, 05761, 100, 'P.S. LOS GERANIOS', 034, 1, 150110),
(01, 03, 011, 12668, 100, 'P.S. NUEVA ESPERANZA', 035, 1, 150106),
(01, 04, 001, 05735, 100, 'C.S. PROGRESO', 036, 1, 150106),
(01, 04, 002, 05736, 100, 'C.S. LA FLOR', 037, 1, 150106),
(01, 04, 003, 05734, 100, 'C.S. RAUL PORRAS BARRENECHEA', 038, 1, 150106),
(01, 04, 004, 05737, 100, 'C.S. VILLA ESPERANZA', 039, 1, 150106),
(01, 04, 005, 05741, 100, 'P.S. CHOCAS', 040, 1, 150106),
(01, 04, 006, 05740, 100, 'P.S. PUNCHAUCA', 041, 1, 150106),
(01, 04, 007, 05738, 100, 'P.S. JORGE LINGAN', 042, 1, 150106),
(01, 04, 008, 05739, 100, 'P.S. LUIS ENRIQUE', 043, 1, 150106),
(01, 04, 009, 11891, 100, 'P.S. SU MAJESTAD HIROITO', 044, 1, 150106),
(01, 04, 010, 21104, 100, 'C.S. MENTAL COMUNITARIO CARABAYLLO', 045, 1, 150106),
(02, 01, 001, 07735, 101, 'C.S. JUAN PABLO II', 046, 1, 150106),
(02, 01, 002, 05822, 101, 'P.S. SAN PEDRO DE CARABAYLLO', 047, 1, 150106),
(02, 01, 003, 07138, 101, 'P.S. SAN BENITO', 048, 1, 150106),
(02, 02, 006, 05816, 101, 'C.S.M.I  DR. ENRIQUE MARTIN ALTUNA', 049, 1, 150125),
(02, 02, 005, 05818, 101, 'C.S. JERUSALEN', 050, 1, 150125),
(02, 01, 006, 05820, 101, 'C.S. LA ENSENADA', 051, 1, 150125),
(02, 01, 007, 05819, 101, 'C.S. LADERAS DE CHILLON', 052, 1, 150125),
(02, 01, 005, 05821, 101, 'C.S.M.I  LOS SUREÑOS', 053, 1, 150125),
(02, 01, 008, 05817, 101, 'C.S.M.I SANTA ROSA', 054, 1, 150125),
(02, 01, 004, 05815, 101, 'P.S. SAGRADO CORAZON DE JESUS', 055, 1, 150125),
(02, 02, 007, 10633, 101, 'P.S. JESUS OROPEZA CHONTA', 056, 1, 150125),
(02, 02, 002, 05814, 101, 'C.S.M.I. ANCON', 057, 1, 150102),
(02, 02, 003, 05823, 101, 'C.S. VILLA ESTELA', 058, 1, 150102),
(02, 02, 004, 05824, 101, 'P.S. SAN JOSE', 059, 1, 150125),
(02, 02, 001, 16525, 101, 'P.S. VILLAS DE ANCON', 060, 1, 150102),
(02, 02, 008, 05825, 101, 'P.S.VIRGEN DE LAS MERCEDES', 061, 1, 150125),
(02, 02, 009, 14727, 101, 'P.S. PROFAM', 062, 1, 150139),
(03, 01, 001, 05640, 102, 'C.S. CIUDAD Y CAMPO', 063, 1, 150128),
(03, 01, 002, 05638, 102, 'C.S. LEONCIO PRADO', 064, 1, 150128),
(03, 01, 003, 05644, 102, 'C.S.M.I. RIMAC', 065, 1, 150128),
(03, 01, 004, 05639, 102, 'C.S. SAN JUAN DE AMANCAES', 066, 1, 150128),
(03, 01, 005, 05641, 102, 'C.S. FLOR DE AMANCAES', 067, 1, 150128),
(03, 01, 006, 05752, 102, 'C.S. CAQUETA', 068, 1, 150128),
(03, 01, 007, 05642, 102, 'P.S. VILLA LOS ANGELES', 069, 1, 150128),
(03, 01, 008, 05643, 102, 'C.S. MARISCAL CASTILLA', 070, 1, 150128),
(03, 01, 009, 05842, 102, 'C.S.M.I. PIEDRA LIZA', 071, 1, 150128),
(03, 02, 001, 05746, 102, 'C.S. LOS LIBERTADORES', 072, 1, 150135),
(03, 02, 002, 05747, 102, 'C.S. VALDIVIEZO', 073, 1, 150135),
(03, 02, 003, 05742, 102, 'C.S. MEXICO', 074, 1, 150135),
(03, 02, 004, 05748, 102, 'C.S. SAN MARTIN DE PORRES', 075, 1, 150135),
(03, 02, 005, 05749, 102, 'C.S. PERU III ZONA', 076, 1, 150135),
(03, 02, 006, 05743, 102, 'C.S. PERU IV ZONA', 077, 1, 150135),
(03, 02, 007, 05744, 102, 'C.S. CONDEVILLA', 078, 1, 150135),
(03, 02, 008, 05745, 102, 'C.S. AMAKELLA', 079, 1, 150135),
(03, 02, 009, 05750, 102, 'P.S. CERRO LA REGLA', 080, 1, 150135),
(03, 02, 010, 05751, 102, 'C.S. GUSTAVO LANATTA', 081, 1, 150135),
(03, 02, 011, 05812, 102, 'C.S. SAN JUAN DE SALINAS', 082, 1, 150135),
(03, 02, 012, 05808, 102, 'P.S. CERRO CANDELA', 083, 1, 150135),
(03, 02, 013, 05805, 102, 'P.S. MESA REDONDA', 084, 1, 150135),
(03, 02, 014, 05809, 102, 'C.S. EX-FUNDO NARANJAL', 085, 1, 150135),
(03, 02, 015, 05804, 102, 'C.S. VIRGEN DEL  PILAR', 086, 1, 150135),
(03, 02, 016, 05811, 102, 'C.S. INFANTAS', 087, 1, 150135),
(03, 03, 001, 05806, 102, 'C.S. VILLA DEL NORTE', 088, 1, 150117),
(03, 03, 002, 05802, 102, 'C.S. LOS OLIVOS', 089, 1, 150117),
(03, 03, 003, 05807, 102, 'C.S. CARLOS CUETO FERNANDINI', 090, 1, 150117),
(03, 03, 004, 05803, 102, 'C.S. PRIMAVERA', 091, 1, 150117),
(03, 03, 005, 05797, 102, 'P.S. SAN MARTIN (Confraternidad)', 092, 1, 150117),
(03, 03, 006, 05798, 102, 'C.S. LAURA CALLER', 093, 1, 150117),
(03, 03, 007, 05799, 102, 'C.S.M.I. JUAN PABLO II', 094, 1, 150117),
(03, 03, 008, 05800, 102, 'C.S.  ENRIQUE MILLA OCHOA', 095, 1, 150117),
(03, 03, 009, 05810, 102, 'C.S. SAGRADO CORAZON DE JESUS', 096, 1, 150117),
(03, 03, 010, 05801, 102, 'C.S.  LOS OLIVOS DE PRO', 097, 1, 150117),
(03, 03, 011, 05813, 102, 'C.S. RIO SANTA', 098, 1, 150128),
(00, 00, 000, 00000, 000, 'DIRIS LIMA NORTE', 099, 1, 150112),
(00, 00, 000, 00001, 099, 'RED DE SALUD TUPAC AMARU', 100, 1, 150112),
(00, 00, 000, 00003, 099, 'RED DE SALUD RIMAC SMP LO', 102, 1, 150128),
(00, 00, 000, 00002, 099, 'RED DE SALUD PUENTE PIEDRA', 101, 1, 150125);

-- --------------------------------------------------------

--
-- Estructura de tabla para la tabla `nmicrored`
--

CREATE TABLE `nmicrored` (
  `NRED_ID` int(2) UNSIGNED ZEROFILL DEFAULT NULL,
  `NMICRO_ID` int(2) UNSIGNED ZEROFILL NOT NULL,
  `NMICRO_NOMBRE` varchar(200) DEFAULT NULL,
  `NMICRO_ORDEN` int(11) DEFAULT NULL,
  `NMICRO_ESTADO` int(11) UNSIGNED DEFAULT NULL
) ENGINE=MyISAM DEFAULT CHARSET=latin1;

--
-- Volcado de datos para la tabla `nmicrored`
--

INSERT INTO `nmicrored` (`NRED_ID`, `NMICRO_ID`, `NMICRO_NOMBRE`, `NMICRO_ORDEN`, `NMICRO_ESTADO`) VALUES
(01, 02, 'SANTA LUZMILA', 2, 1),
(01, 03, 'COLLIQUE III ZONA', 3, 1),
(01, 04, 'CARABAYLLO', 4, 1),
(02, 02, 'ZAPALLAL', 6, 1),
(03, 01, 'RIMAC', 7, 1),
(03, 02, 'SMP', 8, 1),
(03, 03, 'LOS OLIVOS', 9, 1),
(01, 01, 'TAHUANTINSUYO BAJO', 1, 1),
(02, 01, 'SUREÑOS', 5, 1);

-- --------------------------------------------------------

--
-- Estructura de tabla para la tabla `nprovincia`
--

CREATE TABLE `nprovincia` (
  `NPROV_ID` int(4) UNSIGNED ZEROFILL NOT NULL,
  `NDEPA_ID` int(2) UNSIGNED ZEROFILL DEFAULT NULL,
  `NPROV_NOMBRE` varchar(200) DEFAULT NULL,
  `NPROV_ORDEN` int(11) DEFAULT NULL,
  `NPROV_ESTADO` int(11) DEFAULT NULL
) ENGINE=MyISAM DEFAULT CHARSET=latin1;

--
-- Volcado de datos para la tabla `nprovincia`
--

INSERT INTO `nprovincia` (`NPROV_ID`, `NDEPA_ID`, `NPROV_NOMBRE`, `NPROV_ORDEN`, `NPROV_ESTADO`) VALUES
(0000, 00, 'NINGUNO', 0, 0),
(0099, 05, 'KYOTO', 1, 0),
(0101, 01, 'CHACHAPOYAS', 2, 0),
(0102, 01, 'BAGUA', 3, 0),
(0103, 01, 'BONGARA', 4, 0),
(0104, 01, 'CONDORCANQUI', 5, 0),
(0105, 01, 'LUYA', 6, 0),
(0106, 01, 'RODRIGUEZ DE MENDOZA', 7, 0),
(0107, 01, 'UTCUBAMBA', 8, 0),
(0201, 02, 'HUARAZ', 9, 0),
(0202, 02, 'AIJA', 10, 0),
(0203, 02, 'ANTONIO RAYMONDI', 11, 0),
(0204, 02, 'ASUNCION', 12, 0),
(0205, 02, 'BOLOGNESI', 13, 0),
(0206, 02, 'CARHUAZ', 14, 0),
(0207, 02, 'CARLOS F. FITZCARRALD', 15, 0),
(0208, 02, 'CASMA', 16, 0),
(0209, 02, 'CORONGO', 17, 0),
(0210, 02, 'HUARI', 18, 0),
(0211, 02, 'HUARMEY', 19, 0),
(0212, 02, 'HUAYLAS', 20, 0),
(0213, 02, 'MARISCAL LUZURIAGA', 21, 0),
(0214, 02, 'OCROS', 22, 0),
(0215, 02, 'PALLASCA', 23, 0),
(0216, 02, 'POMABAMBA', 24, 0),
(0217, 02, 'RECUAY', 25, 0),
(0218, 02, 'SANTA', 26, 0),
(0219, 02, 'SIHUAS', 27, 0),
(0220, 02, 'YUNGAY', 28, 0),
(0301, 03, 'ABANCAY', 29, 0),
(0302, 03, 'ANDAHUAYLAS', 30, 0),
(0303, 03, 'ANTABAMBA', 31, 0),
(0304, 03, 'AYMARAES', 32, 0),
(0305, 03, 'COTABAMBAS', 33, 0),
(0306, 03, 'CHINCHEROS', 34, 0),
(0307, 03, 'GRAU', 35, 0),
(0401, 04, 'AREQUIPA', 36, 0),
(0402, 04, 'CAMANA', 37, 0),
(0403, 04, 'CARAVELI', 38, 0),
(0404, 04, 'CASTILLA', 39, 0),
(0405, 04, 'CAYLLOMA', 40, 0),
(0406, 04, 'CONDESUYOS', 41, 0),
(0407, 04, 'ISLAY', 42, 0),
(0408, 04, 'LA UNION', 43, 0),
(0501, 05, 'HUAMANGA', 44, 0),
(0502, 05, 'CANGALLO', 45, 0),
(0503, 05, 'HUANCA SANCOS', 46, 0),
(0504, 05, 'HUANTA', 47, 0),
(0505, 05, 'LA MAR', 48, 0),
(0506, 05, 'LUCANAS', 49, 0),
(0507, 05, 'PARINACOCHAS', 50, 0),
(0508, 05, 'PAUCAR DEL SARA SARA', 51, 0),
(0509, 05, 'SUCRE', 52, 0),
(0510, 05, 'VICTOR FAJARDO', 53, 0),
(0511, 05, 'VILCASHUAMAN', 54, 0),
(0601, 06, 'CAJAMARCA', 55, 0),
(0602, 06, 'CAJABAMBA', 56, 0),
(0603, 06, 'CELENDIN', 57, 0),
(0604, 06, 'CHOTA', 58, 0),
(0605, 06, 'CONTUMAZA', 59, 0),
(0606, 06, 'CUTERVO', 60, 0),
(0607, 06, 'HUALGAYOC', 61, 0),
(0608, 06, 'JAEN', 62, 0),
(0609, 06, 'SAN IGNACIO', 63, 0),
(0610, 06, 'SAN MARCOS', 64, 0),
(0611, 06, 'SAN MIGUEL', 65, 0),
(0612, 06, 'SAN PABLO', 66, 0),
(0613, 06, 'SANTA CRUZ', 67, 0),
(0701, 07, 'CALLAO', 68, 0),
(0801, 08, 'CUSCO', 69, 0),
(0802, 08, 'ACOMAYO', 70, 0),
(0803, 08, 'ANTA', 71, 0),
(0804, 08, 'CALCA', 72, 0),
(0805, 08, 'CANAS', 73, 0),
(0806, 08, 'CANCHIS', 74, 0),
(0807, 08, 'CHUMBIVILCAS', 75, 0),
(0808, 08, 'ESPINAR', 76, 0),
(0809, 08, 'LA CONVENCION', 77, 0),
(0810, 08, 'PARURO', 78, 0),
(0811, 08, 'PAUCARTAMBO', 79, 0),
(0812, 08, 'QUISPICANCHI', 80, 0),
(0813, 08, 'URUBAMBA', 81, 0),
(0901, 09, 'HUANCAVELICA', 82, 0),
(0902, 09, 'ACOBAMBA', 83, 0),
(0903, 09, 'ANGARAES', 84, 0),
(0904, 09, 'CASTROVIRREYNA', 85, 0),
(0905, 09, 'CHURCAMPA', 86, 0),
(0906, 09, 'HUAYTARA', 87, 0),
(0907, 09, 'TAYACAJA', 88, 0),
(1001, 10, 'HUANUCO', 89, 0),
(1002, 10, 'AMBO', 90, 0),
(1003, 10, 'DOS DE MAYO', 91, 0),
(1004, 10, 'HUACAYBAMBA', 92, 0),
(1005, 10, 'HUAMALIES', 93, 0),
(1006, 10, 'LEONCIO PRADO', 94, 0),
(1007, 10, 'MARAÂ¥ON', 95, 0),
(1008, 10, 'PACHITECA', 96, 0),
(1009, 10, 'PUERTO INCA', 97, 0),
(1010, 10, 'LAURICOCHA', 98, 0),
(1011, 10, 'YAROWILCA', 99, 0),
(1101, 11, 'ICA', 100, 0),
(1102, 11, 'CHINCHA', 101, 0),
(1103, 11, 'NASCA', 102, 0),
(1104, 11, 'PALPA', 103, 0),
(1105, 11, 'PISCO', 104, 0),
(1201, 12, 'HUANCAYO', 105, 0),
(1202, 12, 'CONCEPCION', 106, 0),
(1203, 12, 'CHANCHAMAYO', 107, 0),
(1204, 12, 'JAUJA', 108, 0),
(1205, 12, 'JUNIN', 109, 0),
(1206, 12, 'SATIPO', 110, 0),
(1207, 12, 'TARMA', 111, 0),
(1208, 12, 'YAULI', 112, 0),
(1209, 12, 'CHUPACA', 113, 0),
(1301, 13, 'TRUJILLO', 114, 0),
(1302, 13, 'ASCOPE', 115, 0),
(1303, 13, 'BOLIVAR', 116, 0),
(1304, 13, 'CHEPEN', 117, 0),
(1305, 13, 'JULCAN', 118, 0),
(1306, 13, 'OTUZCO', 119, 0),
(1307, 13, 'PACASMAYO', 120, 0),
(1308, 13, 'PATAZ', 121, 0),
(1309, 13, 'SANCHEZ CARRION', 122, 0),
(1310, 13, 'SANTIAGO DE CHUCO', 123, 0),
(1311, 13, 'GRAN CHIMU', 124, 0),
(1312, 13, 'VIRU', 125, 0),
(1401, 14, 'CHICLAYO', 126, 0),
(1402, 14, 'FERREÂ¥AFE', 127, 0),
(1403, 14, 'LAMBAYEQUE', 128, 0),
(1501, 15, 'LIMA', 129, 1),
(1502, 15, 'BARRANCA', 130, 1),
(1503, 15, 'CAJATAMBO', 131, 1),
(1504, 15, 'CANTA', 132, 1),
(1505, 15, 'CAÑETE', 133, 1),
(1506, 15, 'HUARAL', 134, 1),
(1507, 15, 'HUAROCHIRI', 135, 1),
(1508, 15, 'HUAURA', 136, 1),
(1509, 15, 'OYON', 137, 1),
(1510, 15, 'YAUYOS', 138, 1),
(1601, 16, 'MAYNAS', 139, 0),
(1602, 16, 'ALTO AMAZONAS', 140, 0),
(1603, 16, 'LORETO', 141, 0),
(1604, 16, 'MARISCAL RAMON CASTILLA', 142, 0),
(1605, 16, 'UREQUENA', 143, 0),
(1606, 16, 'UCAYALI', 144, 0),
(1701, 17, 'TAMBOPATA', 145, 0),
(1702, 17, 'MANU', 146, 0),
(1703, 17, 'TAHUAMANU', 147, 0),
(1801, 18, 'MARISCAL NIETO', 148, 0),
(1802, 18, 'GENERAL SANCHEZ CERRO', 149, 0),
(1803, 18, 'ILO', 150, 0),
(1901, 19, 'PASCO', 151, 0),
(1902, 19, 'DANIEL CARRION', 152, 0),
(1903, 19, 'OXAPAMPA', 153, 0),
(2001, 20, 'PIURA', 154, 0),
(2002, 20, 'AYABACA', 155, 0),
(2003, 20, 'HUANCABAMBA', 156, 0),
(2004, 20, 'MORROPON', 157, 0),
(2005, 20, 'PAITA', 158, 0),
(2006, 20, 'SULLANA', 159, 0),
(2007, 20, 'TALARA', 160, 0),
(2008, 20, 'SECHURA', 161, 0),
(2101, 21, 'PUNO', 162, 0),
(2102, 21, 'AZANGARO', 163, 0),
(2103, 21, 'CARABAYA', 164, 0),
(2104, 21, 'CHUCUITO', 165, 0),
(2105, 21, 'EL COLLAO', 166, 0),
(2106, 21, 'HUANCANE', 167, 0),
(2107, 21, 'LAMPA', 168, 0),
(2108, 21, 'MELGAR', 169, 0),
(2109, 21, 'MOHO', 170, 0),
(2110, 21, 'SAN ANTONIO DE PUTINA', 171, 0),
(2111, 21, 'SAN ROMAN', 172, 0),
(2112, 21, 'SANDIA', 173, 0),
(2113, 21, 'YUNGUYO', 174, 0),
(2201, 22, 'MOYOBAMBA', 175, 0),
(2202, 22, 'BELLAVISTA', 176, 0),
(2203, 22, 'EL DORADO', 177, 0),
(2204, 22, 'HUALLAGA', 178, 0),
(2205, 22, 'LAMAS', 179, 0),
(2206, 22, 'MARISCAL CACERES', 180, 0),
(2207, 22, 'PICOTA', 181, 0),
(2208, 22, 'RIOJA', 182, 0),
(2209, 22, 'SAN MARTIN', 183, 0),
(2210, 22, 'TOCACHE', 184, 0),
(2301, 23, 'TACNA', 185, 0),
(2302, 23, 'CANDARAVE', 186, 0),
(2303, 23, 'JORGE BASADRE', 187, 0),
(2304, 23, 'TARATA', 188, 0),
(2401, 24, 'TUMBES', 189, 0),
(2402, 24, 'CONTRALMIRANTE VILLAR', 190, 0),
(2403, 24, 'ZARUMILLA', 191, 0),
(2501, 25, 'CORONEL PORTILLO', 192, 0),
(2503, 25, 'PADRE ABAD', 193, 0),
(2504, 25, 'PURUS', 194, 0);

-- --------------------------------------------------------

--
-- Estructura de tabla para la tabla `nred`
--

CREATE TABLE `nred` (
  `NRED_ID` int(2) UNSIGNED ZEROFILL NOT NULL,
  `NRED_NOMBRE` varchar(50) DEFAULT NULL,
  `NRED_ORDEN` int(11) DEFAULT NULL,
  `NRED_ESTADO` int(11) DEFAULT NULL
) ENGINE=MyISAM DEFAULT CHARSET=latin1;

--
-- Volcado de datos para la tabla `nred`
--

INSERT INTO `nred` (`NRED_ID`, `NRED_NOMBRE`, `NRED_ORDEN`, `NRED_ESTADO`) VALUES
(01, 'RED DE SALUD TUPAC AMARU', 1, 1),
(02, 'RED DE SALUD PUENTE PIEDRA', 2, 1),
(03, 'RED DE SALUD RIMAC', 3, 1);

-- --------------------------------------------------------

--
-- Estructura de tabla para la tabla `reporte_planillon`
--

CREATE TABLE `reporte_planillon` (
  `FECHA_MIN` date DEFAULT NULL,
  `FECHA_MAX` date DEFAULT NULL,
  `AÑO` int(4) DEFAULT NULL,
  `MES` int(2) UNSIGNED ZEROFILL DEFAULT NULL,
  `DIA` int(2) UNSIGNED ZEROFILL DEFAULT NULL,
  `NESTA_RENAES` int(5) UNSIGNED ZEROFILL DEFAULT NULL,
  `NEST_NOMBRE` varchar(100) DEFAULT NULL,
  `MONTO_TOTAL` double(11,2) UNSIGNED DEFAULT NULL,
  `MONTO_RDR` double(11,2) UNSIGNED DEFAULT NULL,
  `MONTO_SISMED` double(11,2) UNSIGNED DEFAULT NULL,
  `MONTO1` double(11,2) UNSIGNED DEFAULT NULL,
  `MONTO2` double(11,2) UNSIGNED DEFAULT NULL,
  `MONTO3` double(11,2) UNSIGNED DEFAULT NULL,
  `MONTO4` double(11,2) UNSIGNED DEFAULT NULL,
  `MONTO5` double(11,2) UNSIGNED DEFAULT NULL,
  `MONTO6` double(11,2) UNSIGNED DEFAULT NULL,
  `MONTO7` double(11,2) UNSIGNED DEFAULT NULL,
  `MONTO8` double(11,2) UNSIGNED DEFAULT NULL,
  `MONTO9` double(11,2) UNSIGNED DEFAULT NULL,
  `MONTO10` double(11,2) UNSIGNED DEFAULT NULL,
  `MONTO11` double(11,2) UNSIGNED DEFAULT NULL,
  `MONTO12` double(11,2) UNSIGNED DEFAULT NULL,
  `MONTO13` double(11,2) UNSIGNED DEFAULT NULL,
  `MONTO14` double(11,2) UNSIGNED DEFAULT NULL,
  `MONTO15` double(11,2) UNSIGNED DEFAULT NULL,
  `MONTO16` double(11,2) UNSIGNED DEFAULT NULL,
  `MONTO17` double(11,2) UNSIGNED DEFAULT NULL,
  `MONTO18` double(11,2) UNSIGNED DEFAULT NULL,
  `MONTO19` double(11,2) UNSIGNED DEFAULT NULL,
  `MONTO20` double(11,2) UNSIGNED DEFAULT NULL,
  `MONTO21` double(11,2) UNSIGNED DEFAULT NULL,
  `MONTO22` double(11,2) UNSIGNED DEFAULT NULL,
  `MONTO23` double(11,2) UNSIGNED DEFAULT NULL,
  `MONTO24` double(11,2) UNSIGNED DEFAULT NULL,
  `MONTO25` double(11,2) UNSIGNED DEFAULT NULL,
  `MONTO26` double(11,2) UNSIGNED DEFAULT NULL,
  `MONTO27` double(11,2) UNSIGNED DEFAULT NULL,
  `MONTO28` double(11,2) UNSIGNED DEFAULT NULL,
  `MONTO29` double(11,2) UNSIGNED DEFAULT NULL,
  `fecha_proceso` date DEFAULT NULL
) ENGINE=MyISAM DEFAULT CHARSET=latin1;

--
-- Volcado de datos para la tabla `reporte_planillon`
--

INSERT INTO `reporte_planillon` (`FECHA_MIN`, `FECHA_MAX`, `AÑO`, `MES`, `DIA`, `NESTA_RENAES`, `NEST_NOMBRE`, `MONTO_TOTAL`, `MONTO_RDR`, `MONTO_SISMED`, `MONTO1`, `MONTO2`, `MONTO3`, `MONTO4`, `MONTO5`, `MONTO6`, `MONTO7`, `MONTO8`, `MONTO9`, `MONTO10`, `MONTO11`, `MONTO12`, `MONTO13`, `MONTO14`, `MONTO15`, `MONTO16`, `MONTO17`, `MONTO18`, `MONTO19`, `MONTO20`, `MONTO21`, `MONTO22`, `MONTO23`, `MONTO24`, `MONTO25`, `MONTO26`, `MONTO27`, `MONTO28`, `MONTO29`, `fecha_proceso`) VALUES
('2018-05-01', '2018-05-01', 2018, 05, 01, 00000, 'DIRIS LIMA NORTE', 999.00, 999.00, 0.00, 99.00, 9.00, 0.00, 90.00, 900.00, 900.00, 0.00, 0.00, 0.00, 0.00, 0.00, 0.00, 0.00, 0.00, 0.00, 0.00, 0.00, 0.00, 0.00, 0.00, 0.00, 0.00, 0.00, 0.00, 0.00, 0.00, 0.00, 0.00, 0.00, '2018-06-12'),
('2018-06-13', '2018-06-12', 2018, 06, 07, 00000, NULL, NULL, NULL, NULL, NULL, NULL, NULL, NULL, NULL, NULL, NULL, NULL, NULL, NULL, NULL, NULL, NULL, NULL, NULL, NULL, NULL, NULL, NULL, NULL, NULL, NULL, NULL, NULL, NULL, NULL, NULL, NULL, NULL, NULL);

--
-- Índices para tablas volcadas
--

--
-- Indices de la tabla `lanio`
--
ALTER TABLE `lanio`
  ADD PRIMARY KEY (`LANIO_ID`);

--
-- Indices de la tabla `mpermiso`
--
ALTER TABLE `mpermiso`
  ADD PRIMARY KEY (`MPERM_ID`);

--
-- AUTO_INCREMENT de las tablas volcadas
--

--
-- AUTO_INCREMENT de la tabla `mpermiso`
--
ALTER TABLE `mpermiso`
  MODIFY `MPERM_ID` int(4) UNSIGNED ZEROFILL NOT NULL AUTO_INCREMENT, AUTO_INCREMENT=1435;
/*!40101 SET CHARACTER_SET_CLIENT=@OLD_CHARACTER_SET_CLIENT */;
/*!40101 SET CHARACTER_SET_RESULTS=@OLD_CHARACTER_SET_RESULTS */;
/*!40101 SET COLLATION_CONNECTION=@OLD_COLLATION_CONNECTION */;
