-- phpMyAdmin SQL Dump
-- version 4.4.15.10
-- https://www.phpmyadmin.net
--
-- Servidor: localhost
-- Tiempo de generación: 31-05-2018 a las 22:48:33
-- Versión del servidor: 5.7.22
-- Versión de PHP: 5.4.16

SET SQL_MODE = "NO_AUTO_VALUE_ON_ZERO";
SET time_zone = "+00:00";


/*!40101 SET @OLD_CHARACTER_SET_CLIENT=@@CHARACTER_SET_CLIENT */;
/*!40101 SET @OLD_CHARACTER_SET_RESULTS=@@CHARACTER_SET_RESULTS */;
/*!40101 SET @OLD_COLLATION_CONNECTION=@@COLLATION_CONNECTION */;
/*!40101 SET NAMES utf8mb4 */;

--
-- Base de datos: `dln_recaudacion`
--

-- --------------------------------------------------------

--
-- Estructura de tabla para la tabla `lanio`
--

CREATE TABLE IF NOT EXISTS `lanio` (
  `LANIO_ID` int(11) NOT NULL,
  `LANIO_NOMBRE` int(11) DEFAULT NULL,
  `LANIO_ESTADO` int(11) DEFAULT NULL
) ENGINE=MyISAM DEFAULT CHARSET=latin1;

--
-- Volcado de datos para la tabla `lanio`
--

INSERT INTO `lanio` (`LANIO_ID`, `LANIO_NOMBRE`, `LANIO_ESTADO`) VALUES
(18, 2018, 1);

-- --------------------------------------------------------

--
-- Estructura de tabla para la tabla `lclasificador`
--

CREATE TABLE IF NOT EXISTS `lclasificador` (
  `LCLAS_ID` int(11) NOT NULL,
  `LRECTIP_ID` int(2) unsigned zerofill DEFAULT NULL,
  `LCLAS_ALIAS` varchar(50) DEFAULT NULL,
  `LCOMP_ID` int(2) unsigned zerofill DEFAULT NULL,
  `LCLAS_NOMBRE` varchar(200) DEFAULT NULL,
  `LCLAS_PADRE` int(11) DEFAULT NULL,
  `CELDA` varchar(5) DEFAULT NULL,
  `LCLAS_ESTADO` int(11) DEFAULT NULL,
  `LCLAS_CLASS` varchar(50) DEFAULT NULL
) ENGINE=MyISAM AUTO_INCREMENT=67 DEFAULT CHARSET=latin1;

--
-- Volcado de datos para la tabla `lclasificador`
--

INSERT INTO `lclasificador` (`LCLAS_ID`, `LRECTIP_ID`, `LCLAS_ALIAS`, `LCOMP_ID`, `LCLAS_NOMBRE`, `LCLAS_PADRE`, `CELDA`, `LCLAS_ESTADO`, `LCLAS_CLASS`) VALUES
(1, 01, '1.3.1', 01, 'VENTA DE BIENES', 0, 'B6', 1, NULL),
(2, 01, '1.3.16.14', 01, 'FARMACIA (VENTA DE MEDICAMENTOS DE SISMED 100%)', 1, 'B7', 1, NULL),
(3, 02, '1.3.19', 01, 'VENTA DE OTROS BIENES', 0, 'B8', 1, NULL),
(4, 02, '1.3.19.12', 01, 'VENTA DE BASES PARA LICITACIÓN PÚBLICA, CONCURSO PÚBLICO Y OTROS', 3, 'B9', 1, NULL),
(5, 02, '1.3.2', 01, 'DERECHOS Y TASAS ADMINISTRATIVOS', 0, 'B10', 1, NULL),
(6, 02, '1.3.24.12', 01, 'AUTORIZACION, INSPECCION Y CONTROL SANITARIO', 5, 'B11', 1, NULL),
(7, 02, '1.3.24.13', 01, 'EXAMEN MEDICO (VISACIONES)', 5, 'B12', 1, NULL),
(8, 02, '1.3.24.13', 01, 'EXAMEN MEDICO (DESCANSO MEDICO)', 5, 'B13', 0, NULL),
(9, 02, '1.3.24.13', 01, 'EXAMEN MEDICO (INFORME Y/O CONSTANCIAS)', 5, 'B14', 0, NULL),
(10, 02, '1.3.24.14', 01, 'CERTIFICADOS (CERTIFICADOS MEDICOS DE SALUD)', 5, 'B15', 1, NULL),
(11, 02, '1.3.24.14', 01, 'CERTIFICADOS (CERTIFICADOS MEDICOS ESCOLAR)', 5, 'B16', 0, NULL),
(12, 02, '1.3.24.14', 01, 'CERTIFICADOS (CERTIFICADO DE NACIMIENTO)', 5, 'B17', 0, NULL),
(13, 02, '1.3.24.14', 01, 'CERTIFICADOS (CERTIFICADO DE DEFUNCION)', 5, 'B18', 0, NULL),
(14, 02, '1.3.24.16', 01, 'CARNETS Y/O TARJETAS DE ATENCION (INSCRIPCIONES DE NUEVOS Y DUPLICADOS)', 5, 'B19', 1, NULL),
(15, 02, '1.3.24.16', 01, 'CARNETS Y/O TARJETAS DE ATENCION (DUPLICADO DE VACUNAS)', 5, 'B20', 0, NULL),
(16, 02, '1.3.24.17', 01, 'CONTROL CANINO (CONTROL DE ANIMAL MORDEDOR)', 5, 'B21', 1, NULL),
(17, 02, '1.3.24.199', 01, 'OTROS DERECHOS ADMINISTRATIVOS DE SALUD (FOLDERS Y OTROS)', 5, 'B22', 1, NULL),
(18, 02, '1.3.24.199', 01, 'OTROS DERECHOS ADMINISTRATIVOS DE SALUD', 5, 'B23', 1, NULL),
(19, 02, '1.3.24.199', 01, 'OTROS DERECHOS ADMINISTRATIVOS DE SALUD (INSPECCIÓN, LIMPIEZA Y DESINFEC. DE TANQUES)', 5, 'B24', 1, NULL),
(20, 02, '1.3.24.199', 01, 'OTROS DERECHOS ADMINISTRATIVOS DE SALUD (CAPACITACIÓN A MANIPULADORES)', 5, 'B25', 1, NULL),
(21, 02, '1.3.3', 01, 'VENTA DE SERVICIOS', 0, 'B26', 1, NULL),
(22, 02, '1.3.34.11', 01, 'ATENCIÓN MEDICA (CONSULTA MEDICA)', 21, 'B27', 1, NULL),
(23, 02, '1.3.34.11', 01, 'ATENCIÓN MEDICA(CONSULTA ESPECIALIDAD-PEDIATRA)', 21, 'B28', 0, NULL),
(24, 02, '1.3.34.11', 01, 'ATENCIÓN MEDICA(CONSULTA ESPECIALIDAD-GINECOLOGO)', 21, 'B29', 0, NULL),
(25, 02, '1.3.34.11', 01, 'ATENCIÓN MEDICA(CONSULTA ESPECIALIDAD-DERMATOLOGO)', 21, 'B30', 0, NULL),
(26, 02, '1.3.34.11', 01, 'ATENCIÓN MEDICA(CONSULTA OTRAS ESPECIALIDADES)', 21, 'B31', 0, NULL),
(27, 02, '1.3.34.12', 01, 'ATENCION DENTAL (CONSULTAS ODONTOLOGICAS)', 21, 'B32', 1, NULL),
(28, 02, '1.3.34.12', 01, 'ATENCION DENTAL (PROCEDIMIENTOS ODONTOLOGICOS PAGADOS)', 21, 'B33', 1, NULL),
(29, 02, '1.3.34.13', 01, 'EXAMEN PSICOLOGICO Y/O PSIQUIATRICA', 21, 'B34', 1, NULL),
(30, 02, '1.3.34.14', 01, 'SERVICIO DE EMERGENCIA', 21, 'B35', 1, NULL),
(31, 02, '1.3.34.15', 01, 'CIRUGIA (SUTURAS EFECTUADAS (MAYOR Y MENOR))', 21, 'B36', 1, NULL),
(32, 02, '1.3.34.15', 01, 'CIRUGIA (EXTRACCIÓN DE UÑA, EXTRACCIÓN DE CUERPO EXTRAÑO, DEBRIDACIÓN DE ABCESO)', 21, 'B37', 1, NULL),
(33, 02, '1.3.34.16', 01, 'HOSPITALIZACION', 21, 'B38', 1, NULL),
(34, 02, '1.3.34.16', 01, 'HOSPITALIZACION (PARTOS ATENDIDOS DENTRO DEL ESTABLECIMIENTO)', 21, 'B39', 1, NULL),
(35, 02, '1.3.34.16', 01, 'HOSPITALIZACION (PARTOS ATENDIDOS FUERA DEL ESTABLECIMIENTO)', 21, 'B40', 1, NULL),
(36, 02, '1.3.34.17', 01, 'SERVICIO DE TOPICO (INYECTABLES APLICADAS)', 21, 'B41', 1, NULL),
(37, 02, '1.3.34.17', 01, 'SERVICIO DE TOPICO (CURACIONES REALIZADAS)', 21, 'B42', 1, NULL),
(38, 02, '1.3.34.17', 01, 'SERVICIO DE TOPICO (TOMA DE PRESION ARTERIAL)', 21, 'B43', 1, NULL),
(39, 02, '1.3.34.17', 01, 'SERVICIO DE TOPICO (OTRAS ACTIVIDADES DEL TOPICO (LAVADO DE OIDO, ETC))', 21, 'B44', 1, NULL),
(40, 02, '1.3.34.17', 01, 'SERVICIO DE TOPICO (OTRAS ACTIVIDADES DEL TOPICO (NEBULIZACION,ETC))', 21, 'B45', 1, NULL),
(41, 02, '1.3.34.199', 01, 'OTROS SERVICIOS MEDICOS - ASISTENCIALES (SERVICIO DE AMBULANCIA)', 21, 'B46', 1, NULL),
(42, 02, '1.3.34.199', 01, 'OTROS SERVICIOS MEDICOS - ASISTENCIALES (OTRAS ATENC. DE ENFERMERIA)', 21, 'B47', 1, NULL),
(43, 02, '1.3.34.199', 01, 'OTROS SERVICIOS MEDICOS - ASISTENCIALES (ATENC. A LA DEMANDA-OBSTET.)', 21, 'B48', 1, NULL),
(44, 02, '1.3.34.199', 01, 'OTROS SERVICIOS MEDICOS - ASISTENCIALES (NO INCLUYEN FILA 41,42,43)', 21, 'B49', 1, NULL),
(45, 02, '1.3.34.21', 01, 'EXAMENES DE LABORATORIO (TOMA DE PAPANICOLAU)', 21, 'B50', 1, NULL),
(46, 02, '1.3.34.21', 01, 'EXAMENES DE LABORATORIO (INGRESOS POR LABORATORIOS)', 21, 'B51', 1, NULL),
(47, 02, '1.3.34.21', 01, 'EXAMENES DE LABORATORIO (ANALISIS MICROBIOLOGICOS DE AGUA DE CONSUMO HUMANO)', 21, 'B52', 0, NULL),
(48, 02, '1.3.34.23', 01, 'ELECTROCARDIOGRAMA', 21, 'B53', 1, NULL),
(49, 02, '1.3.34.24', 01, 'DIAGNOSTICO POR IMAGENES (INGRESO POR RAYOS X)', 21, 'B54', 1, NULL),
(50, 02, '1.3.34.24', 01, 'DIAGNOSTICO POR IMAGENES (INGRESO POR RAYOS X- DENTAL)', 21, 'B55', 0, NULL),
(51, 02, '1.3.34.24', 01, 'DIAGNOSTICO POR IMAGENES (INGRESO POR ECOGRAFIA Y OTROS)', 21, 'B56', 1, NULL),
(52, 02, '1.3.34.31', 01, 'FISIOTERAPIA (SERVICIOS DE REHABILITACION ESPECIALIZADA)', 21, 'B57', 1, NULL),
(53, 02, '1.3.34.399', 01, 'OTROS SERVICIOS DE SALUD (ATENCION A LA DEMANDA POR PERSONAL NO MEDICO)', 21, 'B58', 0, NULL),
(54, 02, '1.3.34.399', 01, 'OTROS SERVICIOS DE SALUD (OTRAS ATENCIONES DE ENFERMERIA)', 21, 'B59', 0, NULL),
(55, 02, '1.3.34.399', 01, 'OTROS SERVICIOS DE SALUD (OTRAS ATENCIONES DE ENFERMERIA ESTIMULACION TEMPRANA)', 21, 'B60', 0, NULL),
(56, 02, '1.3.34.399', 01, 'OTROS SERVICIOS DE SALUD (OTRAS ATENCIONES DE ENFERMERIAM CRED, ADULTO)', 21, 'B61', 0, NULL),
(57, 02, '1.3.34.399', 01, 'OTROS SERVICIOS DE SALUD (OTRAS ATENCIONES OBSTETRICAS)', 21, 'B62', 0, NULL),
(58, 02, '1.3.34.399', 01, 'OTROS SERVICIOS DE SALUD (OTRAS ATENCIONES DE NUTRICION)', 21, 'B63', 0, NULL),
(59, 02, '1.3.34.399', 01, 'OTROS SERVICIOS DE SALUD (OTRAS ATENCIONES DE OPTOMETRIA)', 21, 'B64', 0, NULL),
(60, 02, '1.3.34.399', 01, 'OTROS SERVICIOS DE SALUD (SERVICIOS DE AMBULANCIA)', 21, 'B65', 0, NULL),
(61, 02, '1.3.34.399', 01, 'OTROS ALQUILERES(LOCAL, AUDITORIO, CAFETERIA, TELEFONO, SPEDY, OTROS)', 21, 'B66', 1, NULL),
(62, 02, '1.5.2', 01, 'MULTAS Y SANCIONES NO TRIBUTARIAS', 0, 'B67', 1, NULL),
(63, 02, '1.5.21.699', 01, 'OTRAS MULTAS (PENALIDADES, APELACION)', 62, 'B68', 1, NULL),
(64, 02, '1.1.1.1', 01, 'DESCRIPCION BLOQUEADA', 100, 'B69', 0, NULL),
(65, 02, '1.1.1.1', 01, 'DESCRIPCION BLOQUEADA', 100, 'B70', 0, NULL),
(66, 02, '1.1.1.1', 01, 'DESCRIPCION BLOQUEADA', 100, 'B71', 0, NULL);

-- --------------------------------------------------------

--
-- Estructura de tabla para la tabla `lcomponente`
--

CREATE TABLE IF NOT EXISTS `lcomponente` (
  `LCOMP_ID` int(2) unsigned zerofill NOT NULL,
  `LCOMP_NOMBRE` char(50) DEFAULT NULL,
  `LCOMP_ESTADO` char(18) DEFAULT NULL
) ENGINE=MyISAM AUTO_INCREMENT=2 DEFAULT CHARSET=latin1;

--
-- Volcado de datos para la tabla `lcomponente`
--

INSERT INTO `lcomponente` (`LCOMP_ID`, `LCOMP_NOMBRE`, `LCOMP_ESTADO`) VALUES
(01, 'MANTENIMIENTO DE FORMATO DE RECAUDACION DIARIA', '1');

-- --------------------------------------------------------

--
-- Estructura de tabla para la tabla `lmes`
--

CREATE TABLE IF NOT EXISTS `lmes` (
  `LMES_ID` int(2) unsigned zerofill NOT NULL,
  `LMES_NOMBRE` varchar(50) DEFAULT NULL,
  `LMES_ESTADO` int(11) DEFAULT NULL
) ENGINE=MyISAM AUTO_INCREMENT=13 DEFAULT CHARSET=latin1;

--
-- Volcado de datos para la tabla `lmes`
--

INSERT INTO `lmes` (`LMES_ID`, `LMES_NOMBRE`, `LMES_ESTADO`) VALUES
(01, 'ENERO', 1),
(02, 'FEBRERO', 1),
(03, 'MARZO', 1),
(04, 'ABRIL', 1),
(05, 'MAYO', 1),
(06, 'JUNIO', 1),
(07, 'JULIO', 1),
(08, 'AGOSTO', 1),
(09, 'SETIEMBRE', 1),
(10, 'OCTUBRE', 1),
(11, 'NOVIEMBRE', 1),
(12, 'DICIEMBRE', 1);

-- --------------------------------------------------------

--
-- Estructura de tabla para la tabla `lrecaudacion`
--

CREATE TABLE IF NOT EXISTS `lrecaudacion` (
  `LRECAU_ID` varchar(15) NOT NULL,
  `NESTA_RENAES` int(5) unsigned zerofill DEFAULT NULL,
  `LANIO_ID` int(2) unsigned zerofill DEFAULT NULL,
  `LMES_ID` int(2) unsigned zerofill DEFAULT NULL,
  `LRECAU_FECREC` date DEFAULT NULL,
  `LCOMP_ID` int(2) unsigned zerofill DEFAULT NULL,
  `LRECTIP_ID` int(2) unsigned zerofill DEFAULT NULL,
  `LBOL_INI` varchar(20) DEFAULT NULL,
  `LBOL_FIN` varchar(20) DEFAULT NULL,
  `LCANT` int(11) DEFAULT NULL,
  `LIMP` double(11,2) DEFAULT NULL,
  `FECHA_INGRESO` datetime DEFAULT NULL,
  `LRECAU_ESTADO` char(1) DEFAULT NULL
) ENGINE=MyISAM DEFAULT CHARSET=latin1;

--
-- Volcado de datos para la tabla `lrecaudacion`
--

INSERT INTO `lrecaudacion` (`LRECAU_ID`, `NESTA_RENAES`, `LANIO_ID`, `LMES_ID`, `LRECAU_FECREC`, `LCOMP_ID`, `LRECTIP_ID`, `LBOL_INI`, `LBOL_FIN`, `LCANT`, `LIMP`, `FECHA_INGRESO`, `LRECAU_ESTADO`) VALUES
('010118052305755', 05755, 18, 05, '2018-05-23', 01, 01, '02', '11', 2, 10.00, '2018-05-23 11:35:22', '1'),
('010218052305755', 05755, 18, 05, '2018-05-23', 01, 02, '0010', '020', 12, 170.00, '2018-05-23 11:35:22', '1'),
('010118052205794', 05794, 18, 05, '2018-05-22', 01, 01, '15', '30', 50, 80.00, '2018-05-23 13:01:22', '0'),
('010218052205794', 05794, 18, 05, '2018-05-22', 01, 02, '10', '20', 10, 220.00, '2018-05-23 13:01:22', '0'),
('010118052305788', 05788, 18, 05, '2018-05-23', 01, 01, '20', '40', 20, 100.00, '2018-05-23 14:49:16', '1'),
('010218052305788', 05788, 18, 05, '2018-05-23', 01, 02, '001', '20', 1, 20.00, '2018-05-23 14:49:16', '0'),
('010118052205788', 05788, 18, 05, '2018-05-22', 01, 01, '20', '40', 20, 100.00, '2018-05-23 14:50:47', '0'),
('010218052205788', 05788, 18, 05, '2018-05-22', 01, 02, '001', '20', 1, 20.00, '2018-05-23 14:50:47', '0'),
('010118052205793', 05793, 18, 05, '2018-05-22', 01, 01, '150', '300', 5, 5.10, '2018-05-23 16:07:43', '1'),
('010218052205793', 05793, 18, 05, '2018-05-22', 01, 02, '100', '200', 1, 32.00, '2018-05-23 16:07:43', '1'),
('010118052305793', 05793, 18, 05, '2018-05-23', 01, 01, '25', '45', 1, 1.50, '2018-05-23 16:12:36', '1'),
('010218052305793', 05793, 18, 05, '2018-05-23', 01, 02, '100', '250', 0, 12.00, '2018-05-23 16:12:36', '1'),
('010118052305791', 05791, 18, 05, '2018-05-23', 01, 01, '2', '20', 10, 20.00, '2018-05-23 17:53:19', '1'),
('010218052305791', 05791, 18, 05, '2018-05-23', 01, 02, '1', '10', 20, 40.00, '2018-05-23 17:53:19', '1'),
('010118052405755', 05755, 18, 05, '2018-05-24', 01, 01, '10', '20', 5, 4.20, '2018-05-23 22:53:26', '0'),
('010218052405755', 05755, 18, 05, '2018-05-24', 01, 02, '015', '030', 6, 189.00, '2018-05-23 22:53:26', '0'),
('010118051007735', 07735, 18, 05, '2018-05-10', 01, 01, '10', '20', 20, 22.00, '2018-05-24 11:10:18', '1'),
('010218051007735', 07735, 18, 05, '2018-05-10', 01, 02, '1860', '1880', 15, 91.00, '2018-05-24 11:10:18', '1'),
('010118052105791', 05791, 18, 05, '2018-05-21', 01, 01, '034816', '035065', 102, 346.70, '2018-05-24 11:26:29', '1'),
('010218052105791', 05791, 18, 05, '2018-05-21', 01, 02, '20550', '20580', 106, 1723.00, '2018-05-24 11:26:29', '1'),
('010118051705824', 05824, 18, 05, '2018-05-17', 01, 01, '1407', '1412', 10, 7.50, '2018-05-24 12:06:09', '1'),
('010218051705824', 05824, 18, 05, '2018-05-17', 01, 02, '10', '20', 0, 20.00, '2018-05-24 12:06:09', '1'),
('010118052405756', 05756, 18, 05, '2018-05-24', 01, 01, '6271', '6289', 5, 25.00, '2018-05-24 12:35:42', '1'),
('010218052405756', 05756, 18, 05, '2018-05-24', 01, 02, '2309', '2321', 0, 41.00, '2018-05-24 12:35:42', '1'),
('010118051405819', 05819, 18, 05, '2018-05-14', 01, 01, '7506', '7587', 20, 29.00, '2018-05-24 12:54:55', '1'),
('010218051405819', 05819, 18, 05, '2018-05-14', 01, 02, '4330', '4359', 20, 103.00, '2018-05-24 12:54:55', '1'),
('010118051921104', 21104, 18, 05, '2018-05-19', 01, 01, '3549', '3581', 6, 33.70, '2018-05-24 15:44:21', '1'),
('010218051921104', 21104, 18, 05, '2018-05-19', 01, 02, '3384', '3408', 0, 191.00, '2018-05-24 15:44:21', '1'),
('010118052121104', 21104, 18, 05, '2018-05-21', 01, 01, '3582', '3608', 3, 56.20, '2018-05-24 15:48:02', '1'),
('010218052121104', 21104, 18, 05, '2018-05-21', 01, 02, '3409', '3432', 2, 227.00, '2018-05-24 15:48:02', '1'),
('010118052221104', 21104, 18, 05, '2018-05-22', 01, 01, '3609', '3629', 3, 17.20, '2018-05-24 15:50:18', '1'),
('010218052221104', 21104, 18, 05, '2018-05-22', 01, 02, '3433', '3456', 1, 196.00, '2018-05-24 15:50:18', '1'),
('010118052405793', 05793, 18, 05, '2018-05-24', 01, 01, '1', '10', 0, 0.00, '2018-05-24 16:23:05', '0'),
('010218052405793', 05793, 18, 05, '2018-05-24', 01, 02, '1', '15', 1, 54.50, '2018-05-24 16:23:05', '0'),
('010118051205816', 05816, 18, 05, '2018-05-12', 01, 01, '15285', '15365', 20, 119.50, '2018-05-24 17:06:40', '1'),
('010218051205816', 05816, 18, 05, '2018-05-12', 01, 02, '6035', '6046', 4, 92.00, '2018-05-24 17:06:40', '1'),
('010118051905816', 05816, 18, 05, '2018-05-19', 01, 01, '15847', '15901', 13, 74.40, '2018-05-24 17:33:56', '1'),
('010218051905816', 05816, 18, 05, '2018-05-19', 01, 02, '5186', '5201', 0, 137.00, '2018-05-24 17:33:56', '1'),
('010118051605754', 05754, 18, 05, '2018-05-16', 01, 01, '9863', '9912', 10, 88.60, '2018-05-25 09:12:16', '1'),
('010218051605754', 05754, 18, 05, '2018-05-16', 01, 02, '5436', '5473', 7, 375.00, '2018-05-25 09:12:16', '1'),
('010118051614727', 14727, 18, 05, '2018-05-16', 01, 01, '4469', '4474', 6, 58.50, '2018-05-25 10:06:16', '1'),
('010218051614727', 14727, 18, 05, '2018-05-16', 01, 02, '372', '377', 1, 27.00, '2018-05-25 10:06:16', '1'),
('010118051514727', 14727, 18, 05, '2018-05-15', 01, 01, '256', '260', 2, 15.00, '2018-05-25 10:34:13', '1'),
('010218051514727', 14727, 18, 05, '2018-05-15', 01, 02, '366', '371', 2, 43.00, '2018-05-25 10:34:13', '1'),
('010118050205748', 05748, 18, 05, '2018-05-02', 01, 01, '200', '205', 10, 61.60, '2018-05-25 11:08:56', '1'),
('010218050205748', 05748, 18, 05, '2018-05-02', 01, 02, '2605', '2640', 5, 87.00, '2018-05-25 11:08:56', '0'),
('010118052305734', 05734, 18, 05, '2018-05-23', 01, 01, '6639', '6661', 6, 57.20, '2018-05-25 11:14:29', '1'),
('010218052305734', 05734, 18, 05, '2018-05-23', 01, 02, '5684', '5694', 3, 213.00, '2018-05-25 11:14:29', '1'),
('010118051905790', 05790, 18, 05, '2018-05-19', 01, 01, '4507', '4523', 5, 8.00, '2018-05-25 11:27:51', '1'),
('010218051905790', 05790, 18, 05, '2018-05-19', 01, 02, '1564', '1580', 2, 145.00, '2018-05-25 11:27:51', '1'),
('010118052105790', 05790, 18, 05, '2018-05-21', 01, 01, '4555', '4605', 13, 39.80, '2018-05-25 11:33:46', '1'),
('010218052105790', 05790, 18, 05, '2018-05-21', 01, 02, '1581', '1596', 0, 154.00, '2018-05-25 11:33:46', '1'),
('010118051105825', 05825, 18, 05, '2018-05-11', 01, 01, '10', '20', 5, 10.00, '2018-05-25 11:35:28', '1'),
('010218051105825', 05825, 18, 05, '2018-05-11', 01, 02, '964', '968', 0, 17.00, '2018-05-25 11:35:28', '1'),
('010118052205790', 05790, 18, 05, '2018-05-22', 01, 01, '4609', '4645', 15, 37.60, '2018-05-25 11:38:07', '1'),
('010218052205790', 05790, 18, 05, '2018-05-22', 01, 02, '1597', '1607', 2, 112.00, '2018-05-25 11:38:07', '1'),
('010118051005814', 05814, 18, 05, '2018-05-10', 01, 01, '11805', '11928', 30, 159.70, '2018-05-25 12:06:40', '1'),
('010218051005814', 05814, 18, 05, '2018-05-10', 01, 02, '8493', '8550', 13, 352.00, '2018-05-25 12:06:40', '1'),
('010118050305824', 05824, 18, 05, '2018-05-03', 01, 01, '2998', '3002', 5, 54.50, '2018-05-25 12:13:50', '1'),
('010218050305824', 05824, 18, 05, '2018-05-03', 01, 02, '1329', '1337', 0, 38.00, '2018-05-25 12:13:50', '1'),
('010118052405737', 05737, 18, 05, '2018-05-24', 01, 01, '007525', '07571', 2, 27.10, '2018-05-25 12:16:30', '1'),
('010218052405737', 05737, 18, 05, '2018-05-24', 01, 02, '4006', '4050', 4, 195.00, '2018-05-25 12:16:30', '1'),
('010118051105814', 05814, 18, 05, '2018-05-11', 01, 01, '11929', '12023', 23, 182.80, '2018-05-25 12:26:39', '1'),
('010218051105814', 05814, 18, 05, '2018-05-11', 01, 02, '8551', '8608', 4, 335.00, '2018-05-25 12:26:39', '1'),
('010118052305764', 05764, 18, 05, '2018-05-23', 01, 01, '07334', '07336', 3, 7.30, '2018-05-25 12:50:00', '1'),
('010218052305764', 05764, 18, 05, '2018-05-23', 01, 02, '01875', '01890', 2, 122.00, '2018-05-25 12:50:00', '1'),
('010118051505815', 05815, 18, 05, '2018-05-15', 01, 01, '20', '30', 6, 14.10, '2018-05-25 14:46:56', '1'),
('010218051505815', 05815, 18, 05, '2018-05-15', 01, 02, '627', '633', 0, 57.00, '2018-05-25 14:46:56', '1'),
('010118051905759', 05759, 18, 05, '2018-05-19', 01, 01, '3729', '3756', 3, 29.60, '2018-05-25 14:59:23', '1'),
('010218051905759', 05759, 18, 05, '2018-05-19', 01, 02, '033', '040', 4, 47.00, '2018-05-25 14:59:23', '1'),
('010118052105759', 05759, 18, 05, '2018-05-21', 01, 01, '3757', '3787', 2, 15.60, '2018-05-25 15:09:56', '1'),
('010218052105759', 05759, 18, 05, '2018-05-21', 01, 02, '041', '60', 0, 19.00, '2018-05-25 15:09:56', '1'),
('010118052205817', 05817, 18, 05, '2018-05-22', 01, 01, '10', '50', 10, 72.30, '2018-05-25 15:46:47', '1'),
('010218052205817', 05817, 18, 05, '2018-05-22', 01, 02, '2688', '2816', 7, 121.00, '2018-05-25 15:46:47', '1'),
('010118052405758', 05758, 18, 05, '2018-05-24', 01, 01, '3832', '3849', 11, 21.00, '2018-05-25 16:43:42', '1'),
('010218052405758', 05758, 18, 05, '2018-05-24', 01, 02, '2902', '2918', 2, 85.00, '2018-05-25 16:43:42', '1'),
('010118052605825', 05825, 18, 05, '2018-05-26', 01, 01, '0003777', '0003815', 1, 10.00, '2018-05-26 11:40:28', '1'),
('010218052605825', 05825, 18, 05, '2018-05-26', 01, 02, '001008', '001013', 0, 26.00, '2018-05-26 11:40:28', '1'),
('010118052705764', 05764, 18, 05, '2018-05-27', 01, 01, '00012', '00019', 10, 22.00, '2018-05-27 20:57:44', '0'),
('010218052705764', 05764, 18, 05, '2018-05-27', 01, 02, '0042', '0049', 6, 144.00, '2018-05-27 20:57:44', '0'),
('010118050905793', 05793, 18, 05, '2018-05-09', 01, 01, '1', '2', 2, 8.00, '2018-05-28 09:09:48', '1'),
('010218050905793', 05793, 18, 05, '2018-05-09', 01, 02, '1', '15', 3, 16.00, '2018-05-28 09:09:48', '1'),
('010118052605787', 05787, 18, 05, '2018-05-26', 01, 01, '009967', '010079', 51, 161.10, '2018-05-28 09:12:58', '1'),
('010218052605787', 05787, 18, 05, '2018-05-26', 01, 02, '1020', '1058', 8, 121.00, '2018-05-28 09:12:58', '1'),
('010118051005793', 05793, 18, 05, '2018-05-10', 01, 01, '1', '2', 2, 8.60, '2018-05-28 09:20:00', '1'),
('010218051005793', 05793, 18, 05, '2018-05-10', 01, 02, '1', '15', 3, 16.00, '2018-05-28 09:20:00', '1'),
('010118052321104', 21104, 18, 05, '2018-05-23', 01, 01, '3630', '3650', 3, 61.10, '2018-05-28 09:50:02', '1'),
('010218052321104', 21104, 18, 05, '2018-05-23', 01, 02, '3457', '3479', 1, 170.00, '2018-05-28 09:50:02', '1'),
('010118052421104', 21104, 18, 05, '2018-05-24', 01, 01, '3651', '3672', 3, 17.60, '2018-05-28 09:59:04', '1'),
('010218052421104', 21104, 18, 05, '2018-05-24', 01, 02, '3480', '3501', 0, 114.00, '2018-05-28 09:59:04', '1'),
('010118052521104', 21104, 18, 05, '2018-05-25', 01, 01, '3673', '3684', 1, 5.20, '2018-05-28 10:05:11', '1'),
('010218052521104', 21104, 18, 05, '2018-05-25', 01, 02, '3502', '3517', 0, 72.00, '2018-05-28 10:05:11', '1'),
('010118052605735', 05735, 18, 05, '2018-05-26', 01, 01, '20520', '20566', 18, 94.40, '2018-05-28 10:59:05', '1'),
('010218052605735', 05735, 18, 05, '2018-05-26', 01, 02, '36474', '36489', 0, 139.00, '2018-05-28 10:59:05', '1'),
('010118052705735', 05735, 18, 05, '2018-05-27', 01, 01, '20375', '20513', 28, 100.70, '2018-05-28 11:08:08', '1'),
('010218052705735', 05735, 18, 05, '2018-05-27', 01, 02, '36437', '36473', 1, 456.00, '2018-05-28 11:08:08', '1'),
('010118052605763', 05763, 18, 05, '2018-05-26', 01, 01, '7766', '7794', 11, 50.00, '2018-05-28 11:53:48', '1'),
('010218052605763', 05763, 18, 05, '2018-05-26', 01, 02, '5961', '5988', 11, 233.00, '2018-05-28 11:53:48', '1'),
('010118052605793', 05793, 18, 05, '2018-05-26', 01, 01, '6935', '6962', 10, 35.70, '2018-05-28 11:55:14', '1'),
('010218052605793', 05793, 18, 05, '2018-05-26', 01, 02, '2603', '2612', 0, 37.00, '2018-05-28 11:55:14', '1'),
('010118051505793', 05793, 18, 05, '2018-05-15', 01, 01, '1', '50', 8, 18.40, '2018-05-28 11:57:50', '0'),
('010218051505793', 05793, 18, 05, '2018-05-15', 01, 02, '9715', '9776', 5, 24.00, '2018-05-28 11:57:50', '1'),
('010118052505763', 05763, 18, 05, '2018-05-25', 01, 01, '7729', '7763', 21, 97.40, '2018-05-28 12:09:29', '1'),
('010218052505763', 05763, 18, 05, '2018-05-25', 01, 02, '5906', '5959', 7, 222.00, '2018-05-28 12:09:29', '1'),
('010118052505786', 05786, 18, 05, '2018-05-25', 01, 01, '12', '23', 8, 18.40, '2018-05-28 12:16:20', '1'),
('010218052505786', 05786, 18, 05, '2018-05-25', 01, 02, '9715', '9776', 5, 115.00, '2018-05-28 12:16:20', '1'),
('010118052605757', 05757, 18, 05, '2018-05-26', 01, 01, '7654', '7709', 16, 42.20, '2018-05-28 12:34:18', '1'),
('010218052605757', 05757, 18, 05, '2018-05-26', 01, 02, '006036', '006055', 3, 121.00, '2018-05-28 12:34:18', '1'),
('010118052305738', 05738, 18, 05, '2018-05-23', 01, 01, '3154', '3156', 3, 30.30, '2018-05-28 12:37:28', '1'),
('010218052305738', 05738, 18, 05, '2018-05-23', 01, 02, '905', '908', 3, 6.00, '2018-05-28 12:37:28', '1'),
('010118052805738', 05738, 18, 05, '2018-05-28', 01, 01, '001', '002', 2, 4.00, '2018-05-28 12:52:29', '1'),
('010218052805738', 05738, 18, 05, '2018-05-28', 01, 02, '914', '918', 1, 28.00, '2018-05-28 12:52:29', '1'),
('010118052505761', 05761, 18, 05, '2018-05-25', 01, 01, '0003123', '0003125', 3, 29.70, '2018-05-28 12:58:25', '1'),
('010218052505761', 05761, 18, 05, '2018-05-25', 01, 02, '480', '492', 1, 15.00, '2018-05-28 12:58:25', '1'),
('010118052805761', 05761, 18, 05, '2018-05-28', 01, 01, '0003100', '0003108', 8, 38.80, '2018-05-28 13:01:07', '1'),
('010218052805761', 05761, 18, 05, '2018-05-28', 01, 02, '921', '955', 1, 39.00, '2018-05-28 13:01:07', '1'),
('010118052805793', 05793, 18, 05, '2018-05-28', 01, 01, '10', '12', 2, 8.60, '2018-05-28 13:03:40', '1'),
('010218052805793', 05793, 18, 05, '2018-05-28', 01, 02, '50', '60', 1, 20.00, '2018-05-28 13:03:40', '1'),
('010118051805822', 05822, 18, 05, '2018-05-18', 01, 01, '10', '30', 10, 21.90, '2018-05-28 15:44:01', '1'),
('010218051805822', 05822, 18, 05, '2018-05-18', 01, 02, '1535', '1537', 2, 23.00, '2018-05-28 15:44:01', '1'),
('010118051605822', 05822, 18, 05, '2018-05-16', 01, 01, '10', '30', 7, 8.90, '2018-05-28 16:03:55', '1'),
('010218051605822', 05822, 18, 05, '2018-05-16', 01, 02, '001517', '001526', 0, 49.00, '2018-05-28 16:03:55', '1'),
('010118052905754', 05754, 18, 05, '2018-05-29', 01, 01, '10607', '10648', 23, 1.39, '2018-05-29 10:09:56', '0'),
('010218052905754', 05754, 18, 05, '2018-05-29', 01, 02, '5706', '5731', 0, 240.00, '2018-05-29 10:09:56', '0'),
('010118052216525', 16525, 18, 05, '2018-05-22', 01, 01, '20', '40', 10, 10.00, '2018-05-29 10:10:32', '1'),
('010218052216525', 16525, 18, 05, '2018-05-22', 01, 02, '10', '20', 2, 9.00, '2018-05-29 10:10:32', '1'),
('010118052605772', 05772, 18, 05, '2018-05-26', 01, 01, '019541', '019716', 40, 103.60, '2018-05-29 10:34:42', '1'),
('010218052605772', 05772, 18, 05, '2018-05-26', 01, 02, '850', '1010', 10, 499.00, '2018-05-29 10:34:42', '1'),
('010118052705772', 05772, 18, 05, '2018-05-27', 01, 01, '019723', '19750', 25, 97.20, '2018-05-29 10:39:17', '1'),
('010218052705772', 05772, 18, 05, '2018-05-27', 01, 02, '1011', '1311', 3, 48.01, '2018-05-29 10:39:17', '1'),
('010118050305767', 05767, 18, 05, '2018-05-03', 01, 01, '4716', '4784', 16, 65.14, '2018-05-29 10:47:45', '1'),
('010218050305767', 05767, 18, 05, '2018-05-03', 01, 02, '5951', '6017', 26, 270.00, '2018-05-29 10:47:45', '1'),
('010118052805792', 05792, 18, 05, '2018-05-28', 01, 01, '25', '50', 25, 50.00, '2018-05-29 11:08:27', '1'),
('010218052805792', 05792, 18, 05, '2018-05-28', 01, 02, '1', '30', 1, 20.00, '2018-05-29 11:08:27', '1'),
('010118052305767', 05767, 18, 05, '2018-05-23', 01, 01, '10', '20', 10, 0.10, '2018-05-29 11:10:43', '0'),
('010218052305767', 05767, 18, 05, '2018-05-23', 01, 02, '1', '5', 10, 2.00, '2018-05-29 11:10:43', '0'),
('010118052105824', 05824, 18, 05, '2018-05-21', 01, 01, '10', '20', 7, 50.00, '2018-05-29 11:28:08', '1'),
('010218052105824', 05824, 18, 05, '2018-05-21', 01, 02, '1422', '1433', 0, 82.00, '2018-05-29 11:28:08', '1'),
('010118052305770', 05770, 18, 05, '2018-05-23', 01, 01, '2723', '2751', 2, 57.30, '2018-05-29 11:35:08', '1'),
('010218052305770', 05770, 18, 05, '2018-05-23', 01, 02, '822', '823', 0, 60.00, '2018-05-29 11:35:08', '1'),
('010118052905792', 05792, 18, 05, '2018-05-29', 01, 01, '70', '86', 16, 50.00, '2018-05-29 11:38:28', '0'),
('010218052905792', 05792, 18, 05, '2018-05-29', 01, 02, '20', '40', 0, 30.00, '2018-05-29 11:38:28', '0'),
('010118052505770', 05770, 18, 05, '2018-05-25', 01, 01, '1', '2', 2, 2.00, '2018-05-29 11:48:41', '1'),
('010218052505770', 05770, 18, 05, '2018-05-25', 01, 02, '832', '832', 0, 8.00, '2018-05-29 11:48:41', '1'),
('010118052210633', 10633, 18, 05, '2018-05-22', 01, 01, '5444', '5459', 3, 7.60, '2018-05-29 12:10:22', '1'),
('010218052210633', 10633, 18, 05, '2018-05-22', 01, 02, '603', '607', 3, 90.00, '2018-05-29 12:10:22', '1'),
('010118052105772', 05772, 18, 05, '2018-05-21', 01, 01, '7394', '7477', 10, 35.40, '2018-05-29 12:44:50', '1'),
('010218052105772', 05772, 18, 05, '2018-05-21', 01, 02, '1906', '1912', 0, 40.00, '2018-05-29 12:44:50', '1'),
('010118052505757', 05757, 18, 05, '2018-05-25', 01, 01, '7386', '7393', 8, 9.10, '2018-05-29 12:49:51', '1'),
('010218052505757', 05757, 18, 05, '2018-05-25', 01, 02, '1896', '1905', 1, 92.00, '2018-05-29 12:49:51', '1'),
('010118052905772', 05772, 18, 05, '2018-05-29', 01, 01, '7343', '7429', 30, 108.20, '2018-05-29 12:58:48', '1'),
('010218052905772', 05772, 18, 05, '2018-05-29', 01, 02, '2317', '2336', 0, 155.00, '2018-05-29 12:58:48', '1'),
('010118052105815', 05815, 18, 05, '2018-05-21', 01, 01, '5272', '5275', 4, 16.00, '2018-05-29 15:10:45', '1'),
('010218052105815', 05815, 18, 05, '2018-05-21', 01, 02, '10', '20', 2, 55.00, '2018-05-29 15:10:45', '1'),
('010118052905749', 05749, 18, 05, '2018-05-29', 01, 01, '2', '3', 50, 20.00, '2018-05-29 15:16:14', '1'),
('010218052905749', 05749, 18, 05, '2018-05-29', 01, 02, '1', '2', 2, 36.00, '2018-05-29 15:16:14', '0'),
('010118052805773', 05773, 18, 05, '2018-05-28', 01, 01, '2', '3', 1, 1.50, '2018-05-29 16:33:15', '1'),
('010218052805773', 05773, 18, 05, '2018-05-28', 01, 02, '6', '10', 0, 8.00, '2018-05-29 16:33:15', '1'),
('010118052905734', 05734, 18, 05, '2018-05-29', 01, 01, '0006773', '0006782', 10, 53.50, '2018-05-29 16:41:02', '1'),
('010218052905734', 05734, 18, 05, '2018-05-29', 01, 02, '004073', '004107', 2, 191.00, '2018-05-29 16:41:02', '1'),
('010118052505734', 05734, 18, 05, '2018-05-25', 01, 01, '0006734', '0006736', 3, 28.50, '2018-05-29 17:51:02', '1'),
('010218052505734', 05734, 18, 05, '2018-05-25', 01, 02, '004030', '004051', 0, 134.00, '2018-05-29 17:51:02', '1'),
('010118052405734', 05734, 18, 05, '2018-05-24', 01, 01, '0006665', '0006669', 3, 32.40, '2018-05-29 18:07:10', '1'),
('010218052405734', 05734, 18, 05, '2018-05-24', 01, 02, '004010', '004025', 1, 109.00, '2018-05-29 18:07:10', '1'),
('010118053005772', 05772, 18, 05, '2018-05-30', 01, 01, '23880', '24045', 57, 148.40, '2018-05-30 07:57:16', '0'),
('010218053005772', 05772, 18, 05, '2018-05-30', 01, 02, '14152', '14216', 8, 517.00, '2018-05-30 07:57:16', '0'),
('010118050306886', 06886, 18, 05, '2018-05-03', 01, 01, '0023', '0093', 70, 32.30, '2018-05-30 10:00:32', '1'),
('010218050306886', 06886, 18, 05, '2018-05-03', 01, 02, '0051', '0095', 6, 90.00, '2018-05-30 10:00:32', '1'),
('010118052605770', 05770, 18, 05, '2018-05-26', 01, 01, '2762', '2794', 6, 28.80, '2018-05-30 10:28:34', '1'),
('010218052605770', 05770, 18, 05, '2018-05-26', 01, 02, '813', '817', 0, 40.00, '2018-05-30 10:28:34', '1'),
('010118050206886', 06886, 18, 05, '2018-05-02', 01, 01, '0000', '0000', 0, 0.00, '2018-05-30 10:32:16', '0'),
('010218050206886', 06886, 18, 05, '2018-05-02', 01, 02, '0091', '1000', 4, 59.00, '2018-05-30 10:32:16', '1'),
('010118050406886', 06886, 18, 05, '2018-05-04', 01, 01, '0093', '0098', 5, 30.00, '2018-05-30 10:44:45', '1'),
('010218050406886', 06886, 18, 05, '2018-05-04', 01, 02, '101', '104', 1, 36.00, '2018-05-30 10:44:45', '1'),
('010118053005786', 05786, 18, 05, '2018-05-30', 01, 01, '9818', '9883', 11, 47.30, '2018-05-30 10:59:25', '1'),
('010218053005786', 05786, 18, 05, '2018-05-30', 01, 02, '4690', '4732', 16, 196.00, '2018-05-30 10:59:25', '1'),
('010118052805739', 05739, 18, 05, '2018-05-28', 01, 01, '3694', '3704', 2, 19.60, '2018-05-30 11:01:41', '1'),
('010218052805739', 05739, 18, 05, '2018-05-28', 01, 02, '1346', '1352', 1, 30.00, '2018-05-30 11:01:41', '1'),
('010118052905644', 05644, 18, 05, '2018-05-29', 01, 01, '1', '5', 5, 8.50, '2018-05-30 11:10:59', '1'),
('010218052905644', 05644, 18, 05, '2018-05-29', 01, 02, '1', '100', 2, 40.00, '2018-05-30 11:10:59', '0'),
('010118051705786', 05786, 18, 05, '2018-05-17', 01, 01, '9289', '9327', 9, 45.10, '2018-05-30 11:23:55', '1'),
('010218051705786', 05786, 18, 05, '2018-05-17', 01, 02, '4456', '4486', 9, 128.00, '2018-05-30 11:23:55', '1'),
('010118052605820', 05820, 18, 05, '2018-05-26', 01, 01, '7145', '7168', 5, 22.20, '2018-05-30 11:53:34', '1'),
('010218052605820', 05820, 18, 05, '2018-05-26', 01, 02, '4290', '4301', 9, 92.00, '2018-05-30 11:53:34', '1'),
('010118052605771', 05771, 18, 05, '2018-05-26', 01, 01, '7145', '7168', 10, 22.20, '2018-05-30 12:35:43', '1'),
('010218052605771', 05771, 18, 05, '2018-05-26', 01, 02, '4290', '4301', 9, 92.00, '2018-05-30 12:35:43', '1'),
('010118053007138', 07138, 18, 05, '2018-05-30', 01, 01, '3', '10', 10, 10.00, '2018-05-30 13:06:25', '1'),
('010218053007138', 07138, 18, 05, '2018-05-30', 01, 02, '1', '2', 0, 10.00, '2018-05-30 13:06:25', '1'),
('010118052505753', 05753, 18, 05, '2018-05-25', 01, 01, '2627', '2640', 10, 39.90, '2018-05-30 14:36:47', '1'),
('010218052505753', 05753, 18, 05, '2018-05-25', 01, 02, '2694', '2701', 7, 135.00, '2018-05-30 14:36:47', '1'),
('010118052512668', 12668, 18, 05, '2018-05-25', 01, 01, '20', '50', 10, 39.90, '2018-05-30 15:16:49', '1'),
('010218052512668', 12668, 18, 05, '2018-05-25', 01, 02, '20', '50', 3, 110.00, '2018-05-30 15:16:49', '1'),
('010118050105821', 05821, 18, 05, '2018-05-01', 01, 01, '10', '50', 7, 56.10, '2018-05-30 16:45:54', '1'),
('010218050105821', 05821, 18, 05, '2018-05-01', 01, 02, '4764', '4776', 0, 74.00, '2018-05-30 16:45:54', '1'),
('010118050205821', 05821, 18, 05, '2018-05-02', 01, 01, '20', '50', 10, 141.30, '2018-05-30 17:09:37', '1'),
('010218050205821', 05821, 18, 05, '2018-05-02', 01, 02, '4777', '4810', 6, 221.00, '2018-05-30 17:09:37', '1'),
('010118052905788', 05788, 18, 05, '2018-05-29', 01, 01, '2641', '2657', 17, 52.40, '2018-05-30 17:10:22', '1'),
('010218052905788', 05788, 18, 05, '2018-05-29', 01, 02, '308', '330', 1, 116.00, '2018-05-30 17:10:22', '1'),
('010118053005741', 05741, 18, 05, '2018-05-30', 01, 01, '250', '255', 0, 0.00, '2018-05-30 18:00:46', '0'),
('010218053005741', 05741, 18, 05, '2018-05-30', 01, 02, '250', '255', 7, 53.22, '2018-05-30 18:00:46', '0'),
('010118052905763', 05763, 18, 05, '2018-05-29', 01, 01, '6066', '6095', 17, 73.20, '2018-05-30 21:49:33', '1'),
('010218052905763', 05763, 18, 05, '2018-05-29', 01, 02, '7843', '7872', 7, 263.00, '2018-05-30 21:49:33', '1'),
('010118052805763', 05763, 18, 05, '2018-05-28', 01, 01, '5994', '6040', 17, 82.20, '2018-05-30 22:00:29', '1'),
('010218052805763', 05763, 18, 05, '2018-05-28', 01, 02, '7796', '7841', 16, 461.00, '2018-05-30 22:00:29', '1'),
('010118050506886', 06886, 18, 05, '2018-05-05', 01, 01, '0015', '0020', 5, 20.30, '2018-05-31 09:06:17', '1'),
('010218050506886', 06886, 18, 05, '2018-05-05', 01, 02, '0010', '0026', 1, 101.00, '2018-05-31 09:06:17', '1'),
('010118050706886', 06886, 18, 05, '2018-05-07', 01, 01, '0016', '0021', 6, 27.10, '2018-05-31 09:14:28', '1'),
('010218050706886', 06886, 18, 05, '2018-05-07', 01, 02, '0027', '0032', 3, 52.00, '2018-05-31 09:14:28', '1'),
('010118050905796', 05796, 18, 05, '2018-05-09', 01, 01, '3668', '3671', 3, 34.50, '2018-05-31 09:20:09', '1'),
('010218050905796', 05796, 18, 05, '2018-05-09', 01, 02, '50', '61', 1, 10.00, '2018-05-31 09:20:09', '1'),
('010118051105796', 05796, 18, 05, '2018-05-11', 01, 01, '3681', '3688', 2, 1.40, '2018-05-31 09:23:05', '1'),
('010218051105796', 05796, 18, 05, '2018-05-11', 01, 02, '62', '70', 0, 6.00, '2018-05-31 09:23:05', '1'),
('010118050806886', 06886, 18, 05, '2018-05-08', 01, 01, '0025', '0030', 3, 33.40, '2018-05-31 09:24:37', '1'),
('010218050806886', 06886, 18, 05, '2018-05-08', 01, 02, '0001', '0009', 0, 20.00, '2018-05-31 09:24:37', '1'),
('010118053005742', 05742, 18, 05, '2018-05-30', 01, 01, '1', '3', 1, 1.50, '2018-05-31 09:27:37', '1'),
('010218053005742', 05742, 18, 05, '2018-05-30', 01, 02, '1', '2', 1, 20.00, '2018-05-31 09:27:37', '0'),
('010118050906886', 06886, 18, 05, '2018-05-09', 01, 01, '0006', '0008', 2, 8.60, '2018-05-31 09:37:36', '1'),
('010218050906886', 06886, 18, 05, '2018-05-09', 01, 02, '0002', '0004', 4, 36.00, '2018-05-31 09:37:36', '1'),
('010118051006886', 06886, 18, 05, '2018-05-10', 01, 01, '0004', '0006', 2, 5.20, '2018-05-31 09:43:09', '1'),
('010218051006886', 06886, 18, 05, '2018-05-10', 01, 02, '0000', '0000', 0, 0.00, '2018-05-31 09:43:09', '0'),
('010118051106886', 06886, 18, 05, '2018-05-11', 01, 01, '0025', '0026', 4, 24.70, '2018-05-31 09:51:26', '1'),
('010218051106886', 06886, 18, 05, '2018-05-11', 01, 02, '0008', '0010', 0, 102.00, '2018-05-31 09:51:26', '1'),
('010118051206886', 06886, 18, 05, '2018-05-12', 01, 01, '0005', '0008', 3, 24.30, '2018-05-31 09:59:09', '1'),
('010218051206886', 06886, 18, 05, '2018-05-12', 01, 02, '0002', '0004', 0, 39.00, '2018-05-31 09:59:09', '1'),
('010118051406886', 06886, 18, 05, '2018-05-14', 01, 01, '0015', '0016', 9, 42.10, '2018-05-31 10:34:14', '1'),
('010218051406886', 06886, 18, 05, '2018-05-14', 01, 02, '008', '009', 0, 47.00, '2018-05-31 10:34:14', '1'),
('010118052405763', 05763, 18, 05, '2018-05-24', 01, 01, '5865', '5880', 12, 57.30, '2018-05-31 11:08:45', '1'),
('010218052405763', 05763, 18, 05, '2018-05-24', 01, 02, '7683', '7726', 14, 343.00, '2018-05-31 11:08:45', '1'),
('010118053005734', 05734, 18, 05, '2018-05-30', 01, 01, '6879', '6920', 9, 84.30, '2018-05-31 11:13:11', '1'),
('010218053005734', 05734, 18, 05, '2018-05-30', 01, 02, '4138', '4162', 0, 168.00, '2018-05-31 11:13:11', '1'),
('010118052305763', 05763, 18, 05, '2018-05-23', 01, 01, '5838', '5864', 11, 46.40, '2018-05-31 11:18:04', '1'),
('010218052305763', 05763, 18, 05, '2018-05-23', 01, 02, '7648', '7680', 13, 494.00, '2018-05-31 11:18:04', '1'),
('010118053005809', 05809, 18, 05, '2018-05-30', 01, 01, '2', '5', 3, 1.50, '2018-05-31 11:19:08', '1'),
('010218053005809', 05809, 18, 05, '2018-05-30', 01, 02, '100', '120', 1, 30.00, '2018-05-31 11:19:08', '0'),
('010118052805756', 05756, 18, 05, '2018-05-28', 01, 01, '6729', '6792', 13, 101.60, '2018-05-31 11:22:04', '1'),
('010218052805756', 05756, 18, 05, '2018-05-28', 01, 02, '2451', '2461', 0, 103.00, '2018-05-31 11:22:04', '1'),
('010118052605756', 05756, 18, 05, '2018-05-26', 01, 01, '6709', '6714', 6, 58.30, '2018-05-31 11:34:52', '0'),
('010218052605756', 05756, 18, 05, '2018-05-26', 01, 02, '2434', '2450', 1, 63.00, '2018-05-31 11:34:52', '0'),
('010118052621104', 21104, 18, 05, '2018-05-26', 01, 01, '3685', '3707', 3, 8.40, '2018-05-31 11:36:59', '1'),
('010218052621104', 21104, 18, 05, '2018-05-26', 01, 02, '3518', '3538', 0, 152.00, '2018-05-31 11:36:59', '1'),
('010118052205820', 05820, 18, 05, '2018-05-22', 01, 01, '4571', '4574', 10, 45.20, '2018-05-31 11:39:09', '1'),
('010218052205820', 05820, 18, 05, '2018-05-22', 01, 02, '383', '387', 4, 23.00, '2018-05-31 11:39:09', '1'),
('010118052205763', 05763, 18, 05, '2018-05-22', 01, 01, '5793', '5825', 18, 65.30, '2018-05-31 11:41:34', '1'),
('010218052205763', 05763, 18, 05, '2018-05-22', 01, 02, '7592', '7646', 14, 392.00, '2018-05-31 11:41:34', '1'),
('010118052821104', 21104, 18, 05, '2018-05-28', 01, 01, '3708', '3722', 3, 6.80, '2018-05-31 11:42:01', '1'),
('010218052821104', 21104, 18, 05, '2018-05-28', 01, 02, '3539', '3558', 0, 124.00, '2018-05-31 11:42:01', '1'),
('010118053105734', 05734, 18, 05, '2018-05-31', 01, 01, '25', '39', 1, 0.30, '2018-05-31 11:44:53', '1'),
('010218053105734', 05734, 18, 05, '2018-05-31', 01, 02, '10', '29', 1, 96.00, '2018-05-31 11:44:53', '1'),
('010118052105763', 05763, 18, 05, '2018-05-21', 01, 01, '5721', '5783', 30, 142.30, '2018-05-31 11:57:13', '1'),
('010218052105763', 05763, 18, 05, '2018-05-21', 01, 02, '7532', '7590', 16, 581.00, '2018-05-31 11:57:13', '1'),
('010118052605790', 05790, 18, 05, '2018-05-26', 01, 01, '4734', '4764', 6, 15.10, '2018-05-31 11:58:30', '0'),
('010218052605790', 05790, 18, 05, '2018-05-26', 01, 02, '1635', '1645', 0, 0.00, '2018-05-31 11:58:30', '0'),
('010118051905763', 05763, 18, 05, '2018-05-19', 01, 01, '5695', '5704', 10, 46.90, '2018-05-31 12:06:09', '1'),
('010218051905763', 05763, 18, 05, '2018-05-19', 01, 02, '7510', '7529', 5, 252.00, '2018-05-31 12:06:09', '1'),
('010118051805763', 05763, 18, 05, '2018-05-18', 01, 01, '5665', '5672', 8, 43.80, '2018-05-31 12:12:05', '1'),
('010218051805763', 05763, 18, 05, '2018-05-18', 01, 02, '7479', '7508', 6, 298.00, '2018-05-31 12:12:05', '1'),
('010118052921104', 21104, 18, 05, '2018-05-29', 01, 01, '3723', '3753', 1, 17.10, '2018-05-31 12:17:38', '1'),
('010218052921104', 21104, 18, 05, '2018-05-29', 01, 02, '3559', '3576', 0, 100.00, '2018-05-31 12:17:38', '1'),
('010118051705763', 05763, 18, 05, '2018-05-17', 01, 01, '5600', '5640', 14, 63.50, '2018-05-31 12:18:22', '1'),
('010218051705763', 05763, 18, 05, '2018-05-17', 01, 02, '7419', '7474', 14, 391.00, '2018-05-31 12:18:22', '1'),
('010118052605800', 05800, 18, 05, '2018-05-26', 01, 01, '6761', '6814', 23, 15.89, '2018-05-31 12:20:14', '1'),
('010218052605800', 05800, 18, 05, '2018-05-26', 01, 02, '5927', '5960', 23, 214.00, '2018-05-31 12:20:14', '1'),
('010118051605763', 05763, 18, 05, '2018-05-16', 01, 01, '5561', '5585', 10, 55.20, '2018-05-31 12:27:25', '1'),
('010218051605763', 05763, 18, 05, '2018-05-16', 01, 02, '7375', '7417', 11, 293.00, '2018-05-31 12:27:25', '1'),
('010118051505763', 05763, 18, 05, '2018-05-15', 01, 01, '5524', '5540', 15, 39.40, '2018-05-31 12:35:16', '1'),
('010218051505763', 05763, 18, 05, '2018-05-15', 01, 02, '7336', '7371', 13, 345.00, '2018-05-31 12:35:16', '1'),
('010118052814727', 14727, 18, 05, '2018-05-28', 01, 01, '4752', '4818', 7, 86.20, '2018-05-31 12:40:04', '0'),
('010218052814727', 14727, 18, 05, '2018-05-28', 01, 02, '388', '397', 2, 40.00, '2018-05-31 12:40:04', '0'),
('010118052605842', 05842, 18, 05, '2018-05-26', 01, 01, '4540', '4642', 3, 19.20, '2018-05-31 12:41:24', '1'),
('010218052605842', 05842, 18, 05, '2018-05-26', 01, 02, '515', '800', 0, 50.00, '2018-05-31 12:41:24', '1'),
('010118052805842', 05842, 18, 05, '2018-05-28', 01, 01, '4655', '4665', 11, 63.60, '2018-05-31 12:47:17', '1'),
('010218052805842', 05842, 18, 05, '2018-05-28', 01, 02, '600', '610', 0, 12.00, '2018-05-31 12:47:17', '1'),
('010118053012668', 12668, 18, 05, '2018-05-30', 01, 01, '18660', '18790', 29, 148.30, '2018-05-31 12:57:52', '1'),
('010218053012668', 12668, 18, 05, '2018-05-30', 01, 02, '20', '50', 22, 656.00, '2018-05-31 12:57:52', '1'),
('010118051405763', 05763, 18, 05, '2018-05-14', 01, 01, '5460', '5512', 24, 135.60, '2018-05-31 14:01:44', '1'),
('010218051405763', 05763, 18, 05, '2018-05-14', 01, 02, '7290', '7333', 11, 406.00, '2018-05-31 14:01:44', '1'),
('010118053105791', 05791, 18, 05, '2018-05-31', 01, 01, '36618', '36856', 79, 281.40, '2018-05-31 15:26:03', '0'),
('010218053105791', 05791, 18, 05, '2018-05-31', 01, 02, '40822', '41053', 79, 1501.00, '2018-05-31 15:26:03', '0'),
('010118053005791', 05791, 18, 05, '2018-05-30', 01, 01, '36618', '36856', 79, 281.40, '2018-05-31 15:35:14', '0'),
('010218053005791', 05791, 18, 05, '2018-05-30', 01, 02, '40822', '41053', 79, 1491.00, '2018-05-31 15:35:14', '0'),
('010118052812668', 12668, 18, 05, '2018-05-28', 01, 01, '2919', '2921', 2, 20.00, '2018-05-31 16:13:23', '1'),
('010218052812668', 12668, 18, 05, '2018-05-28', 01, 02, '10', '20', 2, 20.00, '2018-05-31 16:13:23', '1');

-- --------------------------------------------------------

--
-- Estructura de tabla para la tabla `lrecaudacion_deposito`
--

CREATE TABLE IF NOT EXISTS `lrecaudacion_deposito` (
  `LRECAU_ID` varchar(15) DEFAULT NULL,
  `LRECAU_VOUCHER` varchar(50) DEFAULT NULL,
  `LRECAU_FECHA` date NOT NULL,
  `LRECAU_MONTO` double(11,2) NOT NULL,
  `LRECAU_ESTADO` char(1) DEFAULT NULL,
  `FECHA_DEPOSITO` datetime DEFAULT NULL
) ENGINE=MyISAM DEFAULT CHARSET=latin1;

--
-- Volcado de datos para la tabla `lrecaudacion_deposito`
--

INSERT INTO `lrecaudacion_deposito` (`LRECAU_ID`, `LRECAU_VOUCHER`, `LRECAU_FECHA`, `LRECAU_MONTO`, `LRECAU_ESTADO`, `FECHA_DEPOSITO`) VALUES
('010118052305755', '0672265', '2018-05-23', 10.00, '1', '2018-05-23 11:38:05'),
('010218052305755', '0674555', '2018-05-23', 170.00, '1', '2018-05-23 11:39:05'),
('010118052305788', '111111', '2018-05-23', 100.00, '1', '2018-05-23 14:51:55'),
('010118052205793', '456354', '2018-05-23', 5.10, '1', '2018-05-23 16:08:33'),
('010218052205793', '45224', '2018-05-23', 32.00, '1', '2018-05-23 16:09:03'),
('010218052205793', '45224', '2018-05-23', 32.00, '1', '2018-05-23 16:09:03'),
('010118052305793', '125445', '2018-05-23', 1.50, '1', '2018-05-23 16:13:11'),
('010218052305793', '125454', '2018-05-23', 12.00, '1', '2018-05-23 16:13:50'),
('010118052305791', '1', '2018-05-23', 20.00, '1', '2018-05-23 18:01:30'),
('010118051007735', '0228120', '2018-05-12', 22.00, '1', '2018-05-24 11:15:16'),
('010218051007735', '0216371', '2018-05-12', 90.00, '1', '2018-05-24 11:16:50'),
('010218051007735', '12', '2018-05-12', 1.00, '1', '2018-05-24 11:16:50'),
('010218052305791', '1122335', '2018-05-23', 40.00, '1', '2018-05-24 11:27:48'),
('010218052305791', '1122335', '2018-05-23', 40.00, '1', '2018-05-24 11:27:49'),
('010218052105791', '0505289', '2018-05-22', 1723.00, '1', '2018-05-24 11:30:57'),
('010118052105791', '0510096', '2018-05-22', 346.70, '1', '2018-05-24 11:31:41'),
('010118051705824', '817531', '2018-05-18', 7.50, '1', '2018-05-24 12:14:37'),
('010218051705824', '811665', '2018-05-18', 10.00, '1', '2018-05-24 12:16:35'),
('010218051705824', '10', '2018-05-18', 10.00, '1', '2018-05-24 12:16:35'),
('010118052405756', '0486894', '2018-05-17', 25.00, '1', '2018-05-24 12:40:04'),
('010218052405756', '0485252', '2018-05-17', 41.00, '1', '2018-05-24 12:40:43'),
('010118051405819', '0350912', '2018-05-16', 29.00, '1', '2018-05-24 13:01:36'),
('010218051405819', '0354448', '2018-05-16', 101.00, '1', '2018-05-24 13:03:46'),
('010218051405819', '12', '2018-05-17', 2.00, '1', '2018-05-24 13:03:46'),
('010118051921104', '0739505', '2018-05-23', 33.70, '1', '2018-05-24 15:54:13'),
('010218051921104', '0737526', '2018-05-23', 191.00, '1', '2018-05-24 15:54:59'),
('010118052121104', '0739505', '2018-05-23', 56.20, '1', '2018-05-24 15:56:17'),
('010218052121104', '0737526', '2018-05-23', 227.00, '1', '2018-05-24 15:56:47'),
('010118052221104', '0739505', '2018-05-23', 17.20, '1', '2018-05-24 15:57:18'),
('010218052221104', '0737526', '2018-05-23', 196.00, '1', '2018-05-24 15:57:46'),
('010118051205816', '0733703', '2018-05-14', 119.50, '1', '2018-05-24 17:15:31'),
('010218051205816', '0732594', '2018-05-14', 90.00, '1', '2018-05-24 17:18:24'),
('010218051205816', '10', '2018-05-15', 2.00, '1', '2018-05-24 17:18:24'),
('010118051905816', '03110415', '2018-05-21', 74.40, '1', '2018-05-24 17:41:30'),
('010218051905816', '0112337', '2018-05-21', 137.00, '1', '2018-05-24 17:43:07'),
('010118051605754', '0140394', '2018-05-17', 88.60, '1', '2018-05-25 09:17:48'),
('010218051605754', '0139627', '2018-05-17', 375.00, '1', '2018-05-25 09:18:56'),
('010118051614727', '0850772', '2018-05-16', 58.50, '1', '2018-05-25 10:15:50'),
('010218051614727', '0849468', '2018-05-16', 26.00, '1', '2018-05-25 10:17:07'),
('010218051614727', '10', '2018-05-17', 1.00, '1', '2018-05-25 10:17:07'),
('010118051514727', '0848781', '2018-05-16', 15.00, '1', '2018-05-25 10:39:29'),
('010218051514727', '0848780', '2018-05-16', 43.00, '1', '2018-05-25 10:40:00'),
('010118050205748', '0044519', '2018-05-03', 61.60, '1', '2018-05-25 11:11:05'),
('010118052305734', '0598490', '2018-05-24', 57.20, '1', '2018-05-25 11:19:32'),
('010218052305734', '0596914', '2018-05-24', 212.00, '1', '2018-05-25 11:21:46'),
('010218052305734', '1', '2018-05-25', 1.00, '1', '2018-05-25 11:21:46'),
('010118051105825', '10', '2018-05-16', 10.00, '1', '2018-05-25 11:42:24'),
('010218051105825', '0385839', '2018-05-16', 16.00, '1', '2018-05-25 11:43:45'),
('010218051105825', '20', '2018-05-17', 1.00, '1', '2018-05-25 11:43:45'),
('010118052205790', '0272935', '2018-05-23', 37.60, '1', '2018-05-25 11:44:38'),
('010218052205790', '0269565', '2018-05-23', 112.00, '1', '2018-05-25 11:46:01'),
('010118052105790', '0272935', '2018-05-23', 39.80, '1', '2018-05-25 11:48:23'),
('010218052105790', '0269565', '2018-05-23', 154.00, '1', '2018-05-25 11:49:34'),
('010118051905790', '0272935', '2018-05-23', 8.00, '1', '2018-05-25 11:50:36'),
('010218051905790', '0269565', '2018-05-23', 145.00, '1', '2018-05-25 11:51:35'),
('010118051005814', '0811972', '2018-05-11', 159.70, '1', '2018-05-25 12:16:24'),
('010218051005814', '0810889', '2018-05-11', 351.00, '1', '2018-05-25 12:18:03'),
('010218051005814', '10', '2018-05-12', 1.00, '1', '2018-05-25 12:18:03'),
('010118052405737', '0261775', '2018-05-25', 27.10, '1', '2018-05-25 12:20:20'),
('010218050305824', '487001', '2018-05-04', 38.00, '1', '2018-05-25 12:20:40'),
('010218052405737', '0257395', '2025-05-18', 195.00, '1', '2018-05-25 12:21:55'),
('010118051105814', '754564', '2018-05-14', 182.80, '1', '2018-05-25 12:27:53'),
('010218051105814', '752530', '2018-05-14', 335.00, '1', '2018-05-25 12:28:32'),
('010118050305824', '491071', '2018-05-04', 54.50, '1', '2018-05-25 12:28:41'),
('010118052305764', '0345568', '2018-05-24', 7.30, '1', '2018-05-25 12:53:20'),
('010218052305764', '0344103', '2018-05-24', 122.00, '1', '2018-05-25 12:55:02'),
('010118051505815', '887893', '2018-05-16', 14.10, '1', '2018-05-25 14:55:49'),
('010218051505815', '887040', '2018-05-16', 50.00, '1', '2018-05-25 14:58:35'),
('010218051505815', '10', '2018-05-17', 7.00, '1', '2018-05-25 14:58:35'),
('010118052105759', '0086063', '2018-05-23', 15.60, '1', '2018-05-25 15:38:41'),
('010218052105759', '0084388', '2018-05-23', 19.00, '1', '2018-05-25 15:40:19'),
('010118051905759', '0086064', '2018-05-23', 29.60, '1', '2018-05-25 15:43:35'),
('010218051905759', '0084389', '2018-05-23', 47.00, '1', '2018-05-25 15:45:23'),
('010118052205817', '0019865', '2018-05-23', 72.30, '1', '2018-05-25 15:58:12'),
('010218052205817', '0021152', '2018-05-23', 120.00, '1', '2018-05-25 16:00:37'),
('010218052205817', '12', '2018-05-23', 1.00, '1', '2018-05-25 16:00:37'),
('010118052405758', '0413961', '2018-05-25', 21.00, '1', '2018-05-25 16:50:34'),
('010218052405758', '0412409', '2018-05-25', 85.00, '1', '2018-05-25 16:51:42'),
('010218052605825', '00527', '2018-05-23', 26.00, '1', '2018-05-26 11:41:41'),
('010118052605825', '0052', '2018-05-10', 10.00, '1', '2018-05-26 11:43:39'),
('010118050905793', '0713312', '2018-05-10', 8.00, '1', '2018-05-28 09:10:57'),
('010218050905793', '0713312', '2018-05-10', 16.00, '1', '2018-05-28 09:11:44'),
('010118052605787', '0177876', '2010-05-18', 161.10, '1', '2018-05-28 09:16:22'),
('010218052605787', '0174692', '2010-05-18', 121.00, '1', '2018-05-28 09:17:20'),
('010118051005793', '0714556', '2018-05-10', 8.60, '1', '2018-05-28 09:21:25'),
('010218051005793', '0713312', '2018-05-10', 16.00, '1', '2018-05-28 09:22:13'),
('010218051005793', '0713312', '2018-05-10', 16.00, '1', '2018-05-28 09:22:14'),
('010218052321104', '0690716', '2018-05-26', 170.00, '1', '2018-05-28 10:15:43'),
('010118052321104', '0692456', '2018-05-26', 61.10, '1', '2018-05-28 10:18:16'),
('010218052421104', '0690716', '2018-05-26', 114.00, '1', '2018-05-28 10:20:39'),
('010118052421104', '0692456', '2018-05-26', 17.60, '1', '2018-05-28 10:24:25'),
('010218052521104', '0690716', '2018-05-26', 72.00, '1', '2018-05-28 10:25:38'),
('010118052521104', '0692456', '2018-05-26', 5.20, '1', '2018-05-28 10:26:32'),
('010118052705735', '0268198', '2018-05-28', 100.70, '1', '2018-05-28 11:11:49'),
('010218052705735', '0267291', '2018-05-28', 456.00, '1', '2018-05-28 11:12:37'),
('010118052605735', '0268199', '2018-05-28', 94.40, '1', '2018-05-28 11:13:32'),
('010218052605735', '0267292', '2018-05-28', 139.00, '1', '2018-05-28 11:14:10'),
('010118052605793', '0744074', '2018-05-28', 35.70, '1', '2018-05-28 12:01:23'),
('010118052605763', '0134020', '2018-05-28', 50.00, '1', '2018-05-28 12:01:39'),
('010218052605793', '0836654', '2018-05-28', 37.00, '1', '2018-05-28 12:02:34'),
('010218052605763', '0128167', '2018-05-28', 232.00, '1', '2018-05-28 12:03:46'),
('010218052605763', '10', '2018-05-28', 1.00, '1', '2018-05-28 12:03:46'),
('010218051505793', '123456', '2018-05-16', 24.00, '1', '2018-05-28 12:05:07'),
('010118052505763', '0195089', '2018-05-26', 97.40, '1', '2018-05-28 12:13:15'),
('010218052505763', '0192335', '2018-05-26', 222.00, '1', '2018-05-28 12:14:17'),
('010118052505786', '0672672', '2018-05-26', 18.40, '1', '2018-05-28 12:17:07'),
('010218052505786', '0670149', '2018-05-26', 115.00, '1', '2018-05-28 12:17:39'),
('010118052605757', '0985768', '2018-05-28', 42.20, '1', '2018-05-28 12:37:48'),
('010218052605757', '0984561', '2018-05-28', 121.00, '1', '2018-05-28 12:40:01'),
('010118052305738', '0591043', '2018-05-26', 30.30, '1', '2018-05-28 12:43:06'),
('010218052305738', '589112', '2018-05-26', 5.00, '1', '2018-05-28 12:46:20'),
('010218052305738', '10', '2018-05-28', 1.00, '1', '2018-05-28 12:46:20'),
('010118052805738', '0591043', '2018-05-26', 4.00, '1', '2018-05-28 12:54:28'),
('010218052805738', '0589112', '2018-05-26', 28.00, '1', '2018-05-28 12:54:53'),
('010118052805793', '0713312', '2018-05-28', 8.60, '1', '2018-05-28 13:05:38'),
('010118052805761', '0587353', '2018-05-28', 38.80, '1', '2018-05-28 13:05:55'),
('010218052805761', '0584940', '2018-05-28', 39.00, '1', '2018-05-28 13:06:48'),
('010118052505761', '0587454', '2018-05-28', 29.70, '1', '2018-05-28 13:07:46'),
('010118052505761', '0587454', '2018-05-28', 29.70, '1', '2018-05-28 13:07:47'),
('010218052505761', '0584941', '2018-05-28', 15.00, '1', '2018-05-28 13:08:22'),
('010218052505761', '0584941', '2018-05-28', 15.00, '1', '2018-05-28 13:08:24'),
('010118051805822', '037598', '2018-05-19', 21.90, '1', '2018-05-28 15:51:43'),
('010218051805822', '038474', '2018-05-19', 22.00, '1', '2018-05-28 15:53:55'),
('010218051805822', '10', '2018-05-20', 1.00, '1', '2018-05-28 15:53:55'),
('010118051605822', '036902', '2018-05-19', 8.90, '1', '2018-05-28 16:05:34'),
('010218051605822', '038903', '2018-05-19', 49.00, '1', '2018-05-28 16:06:05'),
('010118052216525', '10', '2018-05-23', 10.00, '1', '2018-05-29 10:16:26'),
('010218052216525', '526628', '2018-05-23', 8.00, '1', '2018-05-29 10:18:06'),
('010218052216525', '10', '2018-05-24', 1.00, '1', '2018-05-29 10:18:06'),
('010118052705772', '08177729', '2018-05-28', 97.20, '1', '2018-05-29 10:54:57'),
('010218052705772', '0620516', '2018-05-02', 48.01, '1', '2018-05-29 10:57:54'),
('010118050305767', '0072574', '2018-05-04', 65.14, '1', '2018-05-29 11:04:22'),
('010118052605772', '0820517', '2018-05-28', 103.60, '1', '2018-05-29 11:04:39'),
('010218050305767', '0035926', '2018-05-04', 269.00, '1', '2018-05-29 11:05:53'),
('010218050305767', '10', '2018-05-05', 1.00, '1', '2018-05-29 11:05:53'),
('010218052605772', '0817729', '2018-05-29', 499.00, '1', '2018-05-29 11:06:38'),
('010218052805792', '5432587', '2018-05-29', 20.00, '1', '2018-05-29 11:13:17'),
('010118052805792', '5688457', '2018-05-29', 50.00, '1', '2018-05-29 11:13:51'),
('010118052105824', '10', '2018-05-22', 50.00, '1', '2018-05-29 11:33:00'),
('010218052105824', '353739', '2018-05-22', 81.00, '1', '2018-05-29 11:34:23'),
('010218052105824', '10', '2018-05-23', 1.00, '1', '2018-05-29 11:34:23'),
('010118052505770', '0163550', '2018-05-26', 2.00, '1', '2018-05-29 11:54:56'),
('010218052505770', '0162423', '2018-05-26', 8.00, '1', '2018-05-29 11:56:43'),
('010118052305770', '0163551', '2018-05-26', 57.30, '1', '2018-05-29 11:58:42'),
('010218052305770', '0162424', '2018-05-26', 60.00, '1', '2018-05-29 12:00:54'),
('010118052210633', '0132298', '2018-05-23', 7.60, '1', '2018-05-29 12:14:01'),
('010218052210633', '0130086', '2018-05-23', 89.00, '1', '2018-05-29 12:17:03'),
('010218052210633', '410', '2018-05-24', 1.00, '1', '2018-05-29 12:17:03'),
('010118052105772', '0804161', '2018-05-28', 35.40, '1', '2018-05-29 12:51:03'),
('010218052105772', '0802257', '2018-05-28', 39.00, '1', '2018-05-29 12:52:35'),
('010218052105772', '10', '2018-05-29', 1.00, '1', '2018-05-29 12:52:35'),
('010118052505757', '0822168', '2018-05-26', 9.10, '1', '2018-05-29 12:53:05'),
('010218052505757', '087182', '2018-05-26', 92.00, '1', '2018-05-29 12:54:05'),
('010118052905772', '0311771', '2018-05-29', 108.20, '1', '2018-05-29 13:00:09'),
('010218052905772', '0309860', '2018-05-29', 155.00, '1', '2018-05-29 13:00:34'),
('010118052105815', '10', '2018-05-22', 16.00, '1', '2018-05-29 15:13:44'),
('010218052105815', '15', '2018-05-22', 54.00, '1', '2018-05-29 15:14:40'),
('010218052105815', '16', '2018-05-23', 1.00, '1', '2018-05-29 15:14:40'),
('010118052905749', '0771351', '2018-05-29', 20.00, '1', '2018-05-29 15:18:28'),
('010118052805773', '125647', '2018-05-29', 1.50, '1', '2018-05-29 16:34:53'),
('010118052905734', '0348158', '2018-05-29', 53.50, '1', '2018-05-29 17:43:03'),
('010218052905734', '0347142', '2018-05-29', 191.00, '1', '2018-05-29 17:43:40'),
('010118052505734', '0203800', '2018-05-26', 28.50, '1', '2018-05-29 17:55:33'),
('010218052505734', '0202037', '2018-05-26', 134.00, '1', '2018-05-29 17:56:31'),
('010118052405734', '0965026', '2018-05-25', 32.40, '1', '2018-05-29 18:09:09'),
('010218052405734', '0960711', '2018-05-25', 109.00, '1', '2018-05-29 18:09:56'),
('010118050306886', '0324611', '2018-05-04', 32.30, '1', '2018-05-30 10:04:42'),
('010218050306886', '0322846', '2018-05-04', 90.00, '1', '2018-05-30 10:05:34'),
('010218050206886', '0396607', '2018-05-03', 59.00, '1', '2018-05-30 10:34:02'),
('010118050406886', '0745266', '2018-05-05', 30.00, '1', '2018-05-30 10:46:07'),
('010118052605770', '0416463', '2018-05-30', 28.80, '1', '2018-05-30 10:49:21'),
('010218052605770', '0415677', '2018-05-30', 39.00, '1', '2018-05-30 10:50:54'),
('010218052605770', '10', '2018-05-31', 1.00, '1', '2018-05-30 10:50:54'),
('010218050406886', '0743167', '2018-05-05', 36.00, '1', '2018-05-30 10:51:09'),
('010118053005786', '0038336', '2018-05-29', 47.30, '1', '2018-05-30 11:02:52'),
('010218053005786', '0036698', '2018-05-29', 196.00, '1', '2018-05-30 11:04:37'),
('010118052805739', '0835175', '2018-05-29', 19.60, '1', '2018-05-30 11:05:43'),
('010218052805739', '0832998', '2018-05-29', 29.00, '1', '2018-05-30 11:07:12'),
('010218052805739', '20', '2018-05-30', 1.00, '1', '2018-05-30 11:07:12'),
('010118052905644', '0840216', '2018-05-16', 8.50, '1', '2018-05-30 11:21:26'),
('010118051705786', '697519', '2018-05-18', 45.10, '1', '2018-05-30 11:26:20'),
('010218051705786', '695573', '2018-05-18', 128.00, '1', '2018-05-30 11:27:29'),
('010118052605820', '0144195', '2018-05-28', 22.20, '1', '2018-05-30 12:04:52'),
('010218052605820', '0141010', '2018-05-28', 91.00, '1', '2018-05-30 12:06:36'),
('010218052605820', '10', '2018-05-29', 1.00, '1', '2018-05-30 12:06:36'),
('010218052805793', '123456', '2018-05-30', 20.00, '1', '2018-05-30 12:36:56'),
('010118052605771', '0144195', '2018-05-28', 22.20, '1', '2018-05-30 12:45:32'),
('010218052605771', '0141010', '2018-05-28', 91.00, '1', '2018-05-30 12:47:09'),
('010218052605771', '10', '2018-05-29', 1.00, '1', '2018-05-30 12:47:09'),
('010118053007138', '10', '2018-05-30', 10.00, '1', '2018-05-30 13:07:05'),
('010218053007138', '11', '2018-05-30', 10.00, '1', '2018-05-30 13:07:18'),
('010118052505753', '0674412', '2018-05-26', 39.90, '1', '2018-05-30 14:40:56'),
('010218052505753', '0673394', '2018-05-26', 135.00, '1', '2018-05-30 14:42:19'),
('010118052512668', '0674412', '2018-05-26', 39.90, '1', '2018-05-30 15:25:44'),
('010218052512668', '0673394', '2018-05-26', 109.00, '1', '2018-05-30 15:27:36'),
('010218052512668', '10', '2018-05-28', 1.00, '1', '2018-05-30 15:27:36'),
('010118050105821', '0374893', '2018-05-02', 56.10, '1', '2018-05-30 16:57:11'),
('010218050105821', '0372870', '2018-05-02', 73.00, '1', '2018-05-30 16:59:01'),
('010218050105821', '10', '2018-05-03', 1.00, '1', '2018-05-30 16:59:01'),
('010118052905788', '0756070', '2018-05-30', 52.40, '1', '2018-05-30 17:14:46'),
('010218052905788', '0754774', '2018-05-30', 116.00, '1', '2018-05-30 17:16:11'),
('010118050205821', '0337786', '2018-05-07', 141.30, '1', '2018-05-30 17:18:11'),
('010218050205821', '0336899', '2018-05-07', 220.00, '1', '2018-05-30 17:20:03'),
('010218050205821', '10', '2018-05-08', 1.00, '1', '2018-05-30 17:20:03'),
('010118052905763', '0483454', '2018-05-30', 73.20, '1', '2018-05-30 21:51:40'),
('010218052905763', '0481293', '2018-05-30', 263.00, '1', '2018-05-30 21:52:25'),
('010118052805763', '0107598', '2018-05-29', 82.20, '1', '2018-05-30 22:01:57'),
('010218052805763', '0105137', '2018-05-29', 461.00, '1', '2018-05-30 22:02:49'),
('010118050506886', '0081560', '2018-05-31', 20.30, '1', '2018-05-31 09:08:17'),
('010218050506886', '0079800', '2018-05-07', 101.00, '1', '2018-05-31 09:09:02'),
('010218050706886', '0677383', '2018-05-31', 52.00, '1', '2018-05-31 09:16:52'),
('010118050706886', '0679303', '2018-05-31', 27.10, '1', '2018-05-31 09:17:44'),
('010218050806886', '0209335', '2018-05-09', 20.00, '1', '2018-05-31 09:25:34'),
('010118050806886', '0211068', '2018-05-09', 33.40, '1', '2018-05-31 09:26:09'),
('010118053005742', '1235475', '2018-05-31', 1.50, '1', '2018-05-31 09:30:17'),
('010118051105796', '0296700', '2018-05-12', 1.40, '1', '2018-05-31 09:32:42'),
('010218051105796', '0293790', '2018-05-12', 6.00, '1', '2018-05-31 09:33:55'),
('010118050905796', '029701', '2018-05-12', 34.50, '1', '2018-05-31 09:36:04'),
('010218050905796', '0293791', '2018-05-12', 10.00, '1', '2018-05-31 09:37:01'),
('010218050906886', '0713312', '2018-05-10', 36.00, '1', '2018-05-31 09:39:40'),
('010118050906886', '0714556', '2018-05-10', 8.60, '1', '2018-05-31 09:40:21'),
('010118051006886', '291100111', '2018-05-11', 5.20, '1', '2018-05-31 09:44:15'),
('010118051106886', '0650843', '2018-05-12', 24.70, '1', '2018-05-31 09:55:06'),
('010218051106886', '0649053', '2018-05-12', 102.00, '1', '2018-05-31 09:55:43'),
('010118051206886', '0650855', '2018-05-14', 24.30, '1', '2018-05-31 10:29:47'),
('010218051206886', '0649338', '2018-05-14', 39.00, '1', '2018-05-31 10:30:38'),
('010118051406886', '0062732', '2018-05-15', 42.10, '1', '2018-05-31 10:35:21'),
('010218051406886', '0061576', '2018-05-15', 47.00, '1', '2018-05-31 10:36:00'),
('010118052405763', '0322956', '2018-05-25', 57.30, '1', '2018-05-31 11:12:14'),
('010218052405763', '0320664', '2018-05-25', 343.00, '1', '2018-05-31 11:12:57'),
('010118053005734', '10', '2018-05-30', 84.30, '1', '2018-05-31 11:14:23'),
('010118053005734', '10', '2018-05-30', 84.30, '1', '2018-05-31 11:14:25'),
('010218053005734', '11', '2018-05-30', 168.00, '1', '2018-05-31 11:14:39'),
('010218053005734', '11', '2018-05-30', 168.00, '1', '2018-05-31 11:14:40'),
('010118052305763', '0773827', '2018-05-24', 46.40, '1', '2018-05-31 11:20:51'),
('010118052805756', '0186507', '2018-05-29', 101.60, '1', '2018-05-31 11:23:43'),
('010118053005809', '123456', '2018-05-31', 1.50, '1', '2018-05-31 11:23:44'),
('010218052805756', '0184692', '2018-05-29', 103.00, '1', '2018-05-31 11:24:20'),
('010218052805756', '0184692', '2018-05-29', 103.00, '1', '2018-05-31 11:24:21'),
('010218052305763', '0770679', '2018-05-24', 494.00, '1', '2018-05-31 11:33:47'),
('010118052205763', '0398035', '2018-05-23', 65.30, '1', '2018-05-31 11:42:42'),
('010218052205763', '0396121', '2018-05-23', 392.00, '1', '2018-05-31 11:43:36'),
('010118053105734', '0022222', '2018-06-01', 0.30, '1', '2018-05-31 11:46:02'),
('010218053105734', '00008888', '2018-06-01', 96.00, '1', '2018-05-31 11:46:35'),
('010118052205820', '0820371', '2018-05-31', 45.20, '1', '2018-05-31 11:47:03'),
('010218052205820', '0818629', '2018-05-31', 22.00, '1', '2018-05-31 11:50:25'),
('010218052205820', '10', '2018-05-31', 1.00, '1', '2018-05-31 11:50:25'),
('010118052105763', '0475542', '2018-05-22', 142.30, '1', '2018-05-31 11:58:29'),
('010218052105763', '0472830', '2018-05-22', 581.00, '1', '2018-05-31 11:59:17'),
('010118051905763', '0399688', '2018-05-21', 46.90, '1', '2018-05-31 12:07:18'),
('010218051905763', '0397526', '2018-05-21', 252.00, '1', '2018-05-31 12:07:55'),
('010118051805763', '0149753', '2018-05-19', 43.80, '1', '2018-05-31 12:12:58'),
('010218051805763', '0147284', '2018-05-19', 298.00, '1', '2018-05-31 12:13:45'),
('010218052621104', '0456996', '2018-05-30', 152.00, '1', '2018-05-31 12:19:22'),
('010118051705763', '0509822', '2018-05-18', 63.50, '1', '2018-05-31 12:20:19'),
('010118052621104', '0459717', '2018-05-30', 8.40, '1', '2018-05-31 12:20:20'),
('010218052821104', '0456996', '2018-05-30', 124.00, '1', '2018-05-31 12:21:21'),
('010218051705763', '0509822', '2018-05-18', 391.00, '1', '2018-05-31 12:21:35'),
('010118052821104', '0459717', '2018-05-30', 6.80, '1', '2018-05-31 12:21:56'),
('010218052921104', '0456996', '2018-05-30', 100.00, '1', '2018-05-31 12:22:41'),
('010118052921104', '0459717', '2018-05-30', 17.10, '1', '2018-05-31 12:23:27'),
('010118052605800', '0997242', '2018-05-28', 15.89, '1', '2018-05-31 12:26:00'),
('010118051605763', '0094073', '2018-05-17', 55.20, '1', '2018-05-31 12:28:12'),
('010218052605800', '0995875', '2018-05-28', 213.00, '1', '2018-05-31 12:28:28'),
('010218052605800', '10', '2018-05-29', 1.00, '1', '2018-05-31 12:28:28'),
('010218051605763', '0087146', '2018-05-17', 293.00, '1', '2018-05-31 12:28:56'),
('010118051505763', '0598683', '2018-05-16', 39.40, '1', '2018-05-31 12:35:56'),
('010218051505763', '0597032', '2018-05-16', 345.00, '1', '2018-05-31 12:36:28'),
('010118052805842', '0145599', '2018-05-30', 63.60, '1', '2018-05-31 13:01:35'),
('010218052805842', '0142191', '2018-05-30', 12.00, '1', '2018-05-31 13:02:40'),
('010118053012668', '0314117', '2018-05-31', 148.30, '1', '2018-05-31 13:05:55'),
('010118052605842', '0145590', '2018-05-30', 19.20, '1', '2018-05-31 13:06:48'),
('010218053012668', '0312541', '2018-05-31', 655.00, '1', '2018-05-31 13:08:38'),
('010218053012668', '10', '2018-05-31', 1.00, '1', '2018-05-31 13:08:38'),
('010218052605842', '142190', '2018-05-30', 50.00, '1', '2018-05-31 13:08:58'),
('010218052805773', '000000', '2018-05-15', 8.00, '1', '2018-05-31 13:23:44'),
('010118051405763', '0130309', '2018-05-15', 135.60, '1', '2018-05-31 14:02:59'),
('010218051405763', '0129547', '2018-05-15', 406.00, '1', '2018-05-31 14:03:54'),
('010118052812668', '0062868', '2018-05-31', 20.00, '1', '2018-05-31 16:26:53'),
('010218052812668', '0060232', '2018-05-31', 19.00, '1', '2018-05-31 16:31:10'),
('010218052812668', '10', '2018-05-31', 1.00, '1', '2018-05-31 16:31:10');

-- --------------------------------------------------------

--
-- Estructura de tabla para la tabla `lrecaudacion_detalle`
--

CREATE TABLE IF NOT EXISTS `lrecaudacion_detalle` (
  `LRECAU_ID` varchar(15) DEFAULT NULL,
  `LRECTIP_ID` int(2) unsigned zerofill DEFAULT NULL,
  `IDITEM` int(2) DEFAULT NULL,
  `CANTIDAD` int(5) DEFAULT NULL,
  `MONTO` double(11,2) DEFAULT NULL,
  `CELDA` char(5) NOT NULL
) ENGINE=MyISAM DEFAULT CHARSET=latin1;

--
-- Volcado de datos para la tabla `lrecaudacion_detalle`
--

INSERT INTO `lrecaudacion_detalle` (`LRECAU_ID`, `LRECTIP_ID`, `IDITEM`, `CANTIDAD`, `MONTO`, `CELDA`) VALUES
('010118052305755', 01, 1, 2, 10.00, ''),
('010118052305755', 01, 2, 2, 10.00, ''),
('010218052305755', 02, 3, 0, 0.00, ''),
('010218052305755', 02, 4, 0, 0.00, ''),
('010218052305755', 02, 5, 12, 50.00, ''),
('010218052305755', 02, 6, 0, 0.00, ''),
('010218052305755', 02, 7, 0, 0.00, ''),
('010218052305755', 02, 8, 0, 0.00, ''),
('010218052305755', 02, 9, 0, 0.00, ''),
('010218052305755', 02, 10, 2, 40.00, ''),
('010218052305755', 02, 11, 0, 0.00, ''),
('010218052305755', 02, 12, 0, 0.00, ''),
('010218052305755', 02, 13, 0, 0.00, ''),
('010218052305755', 02, 14, 10, 10.00, ''),
('010218052305755', 02, 15, 0, 0.00, ''),
('010218052305755', 02, 16, 0, 0.00, ''),
('010218052305755', 02, 17, 0, 0.00, ''),
('010218052305755', 02, 18, 0, 0.00, ''),
('010218052305755', 02, 19, 0, 0.00, ''),
('010218052305755', 02, 20, 0, 0.00, ''),
('010218052305755', 02, 21, 0, 120.00, ''),
('010218052305755', 02, 22, 10, 80.00, ''),
('010218052305755', 02, 23, 0, 0.00, ''),
('010218052305755', 02, 24, 0, 0.00, ''),
('010218052305755', 02, 25, 0, 0.00, ''),
('010218052305755', 02, 26, 0, 0.00, ''),
('010218052305755', 02, 27, 5, 40.00, ''),
('010218052305755', 02, 28, 0, 0.00, ''),
('010218052305755', 02, 29, 0, 0.00, ''),
('010218052305755', 02, 30, 0, 0.00, ''),
('010218052305755', 02, 31, 0, 0.00, ''),
('010218052305755', 02, 32, 0, 0.00, ''),
('010218052305755', 02, 33, 0, 0.00, ''),
('010218052305755', 02, 34, 0, 0.00, ''),
('010218052305755', 02, 35, 0, 0.00, ''),
('010218052305755', 02, 36, 0, 0.00, ''),
('010218052305755', 02, 37, 0, 0.00, ''),
('010218052305755', 02, 38, 0, 0.00, ''),
('010218052305755', 02, 39, 0, 0.00, ''),
('010218052305755', 02, 40, 0, 0.00, ''),
('010218052305755', 02, 41, 0, 0.00, ''),
('010218052305755', 02, 42, 0, 0.00, ''),
('010218052305755', 02, 43, 0, 0.00, ''),
('010218052305755', 02, 44, 0, 0.00, ''),
('010218052305755', 02, 45, 0, 0.00, ''),
('010218052305755', 02, 46, 0, 0.00, ''),
('010218052305755', 02, 47, 0, 0.00, ''),
('010218052305755', 02, 48, 0, 0.00, ''),
('010218052305755', 02, 49, 0, 0.00, ''),
('010218052305755', 02, 50, 0, 0.00, ''),
('010218052305755', 02, 51, 0, 0.00, ''),
('010218052305755', 02, 52, 0, 0.00, ''),
('010218052305755', 02, 53, 0, 0.00, ''),
('010218052305755', 02, 54, 0, 0.00, ''),
('010218052305755', 02, 55, 0, 0.00, ''),
('010218052305755', 02, 56, 0, 0.00, ''),
('010218052305755', 02, 57, 0, 0.00, ''),
('010218052305755', 02, 58, 0, 0.00, ''),
('010218052305755', 02, 59, 0, 0.00, ''),
('010218052305755', 02, 60, 0, 0.00, ''),
('010218052305755', 02, 61, 0, 0.00, ''),
('010218052305755', 02, 62, 0, 0.00, ''),
('010218052305755', 02, 63, 0, 0.00, ''),
('010218052305755', 02, 64, 0, 0.00, ''),
('010218052305755', 02, 65, 0, 0.00, ''),
('010218052305755', 02, 66, 0, 0.00, ''),
('010118052205794', 01, 1, 50, 80.00, ''),
('010118052205794', 01, 2, 50, 80.00, ''),
('010218052205794', 02, 3, 0, 0.00, ''),
('010218052205794', 02, 4, 0, 0.00, ''),
('010218052205794', 02, 5, 10, 220.00, ''),
('010218052205794', 02, 6, 10, 220.00, ''),
('010218052205794', 02, 7, 0, 0.00, ''),
('010218052205794', 02, 8, 0, 0.00, ''),
('010218052205794', 02, 9, 0, 0.00, ''),
('010218052205794', 02, 10, 0, 0.00, ''),
('010218052205794', 02, 11, 0, 0.00, ''),
('010218052205794', 02, 12, 0, 0.00, ''),
('010218052205794', 02, 13, 0, 0.00, ''),
('010218052205794', 02, 14, 0, 0.00, ''),
('010218052205794', 02, 15, 0, 0.00, ''),
('010218052205794', 02, 16, 0, 0.00, ''),
('010218052205794', 02, 17, 0, 0.00, ''),
('010218052205794', 02, 18, 0, 0.00, ''),
('010218052205794', 02, 19, 0, 0.00, ''),
('010218052205794', 02, 20, 0, 0.00, ''),
('010218052205794', 02, 21, 0, 0.00, ''),
('010218052205794', 02, 22, 0, 0.00, ''),
('010218052205794', 02, 23, 0, 0.00, ''),
('010218052205794', 02, 24, 0, 0.00, ''),
('010218052205794', 02, 25, 0, 0.00, ''),
('010218052205794', 02, 26, 0, 0.00, ''),
('010218052205794', 02, 27, 0, 0.00, ''),
('010218052205794', 02, 28, 0, 0.00, ''),
('010218052205794', 02, 29, 0, 0.00, ''),
('010218052205794', 02, 30, 0, 0.00, ''),
('010218052205794', 02, 31, 0, 0.00, ''),
('010218052205794', 02, 32, 0, 0.00, ''),
('010218052205794', 02, 33, 0, 0.00, ''),
('010218052205794', 02, 34, 0, 0.00, ''),
('010218052205794', 02, 35, 0, 0.00, ''),
('010218052205794', 02, 36, 0, 0.00, ''),
('010218052205794', 02, 37, 0, 0.00, ''),
('010218052205794', 02, 38, 0, 0.00, ''),
('010218052205794', 02, 39, 0, 0.00, ''),
('010218052205794', 02, 40, 0, 0.00, ''),
('010218052205794', 02, 41, 0, 0.00, ''),
('010218052205794', 02, 42, 0, 0.00, ''),
('010218052205794', 02, 43, 0, 0.00, ''),
('010218052205794', 02, 44, 0, 0.00, ''),
('010218052205794', 02, 45, 0, 0.00, ''),
('010218052205794', 02, 46, 0, 0.00, ''),
('010218052205794', 02, 47, 0, 0.00, ''),
('010218052205794', 02, 48, 0, 0.00, ''),
('010218052205794', 02, 49, 0, 0.00, ''),
('010218052205794', 02, 50, 0, 0.00, ''),
('010218052205794', 02, 51, 0, 0.00, ''),
('010218052205794', 02, 52, 0, 0.00, ''),
('010218052205794', 02, 53, 0, 0.00, ''),
('010218052205794', 02, 54, 0, 0.00, ''),
('010218052205794', 02, 55, 0, 0.00, ''),
('010218052205794', 02, 56, 0, 0.00, ''),
('010218052205794', 02, 57, 0, 0.00, ''),
('010218052205794', 02, 58, 0, 0.00, ''),
('010218052205794', 02, 59, 0, 0.00, ''),
('010218052205794', 02, 60, 0, 0.00, ''),
('010218052205794', 02, 61, 0, 0.00, ''),
('010218052205794', 02, 62, 0, 0.00, ''),
('010218052205794', 02, 63, 0, 0.00, ''),
('010218052205794', 02, 64, 0, 0.00, ''),
('010218052205794', 02, 65, 0, 0.00, ''),
('010218052205794', 02, 66, 0, 0.00, ''),
('010118052305788', 01, 1, 20, 100.00, ''),
('010118052305788', 01, 2, 20, 100.00, ''),
('010218052305788', 02, 3, 0, 0.00, ''),
('010218052305788', 02, 4, 0, 0.00, ''),
('010218052305788', 02, 5, 1, 20.00, ''),
('010218052305788', 02, 6, 0, 0.00, ''),
('010218052305788', 02, 7, 0, 0.00, ''),
('010218052305788', 02, 8, 0, 0.00, ''),
('010218052305788', 02, 9, 0, 0.00, ''),
('010218052305788', 02, 10, 1, 20.00, ''),
('010218052305788', 02, 11, 0, 0.00, ''),
('010218052305788', 02, 12, 0, 0.00, ''),
('010218052305788', 02, 13, 0, 0.00, ''),
('010218052305788', 02, 14, 0, 0.00, ''),
('010218052305788', 02, 15, 0, 0.00, ''),
('010218052305788', 02, 16, 0, 0.00, ''),
('010218052305788', 02, 17, 0, 0.00, ''),
('010218052305788', 02, 18, 0, 0.00, ''),
('010218052305788', 02, 19, 0, 0.00, ''),
('010218052305788', 02, 20, 0, 0.00, ''),
('010218052305788', 02, 21, 0, 0.00, ''),
('010218052305788', 02, 22, 0, 0.00, ''),
('010218052305788', 02, 23, 0, 0.00, ''),
('010218052305788', 02, 24, 0, 0.00, ''),
('010218052305788', 02, 25, 0, 0.00, ''),
('010218052305788', 02, 26, 0, 0.00, ''),
('010218052305788', 02, 27, 0, 0.00, ''),
('010218052305788', 02, 28, 0, 0.00, ''),
('010218052305788', 02, 29, 0, 0.00, ''),
('010218052305788', 02, 30, 0, 0.00, ''),
('010218052305788', 02, 31, 0, 0.00, ''),
('010218052305788', 02, 32, 0, 0.00, ''),
('010218052305788', 02, 33, 0, 0.00, ''),
('010218052305788', 02, 34, 0, 0.00, ''),
('010218052305788', 02, 35, 0, 0.00, ''),
('010218052305788', 02, 36, 0, 0.00, ''),
('010218052305788', 02, 37, 0, 0.00, ''),
('010218052305788', 02, 38, 0, 0.00, ''),
('010218052305788', 02, 39, 0, 0.00, ''),
('010218052305788', 02, 40, 0, 0.00, ''),
('010218052305788', 02, 41, 0, 0.00, ''),
('010218052305788', 02, 42, 0, 0.00, ''),
('010218052305788', 02, 43, 0, 0.00, ''),
('010218052305788', 02, 44, 0, 0.00, ''),
('010218052305788', 02, 45, 0, 0.00, ''),
('010218052305788', 02, 46, 0, 0.00, ''),
('010218052305788', 02, 47, 0, 0.00, ''),
('010218052305788', 02, 48, 0, 0.00, ''),
('010218052305788', 02, 49, 0, 0.00, ''),
('010218052305788', 02, 50, 0, 0.00, ''),
('010218052305788', 02, 51, 0, 0.00, ''),
('010218052305788', 02, 52, 0, 0.00, ''),
('010218052305788', 02, 53, 0, 0.00, ''),
('010218052305788', 02, 54, 0, 0.00, ''),
('010218052305788', 02, 55, 0, 0.00, ''),
('010218052305788', 02, 56, 0, 0.00, ''),
('010218052305788', 02, 57, 0, 0.00, ''),
('010218052305788', 02, 58, 0, 0.00, ''),
('010218052305788', 02, 59, 0, 0.00, ''),
('010218052305788', 02, 60, 0, 0.00, ''),
('010218052305788', 02, 61, 0, 0.00, ''),
('010218052305788', 02, 62, 0, 0.00, ''),
('010218052305788', 02, 63, 0, 0.00, ''),
('010218052305788', 02, 64, 0, 0.00, ''),
('010218052305788', 02, 65, 0, 0.00, ''),
('010218052305788', 02, 66, 0, 0.00, ''),
('010118052205788', 01, 1, 20, 100.00, ''),
('010118052205788', 01, 2, 20, 100.00, ''),
('010218052205788', 02, 3, 0, 0.00, ''),
('010218052205788', 02, 4, 0, 0.00, ''),
('010218052205788', 02, 5, 1, 20.00, ''),
('010218052205788', 02, 6, 0, 0.00, ''),
('010218052205788', 02, 7, 0, 0.00, ''),
('010218052205788', 02, 8, 0, 0.00, ''),
('010218052205788', 02, 9, 0, 0.00, ''),
('010218052205788', 02, 10, 1, 20.00, ''),
('010218052205788', 02, 11, 0, 0.00, ''),
('010218052205788', 02, 12, 0, 0.00, ''),
('010218052205788', 02, 13, 0, 0.00, ''),
('010218052205788', 02, 14, 0, 0.00, ''),
('010218052205788', 02, 15, 0, 0.00, ''),
('010218052205788', 02, 16, 0, 0.00, ''),
('010218052205788', 02, 17, 0, 0.00, ''),
('010218052205788', 02, 18, 0, 0.00, ''),
('010218052205788', 02, 19, 0, 0.00, ''),
('010218052205788', 02, 20, 0, 0.00, ''),
('010218052205788', 02, 21, 0, 0.00, ''),
('010218052205788', 02, 22, 0, 0.00, ''),
('010218052205788', 02, 23, 0, 0.00, ''),
('010218052205788', 02, 24, 0, 0.00, ''),
('010218052205788', 02, 25, 0, 0.00, ''),
('010218052205788', 02, 26, 0, 0.00, ''),
('010218052205788', 02, 27, 0, 0.00, ''),
('010218052205788', 02, 28, 0, 0.00, ''),
('010218052205788', 02, 29, 0, 0.00, ''),
('010218052205788', 02, 30, 0, 0.00, ''),
('010218052205788', 02, 31, 0, 0.00, ''),
('010218052205788', 02, 32, 0, 0.00, ''),
('010218052205788', 02, 33, 0, 0.00, ''),
('010218052205788', 02, 34, 0, 0.00, ''),
('010218052205788', 02, 35, 0, 0.00, ''),
('010218052205788', 02, 36, 0, 0.00, ''),
('010218052205788', 02, 37, 0, 0.00, ''),
('010218052205788', 02, 38, 0, 0.00, ''),
('010218052205788', 02, 39, 0, 0.00, ''),
('010218052205788', 02, 40, 0, 0.00, ''),
('010218052205788', 02, 41, 0, 0.00, ''),
('010218052205788', 02, 42, 0, 0.00, ''),
('010218052205788', 02, 43, 0, 0.00, ''),
('010218052205788', 02, 44, 0, 0.00, ''),
('010218052205788', 02, 45, 0, 0.00, ''),
('010218052205788', 02, 46, 0, 0.00, ''),
('010218052205788', 02, 47, 0, 0.00, ''),
('010218052205788', 02, 48, 0, 0.00, ''),
('010218052205788', 02, 49, 0, 0.00, ''),
('010218052205788', 02, 50, 0, 0.00, ''),
('010218052205788', 02, 51, 0, 0.00, ''),
('010218052205788', 02, 52, 0, 0.00, ''),
('010218052205788', 02, 53, 0, 0.00, ''),
('010218052205788', 02, 54, 0, 0.00, ''),
('010218052205788', 02, 55, 0, 0.00, ''),
('010218052205788', 02, 56, 0, 0.00, ''),
('010218052205788', 02, 57, 0, 0.00, ''),
('010218052205788', 02, 58, 0, 0.00, ''),
('010218052205788', 02, 59, 0, 0.00, ''),
('010218052205788', 02, 60, 0, 0.00, ''),
('010218052205788', 02, 61, 0, 0.00, ''),
('010218052205788', 02, 62, 0, 0.00, ''),
('010218052205788', 02, 63, 0, 0.00, ''),
('010218052205788', 02, 64, 0, 0.00, ''),
('010218052205788', 02, 65, 0, 0.00, ''),
('010218052205788', 02, 66, 0, 0.00, ''),
('010118052205793', 01, 1, 5, 5.10, ''),
('010118052205793', 01, 2, 5, 5.10, ''),
('010218052205793', 02, 3, 0, 0.00, ''),
('010218052205793', 02, 4, 0, 0.00, ''),
('010218052205793', 02, 5, 1, 18.00, ''),
('010218052205793', 02, 6, 0, 0.00, ''),
('010218052205793', 02, 7, 0, 0.00, ''),
('010218052205793', 02, 8, 0, 0.00, ''),
('010218052205793', 02, 9, 0, 0.00, ''),
('010218052205793', 02, 10, 1, 18.00, ''),
('010218052205793', 02, 11, 0, 0.00, ''),
('010218052205793', 02, 12, 0, 0.00, ''),
('010218052205793', 02, 13, 0, 0.00, ''),
('010218052205793', 02, 14, 0, 0.00, ''),
('010218052205793', 02, 15, 0, 0.00, ''),
('010218052205793', 02, 16, 0, 0.00, ''),
('010218052205793', 02, 17, 0, 0.00, ''),
('010218052205793', 02, 18, 0, 0.00, ''),
('010218052205793', 02, 19, 0, 0.00, ''),
('010218052205793', 02, 20, 0, 0.00, ''),
('010218052205793', 02, 21, 0, 14.00, ''),
('010218052205793', 02, 22, 1, 6.00, ''),
('010218052205793', 02, 23, 0, 0.00, ''),
('010218052205793', 02, 24, 0, 0.00, ''),
('010218052205793', 02, 25, 0, 0.00, ''),
('010218052205793', 02, 26, 0, 0.00, ''),
('010218052205793', 02, 27, 0, 0.00, ''),
('010218052205793', 02, 28, 0, 0.00, ''),
('010218052205793', 02, 29, 0, 0.00, ''),
('010218052205793', 02, 30, 0, 0.00, ''),
('010218052205793', 02, 31, 0, 0.00, ''),
('010218052205793', 02, 32, 0, 0.00, ''),
('010218052205793', 02, 33, 0, 0.00, ''),
('010218052205793', 02, 34, 0, 0.00, ''),
('010218052205793', 02, 35, 0, 0.00, ''),
('010218052205793', 02, 36, 0, 0.00, ''),
('010218052205793', 02, 37, 0, 0.00, ''),
('010218052205793', 02, 38, 0, 0.00, ''),
('010218052205793', 02, 39, 0, 0.00, ''),
('010218052205793', 02, 40, 0, 0.00, ''),
('010218052205793', 02, 41, 0, 0.00, ''),
('010218052205793', 02, 42, 0, 0.00, ''),
('010218052205793', 02, 43, 1, 8.00, ''),
('010218052205793', 02, 44, 0, 0.00, ''),
('010218052205793', 02, 45, 0, 0.00, ''),
('010218052205793', 02, 46, 0, 0.00, ''),
('010218052205793', 02, 47, 0, 0.00, ''),
('010218052205793', 02, 48, 0, 0.00, ''),
('010218052205793', 02, 49, 0, 0.00, ''),
('010218052205793', 02, 50, 0, 0.00, ''),
('010218052205793', 02, 51, 0, 0.00, ''),
('010218052205793', 02, 52, 0, 0.00, ''),
('010218052205793', 02, 53, 0, 0.00, ''),
('010218052205793', 02, 54, 0, 0.00, ''),
('010218052205793', 02, 55, 0, 0.00, ''),
('010218052205793', 02, 56, 0, 0.00, ''),
('010218052205793', 02, 57, 0, 0.00, ''),
('010218052205793', 02, 58, 0, 0.00, ''),
('010218052205793', 02, 59, 0, 0.00, ''),
('010218052205793', 02, 60, 0, 0.00, ''),
('010218052205793', 02, 61, 0, 0.00, ''),
('010218052205793', 02, 62, 0, 0.00, ''),
('010218052205793', 02, 63, 0, 0.00, ''),
('010218052205793', 02, 64, 0, 0.00, ''),
('010218052205793', 02, 65, 0, 0.00, ''),
('010218052205793', 02, 66, 0, 0.00, ''),
('010118052305793', 01, 1, 1, 1.50, ''),
('010118052305793', 01, 2, 1, 1.50, ''),
('010218052305793', 02, 3, 0, 0.00, ''),
('010218052305793', 02, 4, 0, 0.00, ''),
('010218052305793', 02, 5, 0, 0.00, ''),
('010218052305793', 02, 6, 0, 0.00, ''),
('010218052305793', 02, 7, 0, 0.00, ''),
('010218052305793', 02, 8, 0, 0.00, ''),
('010218052305793', 02, 9, 0, 0.00, ''),
('010218052305793', 02, 10, 0, 0.00, ''),
('010218052305793', 02, 11, 0, 0.00, ''),
('010218052305793', 02, 12, 0, 0.00, ''),
('010218052305793', 02, 13, 0, 0.00, ''),
('010218052305793', 02, 14, 0, 0.00, ''),
('010218052305793', 02, 15, 0, 0.00, ''),
('010218052305793', 02, 16, 0, 0.00, ''),
('010218052305793', 02, 17, 0, 0.00, ''),
('010218052305793', 02, 18, 0, 0.00, ''),
('010218052305793', 02, 19, 0, 0.00, ''),
('010218052305793', 02, 20, 0, 0.00, ''),
('010218052305793', 02, 21, 0, 12.00, ''),
('010218052305793', 02, 22, 2, 12.00, ''),
('010218052305793', 02, 23, 0, 0.00, ''),
('010218052305793', 02, 24, 0, 0.00, ''),
('010218052305793', 02, 25, 0, 0.00, ''),
('010218052305793', 02, 26, 0, 0.00, ''),
('010218052305793', 02, 27, 0, 0.00, ''),
('010218052305793', 02, 28, 0, 0.00, ''),
('010218052305793', 02, 29, 0, 0.00, ''),
('010218052305793', 02, 30, 0, 0.00, ''),
('010218052305793', 02, 31, 0, 0.00, ''),
('010218052305793', 02, 32, 0, 0.00, ''),
('010218052305793', 02, 33, 0, 0.00, ''),
('010218052305793', 02, 34, 0, 0.00, ''),
('010218052305793', 02, 35, 0, 0.00, ''),
('010218052305793', 02, 36, 0, 0.00, ''),
('010218052305793', 02, 37, 0, 0.00, ''),
('010218052305793', 02, 38, 0, 0.00, ''),
('010218052305793', 02, 39, 0, 0.00, ''),
('010218052305793', 02, 40, 0, 0.00, ''),
('010218052305793', 02, 41, 0, 0.00, ''),
('010218052305793', 02, 42, 0, 0.00, ''),
('010218052305793', 02, 43, 0, 0.00, ''),
('010218052305793', 02, 44, 0, 0.00, ''),
('010218052305793', 02, 45, 0, 0.00, ''),
('010218052305793', 02, 46, 0, 0.00, ''),
('010218052305793', 02, 47, 0, 0.00, ''),
('010218052305793', 02, 48, 0, 0.00, ''),
('010218052305793', 02, 49, 0, 0.00, ''),
('010218052305793', 02, 50, 0, 0.00, ''),
('010218052305793', 02, 51, 0, 0.00, ''),
('010218052305793', 02, 52, 0, 0.00, ''),
('010218052305793', 02, 53, 0, 0.00, ''),
('010218052305793', 02, 54, 0, 0.00, ''),
('010218052305793', 02, 55, 0, 0.00, ''),
('010218052305793', 02, 56, 0, 0.00, ''),
('010218052305793', 02, 57, 0, 0.00, ''),
('010218052305793', 02, 58, 0, 0.00, ''),
('010218052305793', 02, 59, 0, 0.00, ''),
('010218052305793', 02, 60, 0, 0.00, ''),
('010218052305793', 02, 61, 0, 0.00, ''),
('010218052305793', 02, 62, 0, 0.00, ''),
('010218052305793', 02, 63, 0, 0.00, ''),
('010218052305793', 02, 64, 0, 0.00, ''),
('010218052305793', 02, 65, 0, 0.00, ''),
('010218052305793', 02, 66, 0, 0.00, ''),
('010118052305791', 01, 1, 10, 20.00, ''),
('010118052305791', 01, 2, 10, 20.00, ''),
('010218052305791', 02, 3, 10, 20.00, ''),
('010218052305791', 02, 4, 10, 20.00, ''),
('010218052305791', 02, 5, 10, 20.00, ''),
('010218052305791', 02, 6, 10, 20.00, ''),
('010218052305791', 02, 7, 0, 0.00, ''),
('010218052305791', 02, 8, 0, 0.00, ''),
('010218052305791', 02, 9, 0, 0.00, ''),
('010218052305791', 02, 10, 0, 0.00, ''),
('010218052305791', 02, 11, 0, 0.00, ''),
('010218052305791', 02, 12, 0, 0.00, ''),
('010218052305791', 02, 13, 0, 0.00, ''),
('010218052305791', 02, 14, 0, 0.00, ''),
('010218052305791', 02, 15, 0, 0.00, ''),
('010218052305791', 02, 16, 0, 0.00, ''),
('010218052305791', 02, 17, 0, 0.00, ''),
('010218052305791', 02, 18, 0, 0.00, ''),
('010218052305791', 02, 19, 0, 0.00, ''),
('010218052305791', 02, 20, 0, 0.00, ''),
('010218052305791', 02, 21, 0, 0.00, ''),
('010218052305791', 02, 22, 0, 0.00, ''),
('010218052305791', 02, 23, 0, 0.00, ''),
('010218052305791', 02, 24, 0, 0.00, ''),
('010218052305791', 02, 25, 0, 0.00, ''),
('010218052305791', 02, 26, 0, 0.00, ''),
('010218052305791', 02, 27, 0, 0.00, ''),
('010218052305791', 02, 28, 0, 0.00, ''),
('010218052305791', 02, 29, 0, 0.00, ''),
('010218052305791', 02, 30, 0, 0.00, ''),
('010218052305791', 02, 31, 0, 0.00, ''),
('010218052305791', 02, 32, 0, 0.00, ''),
('010218052305791', 02, 33, 0, 0.00, ''),
('010218052305791', 02, 34, 0, 0.00, ''),
('010218052305791', 02, 35, 0, 0.00, ''),
('010218052305791', 02, 36, 0, 0.00, ''),
('010218052305791', 02, 37, 0, 0.00, ''),
('010218052305791', 02, 38, 0, 0.00, ''),
('010218052305791', 02, 39, 0, 0.00, ''),
('010218052305791', 02, 40, 0, 0.00, ''),
('010218052305791', 02, 41, 0, 0.00, ''),
('010218052305791', 02, 42, 0, 0.00, ''),
('010218052305791', 02, 43, 0, 0.00, ''),
('010218052305791', 02, 44, 0, 0.00, ''),
('010218052305791', 02, 45, 0, 0.00, ''),
('010218052305791', 02, 46, 0, 0.00, ''),
('010218052305791', 02, 47, 0, 0.00, ''),
('010218052305791', 02, 48, 0, 0.00, ''),
('010218052305791', 02, 49, 0, 0.00, ''),
('010218052305791', 02, 50, 0, 0.00, ''),
('010218052305791', 02, 51, 0, 0.00, ''),
('010218052305791', 02, 52, 0, 0.00, ''),
('010218052305791', 02, 53, 0, 0.00, ''),
('010218052305791', 02, 54, 0, 0.00, ''),
('010218052305791', 02, 55, 0, 0.00, ''),
('010218052305791', 02, 56, 0, 0.00, ''),
('010218052305791', 02, 57, 0, 0.00, ''),
('010218052305791', 02, 58, 0, 0.00, ''),
('010218052305791', 02, 59, 0, 0.00, ''),
('010218052305791', 02, 60, 0, 0.00, ''),
('010218052305791', 02, 61, 0, 0.00, ''),
('010218052305791', 02, 62, 0, 0.00, ''),
('010218052305791', 02, 63, 0, 0.00, ''),
('010218052305791', 02, 64, 0, 0.00, ''),
('010218052305791', 02, 65, 0, 0.00, ''),
('010218052305791', 02, 66, 0, 0.00, ''),
('010118052405755', 01, 1, 5, 4.20, ''),
('010118052405755', 01, 2, 5, 4.20, ''),
('010218052405755', 02, 3, 0, 0.00, ''),
('010218052405755', 02, 4, 0, 0.00, ''),
('010218052405755', 02, 5, 6, 48.00, ''),
('010218052405755', 02, 6, 0, 0.00, ''),
('010218052405755', 02, 7, 0, 0.00, ''),
('010218052405755', 02, 8, 0, 0.00, ''),
('010218052405755', 02, 9, 0, 0.00, ''),
('010218052405755', 02, 10, 2, 40.00, ''),
('010218052405755', 02, 11, 0, 0.00, ''),
('010218052405755', 02, 12, 0, 0.00, ''),
('010218052405755', 02, 13, 0, 0.00, ''),
('010218052405755', 02, 14, 2, 4.00, ''),
('010218052405755', 02, 15, 0, 0.00, ''),
('010218052405755', 02, 16, 0, 0.00, ''),
('010218052405755', 02, 17, 2, 4.00, ''),
('010218052405755', 02, 18, 0, 0.00, ''),
('010218052405755', 02, 19, 0, 0.00, ''),
('010218052405755', 02, 20, 0, 0.00, ''),
('010218052405755', 02, 21, 0, 141.00, ''),
('010218052405755', 02, 22, 10, 80.00, ''),
('010218052405755', 02, 23, 0, 0.00, ''),
('010218052405755', 02, 24, 0, 0.00, ''),
('010218052405755', 02, 25, 0, 0.00, ''),
('010218052405755', 02, 26, 0, 0.00, ''),
('010218052405755', 02, 27, 1, 12.00, ''),
('010218052405755', 02, 28, 2, 16.00, ''),
('010218052405755', 02, 29, 0, 0.00, ''),
('010218052405755', 02, 30, 2, 18.00, ''),
('010218052405755', 02, 31, 1, 15.00, ''),
('010218052405755', 02, 32, 0, 0.00, ''),
('010218052405755', 02, 33, 0, 0.00, ''),
('010218052405755', 02, 34, 0, 0.00, ''),
('010218052405755', 02, 35, 0, 0.00, ''),
('010218052405755', 02, 36, 0, 0.00, ''),
('010218052405755', 02, 37, 0, 0.00, ''),
('010218052405755', 02, 38, 0, 0.00, ''),
('010218052405755', 02, 39, 0, 0.00, ''),
('010218052405755', 02, 40, 0, 0.00, ''),
('010218052405755', 02, 41, 0, 0.00, ''),
('010218052405755', 02, 42, 0, 0.00, ''),
('010218052405755', 02, 43, 0, 0.00, ''),
('010218052405755', 02, 44, 0, 0.00, ''),
('010218052405755', 02, 45, 0, 0.00, ''),
('010218052405755', 02, 46, 0, 0.00, ''),
('010218052405755', 02, 47, 0, 0.00, ''),
('010218052405755', 02, 48, 0, 0.00, ''),
('010218052405755', 02, 49, 0, 0.00, ''),
('010218052405755', 02, 50, 0, 0.00, ''),
('010218052405755', 02, 51, 0, 0.00, ''),
('010218052405755', 02, 52, 0, 0.00, ''),
('010218052405755', 02, 53, 0, 0.00, ''),
('010218052405755', 02, 54, 0, 0.00, ''),
('010218052405755', 02, 55, 0, 0.00, ''),
('010218052405755', 02, 56, 0, 0.00, ''),
('010218052405755', 02, 57, 0, 0.00, ''),
('010218052405755', 02, 58, 0, 0.00, ''),
('010218052405755', 02, 59, 0, 0.00, ''),
('010218052405755', 02, 60, 0, 0.00, ''),
('010218052405755', 02, 61, 0, 0.00, ''),
('010218052405755', 02, 62, 0, 0.00, ''),
('010218052405755', 02, 63, 0, 0.00, ''),
('010218052405755', 02, 64, 0, 0.00, ''),
('010218052405755', 02, 65, 0, 0.00, ''),
('010218052405755', 02, 66, 0, 0.00, ''),
('010118051007735', 01, 1, 20, 22.00, ''),
('010118051007735', 01, 2, 20, 22.00, ''),
('010218051007735', 02, 3, 0, 0.00, ''),
('010218051007735', 02, 4, 0, 0.00, ''),
('010218051007735', 02, 5, 15, 43.00, ''),
('010218051007735', 02, 6, 0, 0.00, ''),
('010218051007735', 02, 7, 0, 0.00, ''),
('010218051007735', 02, 8, 0, 0.00, ''),
('010218051007735', 02, 9, 0, 0.00, ''),
('010218051007735', 02, 10, 1, 15.00, ''),
('010218051007735', 02, 11, 0, 0.00, ''),
('010218051007735', 02, 12, 0, 0.00, ''),
('010218051007735', 02, 13, 0, 0.00, ''),
('010218051007735', 02, 14, 14, 28.00, ''),
('010218051007735', 02, 15, 0, 0.00, ''),
('010218051007735', 02, 16, 0, 0.00, ''),
('010218051007735', 02, 17, 0, 0.00, ''),
('010218051007735', 02, 18, 0, 0.00, ''),
('010218051007735', 02, 19, 0, 0.00, ''),
('010218051007735', 02, 20, 0, 0.00, ''),
('010218051007735', 02, 21, 0, 48.00, ''),
('010218051007735', 02, 22, 4, 20.00, ''),
('010218051007735', 02, 23, 0, 0.00, ''),
('010218051007735', 02, 24, 0, 0.00, ''),
('010218051007735', 02, 25, 0, 0.00, ''),
('010218051007735', 02, 26, 0, 0.00, ''),
('010218051007735', 02, 27, 1, 5.00, ''),
('010218051007735', 02, 28, 0, 0.00, ''),
('010218051007735', 02, 29, 0, 0.00, ''),
('010218051007735', 02, 30, 0, 0.00, ''),
('010218051007735', 02, 31, 0, 0.00, ''),
('010218051007735', 02, 32, 0, 0.00, ''),
('010218051007735', 02, 33, 0, 0.00, ''),
('010218051007735', 02, 34, 0, 0.00, ''),
('010218051007735', 02, 35, 0, 0.00, ''),
('010218051007735', 02, 36, 0, 0.00, ''),
('010218051007735', 02, 37, 0, 0.00, ''),
('010218051007735', 02, 38, 0, 0.00, ''),
('010218051007735', 02, 39, 0, 0.00, ''),
('010218051007735', 02, 40, 0, 0.00, ''),
('010218051007735', 02, 41, 0, 0.00, ''),
('010218051007735', 02, 42, 0, 0.00, ''),
('010218051007735', 02, 43, 0, 0.00, ''),
('010218051007735', 02, 44, 0, 0.00, ''),
('010218051007735', 02, 45, 0, 0.00, ''),
('010218051007735', 02, 46, 1, 23.00, ''),
('010218051007735', 02, 47, 0, 0.00, ''),
('010218051007735', 02, 48, 0, 0.00, ''),
('010218051007735', 02, 49, 0, 0.00, ''),
('010218051007735', 02, 50, 0, 0.00, ''),
('010218051007735', 02, 51, 0, 0.00, ''),
('010218051007735', 02, 52, 0, 0.00, ''),
('010218051007735', 02, 53, 0, 0.00, ''),
('010218051007735', 02, 54, 0, 0.00, ''),
('010218051007735', 02, 55, 0, 0.00, ''),
('010218051007735', 02, 56, 0, 0.00, ''),
('010218051007735', 02, 57, 0, 0.00, ''),
('010218051007735', 02, 58, 0, 0.00, ''),
('010218051007735', 02, 59, 0, 0.00, ''),
('010218051007735', 02, 60, 0, 0.00, ''),
('010218051007735', 02, 61, 0, 0.00, ''),
('010218051007735', 02, 62, 0, 0.00, ''),
('010218051007735', 02, 63, 0, 0.00, ''),
('010218051007735', 02, 64, 0, 0.00, ''),
('010218051007735', 02, 65, 0, 0.00, ''),
('010218051007735', 02, 66, 0, 0.00, ''),
('010118052105791', 01, 1, 102, 346.70, ''),
('010118052105791', 01, 2, 102, 346.70, ''),
('010218052105791', 02, 3, 0, 0.00, ''),
('010218052105791', 02, 4, 0, 0.00, ''),
('010218052105791', 02, 5, 105, 273.00, ''),
('010218052105791', 02, 6, 0, 0.00, ''),
('010218052105791', 02, 7, 1, 15.00, ''),
('010218052105791', 02, 8, 0, 0.00, ''),
('010218052105791', 02, 9, 0, 0.00, ''),
('010218052105791', 02, 10, 6, 160.00, ''),
('010218052105791', 02, 11, 0, 0.00, ''),
('010218052105791', 02, 12, 0, 0.00, ''),
('010218052105791', 02, 13, 0, 0.00, ''),
('010218052105791', 02, 14, 98, 98.00, ''),
('010218052105791', 02, 15, 0, 0.00, ''),
('010218052105791', 02, 16, 0, 0.00, ''),
('010218052105791', 02, 17, 0, 0.00, ''),
('010218052105791', 02, 18, 0, 0.00, ''),
('010218052105791', 02, 19, 0, 0.00, ''),
('010218052105791', 02, 20, 0, 0.00, ''),
('010218052105791', 02, 21, 1, 1450.00, ''),
('010218052105791', 02, 22, 36, 388.00, ''),
('010218052105791', 02, 23, 0, 0.00, ''),
('010218052105791', 02, 24, 0, 0.00, ''),
('010218052105791', 02, 25, 0, 0.00, ''),
('010218052105791', 02, 26, 0, 0.00, ''),
('010218052105791', 02, 27, 1, 8.00, ''),
('010218052105791', 02, 28, 0, 0.00, ''),
('010218052105791', 02, 29, 17, 176.00, ''),
('010218052105791', 02, 30, 23, 184.00, ''),
('010218052105791', 02, 31, 0, 0.00, ''),
('010218052105791', 02, 32, 1, 10.00, ''),
('010218052105791', 02, 33, 3, 45.00, ''),
('010218052105791', 02, 34, 0, 0.00, ''),
('010218052105791', 02, 35, 0, 0.00, ''),
('010218052105791', 02, 36, 21, 88.00, ''),
('010218052105791', 02, 37, 4, 40.00, ''),
('010218052105791', 02, 38, 2, 4.00, ''),
('010218052105791', 02, 39, 3, 30.00, ''),
('010218052105791', 02, 40, 0, 0.00, ''),
('010218052105791', 02, 41, 10, 80.00, ''),
('010218052105791', 02, 42, 4, 32.00, ''),
('010218052105791', 02, 43, 0, 0.00, ''),
('010218052105791', 02, 44, 0, 0.00, ''),
('010218052105791', 02, 45, 4, 40.00, ''),
('010218052105791', 02, 46, 17, 208.00, ''),
('010218052105791', 02, 47, 0, 0.00, ''),
('010218052105791', 02, 48, 0, 0.00, ''),
('010218052105791', 02, 49, 3, 75.00, ''),
('010218052105791', 02, 50, 0, 0.00, ''),
('010218052105791', 02, 51, 1, 30.00, ''),
('010218052105791', 02, 52, 1, 12.00, ''),
('010218052105791', 02, 53, 0, 0.00, ''),
('010218052105791', 02, 54, 0, 0.00, ''),
('010218052105791', 02, 55, 0, 0.00, ''),
('010218052105791', 02, 56, 0, 0.00, ''),
('010218052105791', 02, 57, 0, 0.00, ''),
('010218052105791', 02, 58, 0, 0.00, ''),
('010218052105791', 02, 59, 0, 0.00, ''),
('010218052105791', 02, 60, 0, 0.00, ''),
('010218052105791', 02, 61, 0, 0.00, ''),
('010218052105791', 02, 62, 0, 0.00, ''),
('010218052105791', 02, 63, 0, 0.00, ''),
('010218052105791', 02, 64, 0, 0.00, ''),
('010218052105791', 02, 65, 0, 0.00, ''),
('010218052105791', 02, 66, 0, 0.00, ''),
('010118051705824', 01, 1, 10, 7.50, ''),
('010118051705824', 01, 2, 10, 7.50, ''),
('010218051705824', 02, 3, 0, 0.00, ''),
('010218051705824', 02, 4, 0, 0.00, ''),
('010218051705824', 02, 5, 0, 0.00, ''),
('010218051705824', 02, 6, 0, 0.00, ''),
('010218051705824', 02, 7, 0, 0.00, ''),
('010218051705824', 02, 8, 0, 0.00, ''),
('010218051705824', 02, 9, 0, 0.00, ''),
('010218051705824', 02, 10, 0, 0.00, ''),
('010218051705824', 02, 11, 0, 0.00, ''),
('010218051705824', 02, 12, 0, 0.00, ''),
('010218051705824', 02, 13, 0, 0.00, ''),
('010218051705824', 02, 14, 0, 0.00, ''),
('010218051705824', 02, 15, 0, 0.00, ''),
('010218051705824', 02, 16, 0, 0.00, ''),
('010218051705824', 02, 17, 0, 0.00, ''),
('010218051705824', 02, 18, 0, 0.00, ''),
('010218051705824', 02, 19, 0, 0.00, ''),
('010218051705824', 02, 20, 0, 0.00, ''),
('010218051705824', 02, 21, 0, 20.00, ''),
('010218051705824', 02, 22, 3, 17.00, ''),
('010218051705824', 02, 23, 0, 0.00, ''),
('010218051705824', 02, 24, 0, 0.00, ''),
('010218051705824', 02, 25, 0, 0.00, ''),
('010218051705824', 02, 26, 0, 0.00, ''),
('010218051705824', 02, 27, 0, 0.00, ''),
('010218051705824', 02, 28, 0, 0.00, ''),
('010218051705824', 02, 29, 0, 0.00, ''),
('010218051705824', 02, 30, 0, 0.00, ''),
('010218051705824', 02, 31, 0, 0.00, ''),
('010218051705824', 02, 32, 0, 0.00, ''),
('010218051705824', 02, 33, 0, 0.00, ''),
('010218051705824', 02, 34, 0, 0.00, ''),
('010218051705824', 02, 35, 0, 0.00, ''),
('010218051705824', 02, 36, 3, 3.00, ''),
('010218051705824', 02, 37, 0, 0.00, ''),
('010218051705824', 02, 38, 0, 0.00, ''),
('010218051705824', 02, 39, 0, 0.00, ''),
('010218051705824', 02, 40, 0, 0.00, ''),
('010218051705824', 02, 41, 0, 0.00, ''),
('010218051705824', 02, 42, 0, 0.00, ''),
('010218051705824', 02, 43, 0, 0.00, ''),
('010218051705824', 02, 44, 0, 0.00, ''),
('010218051705824', 02, 45, 0, 0.00, ''),
('010218051705824', 02, 46, 0, 0.00, ''),
('010218051705824', 02, 47, 0, 0.00, ''),
('010218051705824', 02, 48, 0, 0.00, ''),
('010218051705824', 02, 49, 0, 0.00, ''),
('010218051705824', 02, 50, 0, 0.00, ''),
('010218051705824', 02, 51, 0, 0.00, ''),
('010218051705824', 02, 52, 0, 0.00, ''),
('010218051705824', 02, 53, 0, 0.00, ''),
('010218051705824', 02, 54, 0, 0.00, ''),
('010218051705824', 02, 55, 0, 0.00, ''),
('010218051705824', 02, 56, 0, 0.00, ''),
('010218051705824', 02, 57, 0, 0.00, ''),
('010218051705824', 02, 58, 0, 0.00, ''),
('010218051705824', 02, 59, 0, 0.00, ''),
('010218051705824', 02, 60, 0, 0.00, ''),
('010218051705824', 02, 61, 0, 0.00, ''),
('010218051705824', 02, 62, 0, 0.00, ''),
('010218051705824', 02, 63, 0, 0.00, ''),
('010218051705824', 02, 64, 0, 0.00, ''),
('010218051705824', 02, 65, 0, 0.00, ''),
('010218051705824', 02, 66, 0, 0.00, ''),
('010118052405756', 01, 1, 5, 25.00, ''),
('010118052405756', 01, 2, 5, 25.00, ''),
('010218052405756', 02, 3, 0, 0.00, ''),
('010218052405756', 02, 4, 0, 0.00, ''),
('010218052405756', 02, 5, 0, 0.00, ''),
('010218052405756', 02, 6, 0, 0.00, ''),
('010218052405756', 02, 7, 0, 0.00, ''),
('010218052405756', 02, 8, 0, 0.00, ''),
('010218052405756', 02, 9, 0, 0.00, ''),
('010218052405756', 02, 10, 0, 0.00, ''),
('010218052405756', 02, 11, 0, 0.00, ''),
('010218052405756', 02, 12, 0, 0.00, ''),
('010218052405756', 02, 13, 0, 0.00, ''),
('010218052405756', 02, 14, 0, 0.00, ''),
('010218052405756', 02, 15, 0, 0.00, ''),
('010218052405756', 02, 16, 0, 0.00, ''),
('010218052405756', 02, 17, 0, 0.00, ''),
('010218052405756', 02, 18, 0, 0.00, ''),
('010218052405756', 02, 19, 0, 0.00, ''),
('010218052405756', 02, 20, 0, 0.00, ''),
('010218052405756', 02, 21, 0, 41.00, ''),
('010218052405756', 02, 22, 0, 0.00, ''),
('010218052405756', 02, 23, 0, 0.00, ''),
('010218052405756', 02, 24, 0, 0.00, ''),
('010218052405756', 02, 25, 0, 0.00, ''),
('010218052405756', 02, 26, 0, 0.00, ''),
('010218052405756', 02, 27, 0, 0.00, ''),
('010218052405756', 02, 28, 0, 0.00, ''),
('010218052405756', 02, 29, 0, 0.00, ''),
('010218052405756', 02, 30, 0, 0.00, ''),
('010218052405756', 02, 31, 0, 0.00, ''),
('010218052405756', 02, 32, 0, 0.00, ''),
('010218052405756', 02, 33, 0, 0.00, ''),
('010218052405756', 02, 34, 0, 0.00, ''),
('010218052405756', 02, 35, 0, 0.00, ''),
('010218052405756', 02, 36, 3, 9.00, ''),
('010218052405756', 02, 37, 0, 0.00, ''),
('010218052405756', 02, 38, 0, 0.00, ''),
('010218052405756', 02, 39, 0, 0.00, ''),
('010218052405756', 02, 40, 0, 0.00, ''),
('010218052405756', 02, 41, 0, 0.00, ''),
('010218052405756', 02, 42, 2, 16.00, ''),
('010218052405756', 02, 43, 2, 16.00, ''),
('010218052405756', 02, 44, 0, 0.00, ''),
('010218052405756', 02, 45, 0, 0.00, ''),
('010218052405756', 02, 46, 0, 0.00, ''),
('010218052405756', 02, 47, 0, 0.00, ''),
('010218052405756', 02, 48, 0, 0.00, ''),
('010218052405756', 02, 49, 0, 0.00, ''),
('010218052405756', 02, 50, 0, 0.00, ''),
('010218052405756', 02, 51, 0, 0.00, ''),
('010218052405756', 02, 52, 0, 0.00, ''),
('010218052405756', 02, 53, 0, 0.00, ''),
('010218052405756', 02, 54, 0, 0.00, ''),
('010218052405756', 02, 55, 0, 0.00, ''),
('010218052405756', 02, 56, 0, 0.00, ''),
('010218052405756', 02, 57, 0, 0.00, ''),
('010218052405756', 02, 58, 0, 0.00, ''),
('010218052405756', 02, 59, 0, 0.00, ''),
('010218052405756', 02, 60, 0, 0.00, ''),
('010218052405756', 02, 61, 0, 0.00, ''),
('010218052405756', 02, 62, 0, 0.00, ''),
('010218052405756', 02, 63, 0, 0.00, ''),
('010218052405756', 02, 64, 0, 0.00, ''),
('010218052405756', 02, 65, 0, 0.00, ''),
('010218052405756', 02, 66, 0, 0.00, ''),
('010118051405819', 01, 1, 20, 29.00, ''),
('010118051405819', 01, 2, 20, 29.00, ''),
('010218051405819', 02, 3, 0, 0.00, ''),
('010218051405819', 02, 4, 0, 0.00, ''),
('010218051405819', 02, 5, 20, 60.00, ''),
('010218051405819', 02, 6, 0, 0.00, ''),
('010218051405819', 02, 7, 0, 0.00, ''),
('010218051405819', 02, 8, 0, 0.00, ''),
('010218051405819', 02, 9, 0, 0.00, ''),
('010218051405819', 02, 10, 2, 22.00, ''),
('010218051405819', 02, 11, 0, 0.00, ''),
('010218051405819', 02, 12, 0, 0.00, ''),
('010218051405819', 02, 13, 0, 0.00, ''),
('010218051405819', 02, 14, 18, 38.00, ''),
('010218051405819', 02, 15, 0, 0.00, ''),
('010218051405819', 02, 16, 0, 0.00, ''),
('010218051405819', 02, 17, 0, 0.00, ''),
('010218051405819', 02, 18, 0, 0.00, ''),
('010218051405819', 02, 19, 0, 0.00, ''),
('010218051405819', 02, 20, 0, 0.00, ''),
('010218051405819', 02, 21, 0, 43.00, ''),
('010218051405819', 02, 22, 5, 31.00, ''),
('010218051405819', 02, 23, 0, 0.00, ''),
('010218051405819', 02, 24, 0, 0.00, ''),
('010218051405819', 02, 25, 0, 0.00, ''),
('010218051405819', 02, 26, 0, 0.00, ''),
('010218051405819', 02, 27, 0, 0.00, ''),
('010218051405819', 02, 28, 0, 0.00, ''),
('010218051405819', 02, 29, 0, 0.00, ''),
('010218051405819', 02, 30, 0, 0.00, ''),
('010218051405819', 02, 31, 0, 0.00, ''),
('010218051405819', 02, 32, 0, 0.00, ''),
('010218051405819', 02, 33, 0, 0.00, ''),
('010218051405819', 02, 34, 0, 0.00, ''),
('010218051405819', 02, 35, 0, 0.00, ''),
('010218051405819', 02, 36, 3, 3.00, ''),
('010218051405819', 02, 37, 1, 6.00, ''),
('010218051405819', 02, 38, 0, 0.00, ''),
('010218051405819', 02, 39, 0, 0.00, ''),
('010218051405819', 02, 40, 0, 0.00, ''),
('010218051405819', 02, 41, 0, 0.00, ''),
('010218051405819', 02, 42, 0, 0.00, ''),
('010218051405819', 02, 43, 0, 0.00, ''),
('010218051405819', 02, 44, 0, 0.00, ''),
('010218051405819', 02, 45, 0, 0.00, ''),
('010218051405819', 02, 46, 1, 3.00, ''),
('010218051405819', 02, 47, 0, 0.00, ''),
('010218051405819', 02, 48, 0, 0.00, ''),
('010218051405819', 02, 49, 0, 0.00, ''),
('010218051405819', 02, 50, 0, 0.00, ''),
('010218051405819', 02, 51, 0, 0.00, ''),
('010218051405819', 02, 52, 0, 0.00, ''),
('010218051405819', 02, 53, 0, 0.00, ''),
('010218051405819', 02, 54, 0, 0.00, ''),
('010218051405819', 02, 55, 0, 0.00, ''),
('010218051405819', 02, 56, 0, 0.00, ''),
('010218051405819', 02, 57, 0, 0.00, ''),
('010218051405819', 02, 58, 0, 0.00, ''),
('010218051405819', 02, 59, 0, 0.00, ''),
('010218051405819', 02, 60, 0, 0.00, ''),
('010218051405819', 02, 61, 0, 0.00, ''),
('010218051405819', 02, 62, 0, 0.00, ''),
('010218051405819', 02, 63, 0, 0.00, ''),
('010218051405819', 02, 64, 0, 0.00, ''),
('010218051405819', 02, 65, 0, 0.00, ''),
('010218051405819', 02, 66, 0, 0.00, ''),
('010118051921104', 01, 1, 6, 33.70, ''),
('010118051921104', 01, 2, 6, 33.70, ''),
('010218051921104', 02, 3, 0, 0.00, ''),
('010218051921104', 02, 4, 0, 0.00, ''),
('010218051921104', 02, 5, 0, 0.00, ''),
('010218051921104', 02, 6, 0, 0.00, ''),
('010218051921104', 02, 7, 0, 0.00, ''),
('010218051921104', 02, 8, 0, 0.00, ''),
('010218051921104', 02, 9, 0, 0.00, ''),
('010218051921104', 02, 10, 0, 0.00, ''),
('010218051921104', 02, 11, 0, 0.00, ''),
('010218051921104', 02, 12, 0, 0.00, ''),
('010218051921104', 02, 13, 0, 0.00, ''),
('010218051921104', 02, 14, 0, 0.00, ''),
('010218051921104', 02, 15, 0, 0.00, ''),
('010218051921104', 02, 16, 0, 0.00, ''),
('010218051921104', 02, 17, 0, 0.00, ''),
('010218051921104', 02, 18, 0, 0.00, ''),
('010218051921104', 02, 19, 0, 0.00, ''),
('010218051921104', 02, 20, 0, 0.00, ''),
('010218051921104', 02, 21, 0, 191.00, ''),
('010218051921104', 02, 22, 1, 12.00, ''),
('010218051921104', 02, 23, 0, 0.00, ''),
('010218051921104', 02, 24, 0, 0.00, ''),
('010218051921104', 02, 25, 0, 0.00, ''),
('010218051921104', 02, 26, 0, 0.00, ''),
('010218051921104', 02, 27, 0, 0.00, ''),
('010218051921104', 02, 28, 0, 0.00, ''),
('010218051921104', 02, 29, 16, 176.00, ''),
('010218051921104', 02, 30, 0, 0.00, ''),
('010218051921104', 02, 31, 0, 0.00, ''),
('010218051921104', 02, 32, 0, 0.00, ''),
('010218051921104', 02, 33, 0, 0.00, ''),
('010218051921104', 02, 34, 0, 0.00, ''),
('010218051921104', 02, 35, 0, 0.00, ''),
('010218051921104', 02, 36, 1, 3.00, ''),
('010218051921104', 02, 37, 0, 0.00, ''),
('010218051921104', 02, 38, 0, 0.00, ''),
('010218051921104', 02, 39, 0, 0.00, ''),
('010218051921104', 02, 40, 0, 0.00, ''),
('010218051921104', 02, 41, 0, 0.00, ''),
('010218051921104', 02, 42, 0, 0.00, ''),
('010218051921104', 02, 43, 0, 0.00, ''),
('010218051921104', 02, 44, 0, 0.00, ''),
('010218051921104', 02, 45, 0, 0.00, ''),
('010218051921104', 02, 46, 0, 0.00, ''),
('010218051921104', 02, 47, 0, 0.00, ''),
('010218051921104', 02, 48, 0, 0.00, ''),
('010218051921104', 02, 49, 0, 0.00, ''),
('010218051921104', 02, 50, 0, 0.00, ''),
('010218051921104', 02, 51, 0, 0.00, ''),
('010218051921104', 02, 52, 0, 0.00, ''),
('010218051921104', 02, 53, 0, 0.00, ''),
('010218051921104', 02, 54, 0, 0.00, ''),
('010218051921104', 02, 55, 0, 0.00, ''),
('010218051921104', 02, 56, 0, 0.00, ''),
('010218051921104', 02, 57, 0, 0.00, ''),
('010218051921104', 02, 58, 0, 0.00, ''),
('010218051921104', 02, 59, 0, 0.00, ''),
('010218051921104', 02, 60, 0, 0.00, ''),
('010218051921104', 02, 61, 0, 0.00, ''),
('010218051921104', 02, 62, 0, 0.00, ''),
('010218051921104', 02, 63, 0, 0.00, ''),
('010218051921104', 02, 64, 0, 0.00, ''),
('010218051921104', 02, 65, 0, 0.00, ''),
('010218051921104', 02, 66, 0, 0.00, ''),
('010118052121104', 01, 1, 3, 56.20, ''),
('010118052121104', 01, 2, 3, 56.20, ''),
('010218052121104', 02, 3, 0, 0.00, ''),
('010218052121104', 02, 4, 0, 0.00, ''),
('010218052121104', 02, 5, 2, 60.00, ''),
('010218052121104', 02, 6, 0, 0.00, ''),
('010218052121104', 02, 7, 0, 0.00, ''),
('010218052121104', 02, 8, 0, 0.00, ''),
('010218052121104', 02, 9, 0, 0.00, ''),
('010218052121104', 02, 10, 2, 60.00, ''),
('010218052121104', 02, 11, 0, 0.00, ''),
('010218052121104', 02, 12, 0, 0.00, ''),
('010218052121104', 02, 13, 0, 0.00, ''),
('010218052121104', 02, 14, 0, 0.00, ''),
('010218052121104', 02, 15, 0, 0.00, ''),
('010218052121104', 02, 16, 0, 0.00, ''),
('010218052121104', 02, 17, 0, 0.00, ''),
('010218052121104', 02, 18, 0, 0.00, ''),
('010218052121104', 02, 19, 0, 0.00, ''),
('010218052121104', 02, 20, 0, 0.00, ''),
('010218052121104', 02, 21, 0, 167.00, ''),
('010218052121104', 02, 22, 0, 0.00, ''),
('010218052121104', 02, 23, 0, 0.00, ''),
('010218052121104', 02, 24, 0, 0.00, ''),
('010218052121104', 02, 25, 0, 0.00, ''),
('010218052121104', 02, 26, 0, 0.00, ''),
('010218052121104', 02, 27, 0, 0.00, ''),
('010218052121104', 02, 28, 0, 0.00, ''),
('010218052121104', 02, 29, 12, 140.00, ''),
('010218052121104', 02, 30, 0, 0.00, ''),
('010218052121104', 02, 31, 0, 0.00, ''),
('010218052121104', 02, 32, 0, 0.00, ''),
('010218052121104', 02, 33, 0, 0.00, ''),
('010218052121104', 02, 34, 0, 0.00, ''),
('010218052121104', 02, 35, 0, 0.00, ''),
('010218052121104', 02, 36, 1, 3.00, ''),
('010218052121104', 02, 37, 0, 0.00, ''),
('010218052121104', 02, 38, 0, 0.00, ''),
('010218052121104', 02, 39, 0, 0.00, ''),
('010218052121104', 02, 40, 0, 0.00, ''),
('010218052121104', 02, 41, 0, 0.00, ''),
('010218052121104', 02, 42, 0, 0.00, ''),
('010218052121104', 02, 43, 0, 0.00, ''),
('010218052121104', 02, 44, 0, 0.00, ''),
('010218052121104', 02, 45, 0, 0.00, ''),
('010218052121104', 02, 46, 0, 0.00, ''),
('010218052121104', 02, 47, 0, 0.00, ''),
('010218052121104', 02, 48, 0, 0.00, ''),
('010218052121104', 02, 49, 0, 0.00, ''),
('010218052121104', 02, 50, 0, 0.00, ''),
('010218052121104', 02, 51, 0, 0.00, ''),
('010218052121104', 02, 52, 2, 24.00, ''),
('010218052121104', 02, 53, 0, 0.00, ''),
('010218052121104', 02, 54, 0, 0.00, ''),
('010218052121104', 02, 55, 0, 0.00, ''),
('010218052121104', 02, 56, 0, 0.00, ''),
('010218052121104', 02, 57, 0, 0.00, ''),
('010218052121104', 02, 58, 0, 0.00, ''),
('010218052121104', 02, 59, 0, 0.00, ''),
('010218052121104', 02, 60, 0, 0.00, ''),
('010218052121104', 02, 61, 0, 0.00, ''),
('010218052121104', 02, 62, 0, 0.00, ''),
('010218052121104', 02, 63, 0, 0.00, ''),
('010218052121104', 02, 64, 0, 0.00, ''),
('010218052121104', 02, 65, 0, 0.00, ''),
('010218052121104', 02, 66, 0, 0.00, ''),
('010118052221104', 01, 1, 3, 17.20, ''),
('010118052221104', 01, 2, 3, 17.20, ''),
('010218052221104', 02, 3, 0, 0.00, ''),
('010218052221104', 02, 4, 0, 0.00, ''),
('010218052221104', 02, 5, 1, 20.00, ''),
('010218052221104', 02, 6, 0, 0.00, ''),
('010218052221104', 02, 7, 0, 0.00, ''),
('010218052221104', 02, 8, 0, 0.00, ''),
('010218052221104', 02, 9, 0, 0.00, ''),
('010218052221104', 02, 10, 1, 20.00, ''),
('010218052221104', 02, 11, 0, 0.00, ''),
('010218052221104', 02, 12, 0, 0.00, ''),
('010218052221104', 02, 13, 0, 0.00, ''),
('010218052221104', 02, 14, 0, 0.00, ''),
('010218052221104', 02, 15, 0, 0.00, ''),
('010218052221104', 02, 16, 0, 0.00, ''),
('010218052221104', 02, 17, 0, 0.00, ''),
('010218052221104', 02, 18, 0, 0.00, ''),
('010218052221104', 02, 19, 0, 0.00, ''),
('010218052221104', 02, 20, 0, 0.00, ''),
('010218052221104', 02, 21, 0, 176.00, ''),
('010218052221104', 02, 22, 5, 60.00, ''),
('010218052221104', 02, 23, 0, 0.00, ''),
('010218052221104', 02, 24, 0, 0.00, ''),
('010218052221104', 02, 25, 0, 0.00, ''),
('010218052221104', 02, 26, 0, 0.00, ''),
('010218052221104', 02, 27, 0, 0.00, ''),
('010218052221104', 02, 28, 0, 0.00, ''),
('010218052221104', 02, 29, 9, 92.00, ''),
('010218052221104', 02, 30, 0, 0.00, ''),
('010218052221104', 02, 31, 0, 0.00, ''),
('010218052221104', 02, 32, 0, 0.00, ''),
('010218052221104', 02, 33, 0, 0.00, ''),
('010218052221104', 02, 34, 0, 0.00, ''),
('010218052221104', 02, 35, 0, 0.00, ''),
('010218052221104', 02, 36, 0, 0.00, ''),
('010218052221104', 02, 37, 0, 0.00, ''),
('010218052221104', 02, 38, 0, 0.00, ''),
('010218052221104', 02, 39, 0, 0.00, ''),
('010218052221104', 02, 40, 0, 0.00, ''),
('010218052221104', 02, 41, 0, 0.00, ''),
('010218052221104', 02, 42, 0, 0.00, ''),
('010218052221104', 02, 43, 0, 0.00, ''),
('010218052221104', 02, 44, 0, 0.00, ''),
('010218052221104', 02, 45, 0, 0.00, ''),
('010218052221104', 02, 46, 0, 0.00, ''),
('010218052221104', 02, 47, 0, 0.00, ''),
('010218052221104', 02, 48, 0, 0.00, ''),
('010218052221104', 02, 49, 0, 0.00, ''),
('010218052221104', 02, 50, 0, 0.00, ''),
('010218052221104', 02, 51, 0, 0.00, ''),
('010218052221104', 02, 52, 2, 24.00, ''),
('010218052221104', 02, 53, 0, 0.00, ''),
('010218052221104', 02, 54, 0, 0.00, ''),
('010218052221104', 02, 55, 0, 0.00, ''),
('010218052221104', 02, 56, 0, 0.00, ''),
('010218052221104', 02, 57, 0, 0.00, ''),
('010218052221104', 02, 58, 0, 0.00, ''),
('010218052221104', 02, 59, 0, 0.00, ''),
('010218052221104', 02, 60, 0, 0.00, ''),
('010218052221104', 02, 61, 0, 0.00, ''),
('010218052221104', 02, 62, 0, 0.00, ''),
('010218052221104', 02, 63, 0, 0.00, ''),
('010218052221104', 02, 64, 0, 0.00, ''),
('010218052221104', 02, 65, 0, 0.00, ''),
('010218052221104', 02, 66, 0, 0.00, ''),
('010118052405793', 01, 1, 0, 0.00, ''),
('010118052405793', 01, 2, 0, 0.00, ''),
('010218052405793', 02, 3, 0, 0.00, ''),
('010218052405793', 02, 4, 0, 0.00, ''),
('010218052405793', 02, 5, 1, 18.50, ''),
('010218052405793', 02, 6, 0, 0.00, ''),
('010218052405793', 02, 7, 0, 0.00, ''),
('010218052405793', 02, 8, 0, 0.00, ''),
('010218052405793', 02, 9, 0, 0.00, ''),
('010218052405793', 02, 10, 1, 18.50, ''),
('010218052405793', 02, 11, 0, 0.00, ''),
('010218052405793', 02, 12, 0, 0.00, ''),
('010218052405793', 02, 13, 0, 0.00, ''),
('010218052405793', 02, 14, 0, 0.00, ''),
('010218052405793', 02, 15, 0, 0.00, ''),
('010218052405793', 02, 16, 0, 0.00, ''),
('010218052405793', 02, 17, 0, 0.00, ''),
('010218052405793', 02, 18, 0, 0.00, ''),
('010218052405793', 02, 19, 0, 0.00, ''),
('010218052405793', 02, 20, 0, 0.00, ''),
('010218052405793', 02, 21, 0, 36.00, ''),
('010218052405793', 02, 22, 1, 6.00, ''),
('010218052405793', 02, 23, 0, 0.00, ''),
('010218052405793', 02, 24, 0, 0.00, ''),
('010218052405793', 02, 25, 0, 0.00, ''),
('010218052405793', 02, 26, 0, 0.00, ''),
('010218052405793', 02, 27, 0, 0.00, ''),
('010218052405793', 02, 28, 0, 0.00, ''),
('010218052405793', 02, 29, 0, 0.00, ''),
('010218052405793', 02, 30, 0, 0.00, ''),
('010218052405793', 02, 31, 0, 0.00, ''),
('010218052405793', 02, 32, 0, 0.00, ''),
('010218052405793', 02, 33, 0, 0.00, ''),
('010218052405793', 02, 34, 0, 0.00, ''),
('010218052405793', 02, 35, 0, 0.00, ''),
('010218052405793', 02, 36, 0, 0.00, ''),
('010218052405793', 02, 37, 0, 0.00, ''),
('010218052405793', 02, 38, 0, 0.00, ''),
('010218052405793', 02, 39, 0, 0.00, ''),
('010218052405793', 02, 40, 0, 0.00, ''),
('010218052405793', 02, 41, 0, 0.00, ''),
('010218052405793', 02, 42, 5, 30.00, ''),
('010218052405793', 02, 43, 0, 0.00, ''),
('010218052405793', 02, 44, 0, 0.00, ''),
('010218052405793', 02, 45, 0, 0.00, ''),
('010218052405793', 02, 46, 0, 0.00, ''),
('010218052405793', 02, 47, 0, 0.00, ''),
('010218052405793', 02, 48, 0, 0.00, ''),
('010218052405793', 02, 49, 0, 0.00, ''),
('010218052405793', 02, 50, 0, 0.00, ''),
('010218052405793', 02, 51, 0, 0.00, ''),
('010218052405793', 02, 52, 0, 0.00, ''),
('010218052405793', 02, 53, 0, 0.00, ''),
('010218052405793', 02, 54, 0, 0.00, ''),
('010218052405793', 02, 55, 0, 0.00, ''),
('010218052405793', 02, 56, 0, 0.00, ''),
('010218052405793', 02, 57, 0, 0.00, ''),
('010218052405793', 02, 58, 0, 0.00, ''),
('010218052405793', 02, 59, 0, 0.00, ''),
('010218052405793', 02, 60, 0, 0.00, ''),
('010218052405793', 02, 61, 0, 0.00, ''),
('010218052405793', 02, 62, 0, 0.00, ''),
('010218052405793', 02, 63, 0, 0.00, ''),
('010218052405793', 02, 64, 0, 0.00, ''),
('010218052405793', 02, 65, 0, 0.00, ''),
('010218052405793', 02, 66, 0, 0.00, ''),
('010118051205816', 01, 1, 20, 119.50, ''),
('010118051205816', 01, 2, 20, 119.50, ''),
('010218051205816', 02, 3, 0, 0.00, ''),
('010218051205816', 02, 4, 0, 0.00, ''),
('010218051205816', 02, 5, 4, 26.00, ''),
('010218051205816', 02, 6, 0, 0.00, ''),
('010218051205816', 02, 7, 0, 0.00, ''),
('010218051205816', 02, 8, 0, 0.00, ''),
('010218051205816', 02, 9, 0, 0.00, ''),
('010218051205816', 02, 10, 1, 20.00, ''),
('010218051205816', 02, 11, 0, 0.00, ''),
('010218051205816', 02, 12, 0, 0.00, ''),
('010218051205816', 02, 13, 0, 0.00, ''),
('010218051205816', 02, 14, 3, 6.00, ''),
('010218051205816', 02, 15, 0, 0.00, ''),
('010218051205816', 02, 16, 0, 0.00, ''),
('010218051205816', 02, 17, 0, 0.00, ''),
('010218051205816', 02, 18, 0, 0.00, ''),
('010218051205816', 02, 19, 0, 0.00, ''),
('010218051205816', 02, 20, 0, 0.00, ''),
('010218051205816', 02, 21, 0, 66.00, ''),
('010218051205816', 02, 22, 0, 0.00, ''),
('010218051205816', 02, 23, 0, 0.00, ''),
('010218051205816', 02, 24, 0, 0.00, ''),
('010218051205816', 02, 25, 0, 0.00, ''),
('010218051205816', 02, 26, 0, 0.00, ''),
('010218051205816', 02, 27, 0, 0.00, ''),
('010218051205816', 02, 28, 0, 0.00, ''),
('010218051205816', 02, 29, 0, 0.00, ''),
('010218051205816', 02, 30, 3, 21.00, ''),
('010218051205816', 02, 31, 0, 0.00, ''),
('010218051205816', 02, 32, 0, 0.00, ''),
('010218051205816', 02, 33, 0, 0.00, ''),
('010218051205816', 02, 34, 1, 15.00, ''),
('010218051205816', 02, 35, 0, 0.00, ''),
('010218051205816', 02, 36, 2, 2.00, ''),
('010218051205816', 02, 37, 1, 5.00, ''),
('010218051205816', 02, 38, 0, 0.00, ''),
('010218051205816', 02, 39, 0, 0.00, ''),
('010218051205816', 02, 40, 0, 0.00, ''),
('010218051205816', 02, 41, 0, 0.00, ''),
('010218051205816', 02, 42, 0, 0.00, ''),
('010218051205816', 02, 43, 0, 0.00, ''),
('010218051205816', 02, 44, 0, 0.00, ''),
('010218051205816', 02, 45, 0, 0.00, ''),
('010218051205816', 02, 46, 1, 23.00, ''),
('010218051205816', 02, 47, 0, 0.00, ''),
('010218051205816', 02, 48, 0, 0.00, ''),
('010218051205816', 02, 49, 0, 0.00, ''),
('010218051205816', 02, 50, 0, 0.00, ''),
('010218051205816', 02, 51, 0, 0.00, ''),
('010218051205816', 02, 52, 0, 0.00, ''),
('010218051205816', 02, 53, 0, 0.00, ''),
('010218051205816', 02, 54, 0, 0.00, ''),
('010218051205816', 02, 55, 0, 0.00, ''),
('010218051205816', 02, 56, 0, 0.00, ''),
('010218051205816', 02, 57, 0, 0.00, ''),
('010218051205816', 02, 58, 0, 0.00, ''),
('010218051205816', 02, 59, 0, 0.00, ''),
('010218051205816', 02, 60, 0, 0.00, ''),
('010218051205816', 02, 61, 0, 0.00, ''),
('010218051205816', 02, 62, 0, 0.00, ''),
('010218051205816', 02, 63, 0, 0.00, ''),
('010218051205816', 02, 64, 0, 0.00, ''),
('010218051205816', 02, 65, 0, 0.00, ''),
('010218051205816', 02, 66, 0, 0.00, ''),
('010118051905816', 01, 1, 13, 74.40, ''),
('010118051905816', 01, 2, 13, 74.40, ''),
('010218051905816', 02, 3, 0, 0.00, ''),
('010218051905816', 02, 4, 0, 0.00, ''),
('010218051905816', 02, 5, 0, 0.00, ''),
('010218051905816', 02, 6, 0, 0.00, ''),
('010218051905816', 02, 7, 0, 0.00, ''),
('010218051905816', 02, 8, 0, 0.00, ''),
('010218051905816', 02, 9, 0, 0.00, ''),
('010218051905816', 02, 10, 0, 0.00, ''),
('010218051905816', 02, 11, 0, 0.00, ''),
('010218051905816', 02, 12, 0, 0.00, ''),
('010218051905816', 02, 13, 0, 0.00, ''),
('010218051905816', 02, 14, 0, 0.00, ''),
('010218051905816', 02, 15, 0, 0.00, ''),
('010218051905816', 02, 16, 0, 0.00, ''),
('010218051905816', 02, 17, 0, 0.00, ''),
('010218051905816', 02, 18, 0, 0.00, ''),
('010218051905816', 02, 19, 0, 0.00, ''),
('010218051905816', 02, 20, 0, 0.00, ''),
('010218051905816', 02, 21, 0, 137.00, ''),
('010218051905816', 02, 22, 1, 5.00, ''),
('010218051905816', 02, 23, 0, 0.00, ''),
('010218051905816', 02, 24, 0, 0.00, ''),
('010218051905816', 02, 25, 0, 0.00, ''),
('010218051905816', 02, 26, 0, 0.00, ''),
('010218051905816', 02, 27, 0, 0.00, ''),
('010218051905816', 02, 28, 0, 0.00, ''),
('010218051905816', 02, 29, 0, 0.00, ''),
('010218051905816', 02, 30, 8, 56.00, ''),
('010218051905816', 02, 31, 0, 0.00, ''),
('010218051905816', 02, 32, 0, 0.00, ''),
('010218051905816', 02, 33, 0, 0.00, ''),
('010218051905816', 02, 34, 4, 60.00, ''),
('010218051905816', 02, 35, 0, 0.00, ''),
('010218051905816', 02, 36, 1, 1.00, ''),
('010218051905816', 02, 37, 1, 8.00, ''),
('010218051905816', 02, 38, 0, 0.00, ''),
('010218051905816', 02, 39, 0, 0.00, ''),
('010218051905816', 02, 40, 0, 0.00, ''),
('010218051905816', 02, 41, 0, 0.00, ''),
('010218051905816', 02, 42, 0, 0.00, ''),
('010218051905816', 02, 43, 0, 0.00, ''),
('010218051905816', 02, 44, 0, 0.00, ''),
('010218051905816', 02, 45, 0, 0.00, ''),
('010218051905816', 02, 46, 1, 7.00, ''),
('010218051905816', 02, 47, 0, 0.00, ''),
('010218051905816', 02, 48, 0, 0.00, ''),
('010218051905816', 02, 49, 0, 0.00, ''),
('010218051905816', 02, 50, 0, 0.00, ''),
('010218051905816', 02, 51, 0, 0.00, ''),
('010218051905816', 02, 52, 0, 0.00, ''),
('010218051905816', 02, 53, 0, 0.00, ''),
('010218051905816', 02, 54, 0, 0.00, ''),
('010218051905816', 02, 55, 0, 0.00, ''),
('010218051905816', 02, 56, 0, 0.00, ''),
('010218051905816', 02, 57, 0, 0.00, ''),
('010218051905816', 02, 58, 0, 0.00, '');
INSERT INTO `lrecaudacion_detalle` (`LRECAU_ID`, `LRECTIP_ID`, `IDITEM`, `CANTIDAD`, `MONTO`, `CELDA`) VALUES
('010218051905816', 02, 59, 0, 0.00, ''),
('010218051905816', 02, 60, 0, 0.00, ''),
('010218051905816', 02, 61, 0, 0.00, ''),
('010218051905816', 02, 62, 0, 0.00, ''),
('010218051905816', 02, 63, 0, 0.00, ''),
('010218051905816', 02, 64, 0, 0.00, ''),
('010218051905816', 02, 65, 0, 0.00, ''),
('010218051905816', 02, 66, 0, 0.00, ''),
('010118051605754', 01, 1, 10, 88.60, ''),
('010118051605754', 01, 2, 10, 88.60, ''),
('010218051605754', 02, 3, 0, 0.00, ''),
('010218051605754', 02, 4, 0, 0.00, ''),
('010218051605754', 02, 5, 7, 140.00, ''),
('010218051605754', 02, 6, 0, 0.00, ''),
('010218051605754', 02, 7, 1, 20.00, ''),
('010218051605754', 02, 8, 0, 0.00, ''),
('010218051605754', 02, 9, 0, 0.00, ''),
('010218051605754', 02, 10, 6, 120.00, ''),
('010218051605754', 02, 11, 0, 0.00, ''),
('010218051605754', 02, 12, 0, 0.00, ''),
('010218051605754', 02, 13, 0, 0.00, ''),
('010218051605754', 02, 14, 0, 0.00, ''),
('010218051605754', 02, 15, 0, 0.00, ''),
('010218051605754', 02, 16, 0, 0.00, ''),
('010218051605754', 02, 17, 0, 0.00, ''),
('010218051605754', 02, 18, 0, 0.00, ''),
('010218051605754', 02, 19, 0, 0.00, ''),
('010218051605754', 02, 20, 0, 0.00, ''),
('010218051605754', 02, 21, 0, 235.00, ''),
('010218051605754', 02, 22, 4, 32.00, ''),
('010218051605754', 02, 23, 0, 0.00, ''),
('010218051605754', 02, 24, 0, 0.00, ''),
('010218051605754', 02, 25, 0, 0.00, ''),
('010218051605754', 02, 26, 0, 0.00, ''),
('010218051605754', 02, 27, 0, 0.00, ''),
('010218051605754', 02, 28, 0, 0.00, ''),
('010218051605754', 02, 29, 6, 108.00, ''),
('010218051605754', 02, 30, 0, 0.00, ''),
('010218051605754', 02, 31, 0, 0.00, ''),
('010218051605754', 02, 32, 0, 0.00, ''),
('010218051605754', 02, 33, 0, 0.00, ''),
('010218051605754', 02, 34, 0, 0.00, ''),
('010218051605754', 02, 35, 0, 0.00, ''),
('010218051605754', 02, 36, 3, 9.00, ''),
('010218051605754', 02, 37, 1, 10.00, ''),
('010218051605754', 02, 38, 0, 0.00, ''),
('010218051605754', 02, 39, 0, 0.00, ''),
('010218051605754', 02, 40, 0, 0.00, ''),
('010218051605754', 02, 41, 0, 0.00, ''),
('010218051605754', 02, 42, 7, 56.00, ''),
('010218051605754', 02, 43, 1, 8.00, ''),
('010218051605754', 02, 44, 0, 0.00, ''),
('010218051605754', 02, 45, 0, 0.00, ''),
('010218051605754', 02, 46, 1, 12.00, ''),
('010218051605754', 02, 47, 0, 0.00, ''),
('010218051605754', 02, 48, 0, 0.00, ''),
('010218051605754', 02, 49, 0, 0.00, ''),
('010218051605754', 02, 50, 0, 0.00, ''),
('010218051605754', 02, 51, 0, 0.00, ''),
('010218051605754', 02, 52, 0, 0.00, ''),
('010218051605754', 02, 53, 0, 0.00, ''),
('010218051605754', 02, 54, 0, 0.00, ''),
('010218051605754', 02, 55, 0, 0.00, ''),
('010218051605754', 02, 56, 0, 0.00, ''),
('010218051605754', 02, 57, 0, 0.00, ''),
('010218051605754', 02, 58, 0, 0.00, ''),
('010218051605754', 02, 59, 0, 0.00, ''),
('010218051605754', 02, 60, 0, 0.00, ''),
('010218051605754', 02, 61, 0, 0.00, ''),
('010218051605754', 02, 62, 0, 0.00, ''),
('010218051605754', 02, 63, 0, 0.00, ''),
('010218051605754', 02, 64, 0, 0.00, ''),
('010218051605754', 02, 65, 0, 0.00, ''),
('010218051605754', 02, 66, 0, 0.00, ''),
('010118051614727', 01, 1, 6, 58.50, ''),
('010118051614727', 01, 2, 6, 58.50, ''),
('010218051614727', 02, 3, 0, 0.00, ''),
('010218051614727', 02, 4, 0, 0.00, ''),
('010218051614727', 02, 5, 1, 2.00, ''),
('010218051614727', 02, 6, 0, 0.00, ''),
('010218051614727', 02, 7, 0, 0.00, ''),
('010218051614727', 02, 8, 0, 0.00, ''),
('010218051614727', 02, 9, 0, 0.00, ''),
('010218051614727', 02, 10, 0, 0.00, ''),
('010218051614727', 02, 11, 0, 0.00, ''),
('010218051614727', 02, 12, 0, 0.00, ''),
('010218051614727', 02, 13, 0, 0.00, ''),
('010218051614727', 02, 14, 1, 2.00, ''),
('010218051614727', 02, 15, 0, 0.00, ''),
('010218051614727', 02, 16, 0, 0.00, ''),
('010218051614727', 02, 17, 0, 0.00, ''),
('010218051614727', 02, 18, 0, 0.00, ''),
('010218051614727', 02, 19, 0, 0.00, ''),
('010218051614727', 02, 20, 0, 0.00, ''),
('010218051614727', 02, 21, 0, 25.00, ''),
('010218051614727', 02, 22, 4, 20.00, ''),
('010218051614727', 02, 23, 0, 0.00, ''),
('010218051614727', 02, 24, 0, 0.00, ''),
('010218051614727', 02, 25, 0, 0.00, ''),
('010218051614727', 02, 26, 0, 0.00, ''),
('010218051614727', 02, 27, 1, 5.00, ''),
('010218051614727', 02, 28, 0, 0.00, ''),
('010218051614727', 02, 29, 0, 0.00, ''),
('010218051614727', 02, 30, 0, 0.00, ''),
('010218051614727', 02, 31, 0, 0.00, ''),
('010218051614727', 02, 32, 0, 0.00, ''),
('010218051614727', 02, 33, 0, 0.00, ''),
('010218051614727', 02, 34, 0, 0.00, ''),
('010218051614727', 02, 35, 0, 0.00, ''),
('010218051614727', 02, 36, 0, 0.00, ''),
('010218051614727', 02, 37, 0, 0.00, ''),
('010218051614727', 02, 38, 0, 0.00, ''),
('010218051614727', 02, 39, 0, 0.00, ''),
('010218051614727', 02, 40, 0, 0.00, ''),
('010218051614727', 02, 41, 0, 0.00, ''),
('010218051614727', 02, 42, 0, 0.00, ''),
('010218051614727', 02, 43, 0, 0.00, ''),
('010218051614727', 02, 44, 0, 0.00, ''),
('010218051614727', 02, 45, 0, 0.00, ''),
('010218051614727', 02, 46, 0, 0.00, ''),
('010218051614727', 02, 47, 0, 0.00, ''),
('010218051614727', 02, 48, 0, 0.00, ''),
('010218051614727', 02, 49, 0, 0.00, ''),
('010218051614727', 02, 50, 0, 0.00, ''),
('010218051614727', 02, 51, 0, 0.00, ''),
('010218051614727', 02, 52, 0, 0.00, ''),
('010218051614727', 02, 53, 0, 0.00, ''),
('010218051614727', 02, 54, 0, 0.00, ''),
('010218051614727', 02, 55, 0, 0.00, ''),
('010218051614727', 02, 56, 0, 0.00, ''),
('010218051614727', 02, 57, 0, 0.00, ''),
('010218051614727', 02, 58, 0, 0.00, ''),
('010218051614727', 02, 59, 0, 0.00, ''),
('010218051614727', 02, 60, 0, 0.00, ''),
('010218051614727', 02, 61, 0, 0.00, ''),
('010218051614727', 02, 62, 0, 0.00, ''),
('010218051614727', 02, 63, 0, 0.00, ''),
('010218051614727', 02, 64, 0, 0.00, ''),
('010218051614727', 02, 65, 0, 0.00, ''),
('010218051614727', 02, 66, 0, 0.00, ''),
('010118051514727', 01, 1, 2, 15.00, ''),
('010118051514727', 01, 2, 2, 15.00, ''),
('010218051514727', 02, 3, 0, 0.00, ''),
('010218051514727', 02, 4, 0, 0.00, ''),
('010218051514727', 02, 5, 2, 4.00, ''),
('010218051514727', 02, 6, 0, 0.00, ''),
('010218051514727', 02, 7, 0, 0.00, ''),
('010218051514727', 02, 8, 0, 0.00, ''),
('010218051514727', 02, 9, 0, 0.00, ''),
('010218051514727', 02, 10, 0, 0.00, ''),
('010218051514727', 02, 11, 0, 0.00, ''),
('010218051514727', 02, 12, 0, 0.00, ''),
('010218051514727', 02, 13, 0, 0.00, ''),
('010218051514727', 02, 14, 2, 4.00, ''),
('010218051514727', 02, 15, 0, 0.00, ''),
('010218051514727', 02, 16, 0, 0.00, ''),
('010218051514727', 02, 17, 0, 0.00, ''),
('010218051514727', 02, 18, 0, 0.00, ''),
('010218051514727', 02, 19, 0, 0.00, ''),
('010218051514727', 02, 20, 0, 0.00, ''),
('010218051514727', 02, 21, 0, 39.00, ''),
('010218051514727', 02, 22, 3, 15.00, ''),
('010218051514727', 02, 23, 0, 0.00, ''),
('010218051514727', 02, 24, 0, 0.00, ''),
('010218051514727', 02, 25, 0, 0.00, ''),
('010218051514727', 02, 26, 0, 0.00, ''),
('010218051514727', 02, 27, 1, 12.00, ''),
('010218051514727', 02, 28, 0, 0.00, ''),
('010218051514727', 02, 29, 0, 0.00, ''),
('010218051514727', 02, 30, 0, 0.00, ''),
('010218051514727', 02, 31, 0, 0.00, ''),
('010218051514727', 02, 32, 0, 0.00, ''),
('010218051514727', 02, 33, 0, 0.00, ''),
('010218051514727', 02, 34, 0, 0.00, ''),
('010218051514727', 02, 35, 0, 0.00, ''),
('010218051514727', 02, 36, 0, 0.00, ''),
('010218051514727', 02, 37, 0, 0.00, ''),
('010218051514727', 02, 38, 0, 0.00, ''),
('010218051514727', 02, 39, 0, 0.00, ''),
('010218051514727', 02, 40, 0, 0.00, ''),
('010218051514727', 02, 41, 0, 0.00, ''),
('010218051514727', 02, 42, 0, 0.00, ''),
('010218051514727', 02, 43, 0, 0.00, ''),
('010218051514727', 02, 44, 0, 0.00, ''),
('010218051514727', 02, 45, 0, 0.00, ''),
('010218051514727', 02, 46, 1, 12.00, ''),
('010218051514727', 02, 47, 0, 0.00, ''),
('010218051514727', 02, 48, 0, 0.00, ''),
('010218051514727', 02, 49, 0, 0.00, ''),
('010218051514727', 02, 50, 0, 0.00, ''),
('010218051514727', 02, 51, 0, 0.00, ''),
('010218051514727', 02, 52, 0, 0.00, ''),
('010218051514727', 02, 53, 0, 0.00, ''),
('010218051514727', 02, 54, 0, 0.00, ''),
('010218051514727', 02, 55, 0, 0.00, ''),
('010218051514727', 02, 56, 0, 0.00, ''),
('010218051514727', 02, 57, 0, 0.00, ''),
('010218051514727', 02, 58, 0, 0.00, ''),
('010218051514727', 02, 59, 0, 0.00, ''),
('010218051514727', 02, 60, 0, 0.00, ''),
('010218051514727', 02, 61, 0, 0.00, ''),
('010218051514727', 02, 62, 0, 0.00, ''),
('010218051514727', 02, 63, 0, 0.00, ''),
('010218051514727', 02, 64, 0, 0.00, ''),
('010218051514727', 02, 65, 0, 0.00, ''),
('010218051514727', 02, 66, 0, 0.00, ''),
('010118050205748', 01, 1, 10, 61.60, ''),
('010118050205748', 01, 2, 10, 61.60, ''),
('010218050205748', 02, 3, 0, 0.00, ''),
('010218050205748', 02, 4, 0, 0.00, ''),
('010218050205748', 02, 5, 5, 87.00, ''),
('010218050205748', 02, 6, 0, 0.00, ''),
('010218050205748', 02, 7, 1, 15.00, ''),
('010218050205748', 02, 8, 0, 0.00, ''),
('010218050205748', 02, 9, 0, 0.00, ''),
('010218050205748', 02, 10, 4, 72.00, ''),
('010218050205748', 02, 11, 0, 0.00, ''),
('010218050205748', 02, 12, 0, 0.00, ''),
('010218050205748', 02, 13, 0, 0.00, ''),
('010218050205748', 02, 14, 0, 0.00, ''),
('010218050205748', 02, 15, 0, 0.00, ''),
('010218050205748', 02, 16, 0, 0.00, ''),
('010218050205748', 02, 17, 0, 0.00, ''),
('010218050205748', 02, 18, 0, 0.00, ''),
('010218050205748', 02, 19, 0, 0.00, ''),
('010218050205748', 02, 20, 0, 0.00, ''),
('010218050205748', 02, 21, 0, 0.00, ''),
('010218050205748', 02, 22, 0, 0.00, ''),
('010218050205748', 02, 23, 0, 0.00, ''),
('010218050205748', 02, 24, 0, 0.00, ''),
('010218050205748', 02, 25, 0, 0.00, ''),
('010218050205748', 02, 26, 0, 0.00, ''),
('010218050205748', 02, 27, 0, 0.00, ''),
('010218050205748', 02, 28, 0, 0.00, ''),
('010218050205748', 02, 29, 0, 0.00, ''),
('010218050205748', 02, 30, 0, 0.00, ''),
('010218050205748', 02, 31, 0, 0.00, ''),
('010218050205748', 02, 32, 0, 0.00, ''),
('010218050205748', 02, 33, 0, 0.00, ''),
('010218050205748', 02, 34, 0, 0.00, ''),
('010218050205748', 02, 35, 0, 0.00, ''),
('010218050205748', 02, 36, 0, 0.00, ''),
('010218050205748', 02, 37, 0, 0.00, ''),
('010218050205748', 02, 38, 0, 0.00, ''),
('010218050205748', 02, 39, 0, 0.00, ''),
('010218050205748', 02, 40, 0, 0.00, ''),
('010218050205748', 02, 41, 0, 0.00, ''),
('010218050205748', 02, 42, 0, 0.00, ''),
('010218050205748', 02, 43, 0, 0.00, ''),
('010218050205748', 02, 44, 0, 0.00, ''),
('010218050205748', 02, 45, 0, 0.00, ''),
('010218050205748', 02, 46, 0, 0.00, ''),
('010218050205748', 02, 47, 0, 0.00, ''),
('010218050205748', 02, 48, 0, 0.00, ''),
('010218050205748', 02, 49, 0, 0.00, ''),
('010218050205748', 02, 50, 0, 0.00, ''),
('010218050205748', 02, 51, 0, 0.00, ''),
('010218050205748', 02, 52, 0, 0.00, ''),
('010218050205748', 02, 53, 0, 0.00, ''),
('010218050205748', 02, 54, 0, 0.00, ''),
('010218050205748', 02, 55, 0, 0.00, ''),
('010218050205748', 02, 56, 0, 0.00, ''),
('010218050205748', 02, 57, 0, 0.00, ''),
('010218050205748', 02, 58, 0, 0.00, ''),
('010218050205748', 02, 59, 0, 0.00, ''),
('010218050205748', 02, 60, 0, 0.00, ''),
('010218050205748', 02, 61, 0, 0.00, ''),
('010218050205748', 02, 62, 0, 0.00, ''),
('010218050205748', 02, 63, 0, 0.00, ''),
('010218050205748', 02, 64, 0, 0.00, ''),
('010218050205748', 02, 65, 0, 0.00, ''),
('010218050205748', 02, 66, 0, 0.00, ''),
('010118052305734', 01, 1, 6, 57.20, ''),
('010118052305734', 01, 2, 6, 57.20, ''),
('010218052305734', 02, 3, 0, 0.00, ''),
('010218052305734', 02, 4, 0, 0.00, ''),
('010218052305734', 02, 5, 3, 60.00, ''),
('010218052305734', 02, 6, 0, 0.00, ''),
('010218052305734', 02, 7, 0, 0.00, ''),
('010218052305734', 02, 8, 0, 0.00, ''),
('010218052305734', 02, 9, 0, 0.00, ''),
('010218052305734', 02, 10, 3, 60.00, ''),
('010218052305734', 02, 11, 0, 0.00, ''),
('010218052305734', 02, 12, 0, 0.00, ''),
('010218052305734', 02, 13, 0, 0.00, ''),
('010218052305734', 02, 14, 0, 0.00, ''),
('010218052305734', 02, 15, 0, 0.00, ''),
('010218052305734', 02, 16, 0, 0.00, ''),
('010218052305734', 02, 17, 0, 0.00, ''),
('010218052305734', 02, 18, 0, 0.00, ''),
('010218052305734', 02, 19, 0, 0.00, ''),
('010218052305734', 02, 20, 0, 0.00, ''),
('010218052305734', 02, 21, 0, 153.00, ''),
('010218052305734', 02, 22, 3, 28.00, ''),
('010218052305734', 02, 23, 0, 0.00, ''),
('010218052305734', 02, 24, 0, 0.00, ''),
('010218052305734', 02, 25, 0, 0.00, ''),
('010218052305734', 02, 26, 0, 0.00, ''),
('010218052305734', 02, 27, 1, 8.00, ''),
('010218052305734', 02, 28, 0, 0.00, ''),
('010218052305734', 02, 29, 2, 16.00, ''),
('010218052305734', 02, 30, 0, 0.00, ''),
('010218052305734', 02, 31, 0, 0.00, ''),
('010218052305734', 02, 32, 0, 0.00, ''),
('010218052305734', 02, 33, 0, 0.00, ''),
('010218052305734', 02, 34, 0, 0.00, ''),
('010218052305734', 02, 35, 0, 0.00, ''),
('010218052305734', 02, 36, 1, 3.00, ''),
('010218052305734', 02, 37, 0, 0.00, ''),
('010218052305734', 02, 38, 3, 6.00, ''),
('010218052305734', 02, 39, 0, 0.00, ''),
('010218052305734', 02, 40, 0, 0.00, ''),
('010218052305734', 02, 41, 0, 0.00, ''),
('010218052305734', 02, 42, 5, 40.00, ''),
('010218052305734', 02, 43, 2, 16.00, ''),
('010218052305734', 02, 44, 0, 0.00, ''),
('010218052305734', 02, 45, 0, 0.00, ''),
('010218052305734', 02, 46, 2, 26.00, ''),
('010218052305734', 02, 47, 0, 0.00, ''),
('010218052305734', 02, 48, 0, 0.00, ''),
('010218052305734', 02, 49, 0, 0.00, ''),
('010218052305734', 02, 50, 0, 0.00, ''),
('010218052305734', 02, 51, 0, 0.00, ''),
('010218052305734', 02, 52, 1, 10.00, ''),
('010218052305734', 02, 53, 0, 0.00, ''),
('010218052305734', 02, 54, 0, 0.00, ''),
('010218052305734', 02, 55, 0, 0.00, ''),
('010218052305734', 02, 56, 0, 0.00, ''),
('010218052305734', 02, 57, 0, 0.00, ''),
('010218052305734', 02, 58, 0, 0.00, ''),
('010218052305734', 02, 59, 0, 0.00, ''),
('010218052305734', 02, 60, 0, 0.00, ''),
('010218052305734', 02, 61, 0, 0.00, ''),
('010218052305734', 02, 62, 0, 0.00, ''),
('010218052305734', 02, 63, 0, 0.00, ''),
('010218052305734', 02, 64, 0, 0.00, ''),
('010218052305734', 02, 65, 0, 0.00, ''),
('010218052305734', 02, 66, 0, 0.00, ''),
('010118051905790', 01, 1, 5, 8.00, ''),
('010118051905790', 01, 2, 5, 8.00, ''),
('010218051905790', 02, 3, 0, 0.00, ''),
('010218051905790', 02, 4, 0, 0.00, ''),
('010218051905790', 02, 5, 2, 40.00, ''),
('010218051905790', 02, 6, 0, 0.00, ''),
('010218051905790', 02, 7, 0, 0.00, ''),
('010218051905790', 02, 8, 0, 0.00, ''),
('010218051905790', 02, 9, 0, 0.00, ''),
('010218051905790', 02, 10, 2, 40.00, ''),
('010218051905790', 02, 11, 0, 0.00, ''),
('010218051905790', 02, 12, 0, 0.00, ''),
('010218051905790', 02, 13, 0, 0.00, ''),
('010218051905790', 02, 14, 0, 0.00, ''),
('010218051905790', 02, 15, 0, 0.00, ''),
('010218051905790', 02, 16, 0, 0.00, ''),
('010218051905790', 02, 17, 0, 0.00, ''),
('010218051905790', 02, 18, 0, 0.00, ''),
('010218051905790', 02, 19, 0, 0.00, ''),
('010218051905790', 02, 20, 0, 0.00, ''),
('010218051905790', 02, 21, 0, 105.00, ''),
('010218051905790', 02, 22, 1, 8.00, ''),
('010218051905790', 02, 23, 0, 0.00, ''),
('010218051905790', 02, 24, 0, 0.00, ''),
('010218051905790', 02, 25, 0, 0.00, ''),
('010218051905790', 02, 26, 0, 0.00, ''),
('010218051905790', 02, 27, 2, 16.00, ''),
('010218051905790', 02, 28, 1, 20.00, ''),
('010218051905790', 02, 29, 1, 8.00, ''),
('010218051905790', 02, 30, 0, 0.00, ''),
('010218051905790', 02, 31, 0, 0.00, ''),
('010218051905790', 02, 32, 0, 0.00, ''),
('010218051905790', 02, 33, 0, 0.00, ''),
('010218051905790', 02, 34, 0, 0.00, ''),
('010218051905790', 02, 35, 0, 0.00, ''),
('010218051905790', 02, 36, 3, 9.00, ''),
('010218051905790', 02, 37, 0, 0.00, ''),
('010218051905790', 02, 38, 0, 0.00, ''),
('010218051905790', 02, 39, 0, 0.00, ''),
('010218051905790', 02, 40, 0, 0.00, ''),
('010218051905790', 02, 41, 0, 0.00, ''),
('010218051905790', 02, 42, 0, 0.00, ''),
('010218051905790', 02, 43, 1, 8.00, ''),
('010218051905790', 02, 44, 0, 0.00, ''),
('010218051905790', 02, 45, 0, 0.00, ''),
('010218051905790', 02, 46, 3, 24.00, ''),
('010218051905790', 02, 47, 0, 0.00, ''),
('010218051905790', 02, 48, 0, 0.00, ''),
('010218051905790', 02, 49, 0, 0.00, ''),
('010218051905790', 02, 50, 0, 0.00, ''),
('010218051905790', 02, 51, 0, 0.00, ''),
('010218051905790', 02, 52, 1, 12.00, ''),
('010218051905790', 02, 53, 0, 0.00, ''),
('010218051905790', 02, 54, 0, 0.00, ''),
('010218051905790', 02, 55, 0, 0.00, ''),
('010218051905790', 02, 56, 0, 0.00, ''),
('010218051905790', 02, 57, 0, 0.00, ''),
('010218051905790', 02, 58, 0, 0.00, ''),
('010218051905790', 02, 59, 0, 0.00, ''),
('010218051905790', 02, 60, 0, 0.00, ''),
('010218051905790', 02, 61, 0, 0.00, ''),
('010218051905790', 02, 62, 0, 0.00, ''),
('010218051905790', 02, 63, 0, 0.00, ''),
('010218051905790', 02, 64, 0, 0.00, ''),
('010218051905790', 02, 65, 0, 0.00, ''),
('010218051905790', 02, 66, 0, 0.00, ''),
('010118052105790', 01, 1, 13, 39.80, ''),
('010118052105790', 01, 2, 13, 39.80, ''),
('010218052105790', 02, 3, 0, 0.00, ''),
('010218052105790', 02, 4, 0, 0.00, ''),
('010218052105790', 02, 5, 0, 0.00, ''),
('010218052105790', 02, 6, 0, 0.00, ''),
('010218052105790', 02, 7, 0, 0.00, ''),
('010218052105790', 02, 8, 0, 0.00, ''),
('010218052105790', 02, 9, 0, 0.00, ''),
('010218052105790', 02, 10, 0, 0.00, ''),
('010218052105790', 02, 11, 0, 0.00, ''),
('010218052105790', 02, 12, 0, 0.00, ''),
('010218052105790', 02, 13, 0, 0.00, ''),
('010218052105790', 02, 14, 0, 0.00, ''),
('010218052105790', 02, 15, 0, 0.00, ''),
('010218052105790', 02, 16, 0, 0.00, ''),
('010218052105790', 02, 17, 0, 0.00, ''),
('010218052105790', 02, 18, 0, 0.00, ''),
('010218052105790', 02, 19, 0, 0.00, ''),
('010218052105790', 02, 20, 0, 0.00, ''),
('010218052105790', 02, 21, 0, 154.00, ''),
('010218052105790', 02, 22, 2, 16.00, ''),
('010218052105790', 02, 23, 0, 0.00, ''),
('010218052105790', 02, 24, 0, 0.00, ''),
('010218052105790', 02, 25, 0, 0.00, ''),
('010218052105790', 02, 26, 0, 0.00, ''),
('010218052105790', 02, 27, 2, 16.00, ''),
('010218052105790', 02, 28, 2, 30.00, ''),
('010218052105790', 02, 29, 1, 8.00, ''),
('010218052105790', 02, 30, 0, 0.00, ''),
('010218052105790', 02, 31, 0, 0.00, ''),
('010218052105790', 02, 32, 0, 0.00, ''),
('010218052105790', 02, 33, 0, 0.00, ''),
('010218052105790', 02, 34, 0, 0.00, ''),
('010218052105790', 02, 35, 0, 0.00, ''),
('010218052105790', 02, 36, 0, 0.00, ''),
('010218052105790', 02, 37, 0, 0.00, ''),
('010218052105790', 02, 38, 1, 2.00, ''),
('010218052105790', 02, 39, 0, 0.00, ''),
('010218052105790', 02, 40, 0, 0.00, ''),
('010218052105790', 02, 41, 0, 0.00, ''),
('010218052105790', 02, 42, 0, 0.00, ''),
('010218052105790', 02, 43, 4, 44.00, ''),
('010218052105790', 02, 44, 0, 0.00, ''),
('010218052105790', 02, 45, 0, 0.00, ''),
('010218052105790', 02, 46, 2, 38.00, ''),
('010218052105790', 02, 47, 0, 0.00, ''),
('010218052105790', 02, 48, 0, 0.00, ''),
('010218052105790', 02, 49, 0, 0.00, ''),
('010218052105790', 02, 50, 0, 0.00, ''),
('010218052105790', 02, 51, 0, 0.00, ''),
('010218052105790', 02, 52, 0, 0.00, ''),
('010218052105790', 02, 53, 0, 0.00, ''),
('010218052105790', 02, 54, 0, 0.00, ''),
('010218052105790', 02, 55, 0, 0.00, ''),
('010218052105790', 02, 56, 0, 0.00, ''),
('010218052105790', 02, 57, 0, 0.00, ''),
('010218052105790', 02, 58, 0, 0.00, ''),
('010218052105790', 02, 59, 0, 0.00, ''),
('010218052105790', 02, 60, 0, 0.00, ''),
('010218052105790', 02, 61, 0, 0.00, ''),
('010218052105790', 02, 62, 0, 0.00, ''),
('010218052105790', 02, 63, 0, 0.00, ''),
('010218052105790', 02, 64, 0, 0.00, ''),
('010218052105790', 02, 65, 0, 0.00, ''),
('010218052105790', 02, 66, 0, 0.00, ''),
('010118051105825', 01, 1, 5, 10.00, ''),
('010118051105825', 01, 2, 5, 10.00, ''),
('010218051105825', 02, 3, 0, 0.00, ''),
('010218051105825', 02, 4, 0, 0.00, ''),
('010218051105825', 02, 5, 0, 0.00, ''),
('010218051105825', 02, 6, 0, 0.00, ''),
('010218051105825', 02, 7, 0, 0.00, ''),
('010218051105825', 02, 8, 0, 0.00, ''),
('010218051105825', 02, 9, 0, 0.00, ''),
('010218051105825', 02, 10, 0, 0.00, ''),
('010218051105825', 02, 11, 0, 0.00, ''),
('010218051105825', 02, 12, 0, 0.00, ''),
('010218051105825', 02, 13, 0, 0.00, ''),
('010218051105825', 02, 14, 0, 0.00, ''),
('010218051105825', 02, 15, 0, 0.00, ''),
('010218051105825', 02, 16, 0, 0.00, ''),
('010218051105825', 02, 17, 0, 0.00, ''),
('010218051105825', 02, 18, 0, 0.00, ''),
('010218051105825', 02, 19, 0, 0.00, ''),
('010218051105825', 02, 20, 0, 0.00, ''),
('010218051105825', 02, 21, 0, 17.00, ''),
('010218051105825', 02, 22, 2, 10.00, ''),
('010218051105825', 02, 23, 0, 0.00, ''),
('010218051105825', 02, 24, 0, 0.00, ''),
('010218051105825', 02, 25, 0, 0.00, ''),
('010218051105825', 02, 26, 0, 0.00, ''),
('010218051105825', 02, 27, 1, 5.00, ''),
('010218051105825', 02, 28, 0, 0.00, ''),
('010218051105825', 02, 29, 0, 0.00, ''),
('010218051105825', 02, 30, 0, 0.00, ''),
('010218051105825', 02, 31, 0, 0.00, ''),
('010218051105825', 02, 32, 0, 0.00, ''),
('010218051105825', 02, 33, 0, 0.00, ''),
('010218051105825', 02, 34, 0, 0.00, ''),
('010218051105825', 02, 35, 0, 0.00, ''),
('010218051105825', 02, 36, 2, 2.00, ''),
('010218051105825', 02, 37, 0, 0.00, ''),
('010218051105825', 02, 38, 0, 0.00, ''),
('010218051105825', 02, 39, 0, 0.00, ''),
('010218051105825', 02, 40, 0, 0.00, ''),
('010218051105825', 02, 41, 0, 0.00, ''),
('010218051105825', 02, 42, 0, 0.00, ''),
('010218051105825', 02, 43, 0, 0.00, ''),
('010218051105825', 02, 44, 0, 0.00, ''),
('010218051105825', 02, 45, 0, 0.00, ''),
('010218051105825', 02, 46, 0, 0.00, ''),
('010218051105825', 02, 47, 0, 0.00, ''),
('010218051105825', 02, 48, 0, 0.00, ''),
('010218051105825', 02, 49, 0, 0.00, ''),
('010218051105825', 02, 50, 0, 0.00, ''),
('010218051105825', 02, 51, 0, 0.00, ''),
('010218051105825', 02, 52, 0, 0.00, ''),
('010218051105825', 02, 53, 0, 0.00, ''),
('010218051105825', 02, 54, 0, 0.00, ''),
('010218051105825', 02, 55, 0, 0.00, ''),
('010218051105825', 02, 56, 0, 0.00, ''),
('010218051105825', 02, 57, 0, 0.00, ''),
('010218051105825', 02, 58, 0, 0.00, ''),
('010218051105825', 02, 59, 0, 0.00, ''),
('010218051105825', 02, 60, 0, 0.00, ''),
('010218051105825', 02, 61, 0, 0.00, ''),
('010218051105825', 02, 62, 0, 0.00, ''),
('010218051105825', 02, 63, 0, 0.00, ''),
('010218051105825', 02, 64, 0, 0.00, ''),
('010218051105825', 02, 65, 0, 0.00, ''),
('010218051105825', 02, 66, 0, 0.00, ''),
('010118052205790', 01, 1, 15, 37.60, ''),
('010118052205790', 01, 2, 15, 37.60, ''),
('010218052205790', 02, 3, 0, 0.00, ''),
('010218052205790', 02, 4, 0, 0.00, ''),
('010218052205790', 02, 5, 2, 40.00, ''),
('010218052205790', 02, 6, 0, 0.00, ''),
('010218052205790', 02, 7, 0, 0.00, ''),
('010218052205790', 02, 8, 0, 0.00, ''),
('010218052205790', 02, 9, 0, 0.00, ''),
('010218052205790', 02, 10, 2, 40.00, ''),
('010218052205790', 02, 11, 0, 0.00, ''),
('010218052205790', 02, 12, 0, 0.00, ''),
('010218052205790', 02, 13, 0, 0.00, ''),
('010218052205790', 02, 14, 0, 0.00, ''),
('010218052205790', 02, 15, 0, 0.00, ''),
('010218052205790', 02, 16, 0, 0.00, ''),
('010218052205790', 02, 17, 0, 0.00, ''),
('010218052205790', 02, 18, 0, 0.00, ''),
('010218052205790', 02, 19, 0, 0.00, ''),
('010218052205790', 02, 20, 0, 0.00, ''),
('010218052205790', 02, 21, 0, 72.00, ''),
('010218052205790', 02, 22, 2, 16.00, ''),
('010218052205790', 02, 23, 0, 0.00, ''),
('010218052205790', 02, 24, 0, 0.00, ''),
('010218052205790', 02, 25, 0, 0.00, ''),
('010218052205790', 02, 26, 0, 0.00, ''),
('010218052205790', 02, 27, 0, 0.00, ''),
('010218052205790', 02, 28, 0, 0.00, ''),
('010218052205790', 02, 29, 0, 0.00, ''),
('010218052205790', 02, 30, 0, 0.00, ''),
('010218052205790', 02, 31, 0, 0.00, ''),
('010218052205790', 02, 32, 0, 0.00, ''),
('010218052205790', 02, 33, 0, 0.00, ''),
('010218052205790', 02, 34, 0, 0.00, ''),
('010218052205790', 02, 35, 0, 0.00, ''),
('010218052205790', 02, 36, 0, 0.00, ''),
('010218052205790', 02, 37, 0, 0.00, ''),
('010218052205790', 02, 38, 0, 0.00, ''),
('010218052205790', 02, 39, 0, 0.00, ''),
('010218052205790', 02, 40, 0, 0.00, ''),
('010218052205790', 02, 41, 0, 0.00, ''),
('010218052205790', 02, 42, 0, 0.00, ''),
('010218052205790', 02, 43, 2, 16.00, ''),
('010218052205790', 02, 44, 0, 0.00, ''),
('010218052205790', 02, 45, 0, 0.00, ''),
('010218052205790', 02, 46, 4, 40.00, ''),
('010218052205790', 02, 47, 0, 0.00, ''),
('010218052205790', 02, 48, 0, 0.00, ''),
('010218052205790', 02, 49, 0, 0.00, ''),
('010218052205790', 02, 50, 0, 0.00, ''),
('010218052205790', 02, 51, 0, 0.00, ''),
('010218052205790', 02, 52, 0, 0.00, ''),
('010218052205790', 02, 53, 0, 0.00, ''),
('010218052205790', 02, 54, 0, 0.00, ''),
('010218052205790', 02, 55, 0, 0.00, ''),
('010218052205790', 02, 56, 0, 0.00, ''),
('010218052205790', 02, 57, 0, 0.00, ''),
('010218052205790', 02, 58, 0, 0.00, ''),
('010218052205790', 02, 59, 0, 0.00, ''),
('010218052205790', 02, 60, 0, 0.00, ''),
('010218052205790', 02, 61, 0, 0.00, ''),
('010218052205790', 02, 62, 0, 0.00, ''),
('010218052205790', 02, 63, 0, 0.00, ''),
('010218052205790', 02, 64, 0, 0.00, ''),
('010218052205790', 02, 65, 0, 0.00, ''),
('010218052205790', 02, 66, 0, 0.00, ''),
('010118051005814', 01, 1, 30, 159.70, ''),
('010118051005814', 01, 2, 30, 159.70, ''),
('010218051005814', 02, 3, 0, 0.00, ''),
('010218051005814', 02, 4, 0, 0.00, ''),
('010218051005814', 02, 5, 13, 118.00, ''),
('010218051005814', 02, 6, 0, 0.00, ''),
('010218051005814', 02, 7, 0, 0.00, ''),
('010218051005814', 02, 8, 0, 0.00, ''),
('010218051005814', 02, 9, 0, 0.00, ''),
('010218051005814', 02, 10, 5, 100.00, ''),
('010218051005814', 02, 11, 0, 0.00, ''),
('010218051005814', 02, 12, 0, 0.00, ''),
('010218051005814', 02, 13, 0, 0.00, ''),
('010218051005814', 02, 14, 8, 18.00, ''),
('010218051005814', 02, 15, 0, 0.00, ''),
('010218051005814', 02, 16, 0, 0.00, ''),
('010218051005814', 02, 17, 0, 0.00, ''),
('010218051005814', 02, 18, 0, 0.00, ''),
('010218051005814', 02, 19, 0, 0.00, ''),
('010218051005814', 02, 20, 0, 0.00, ''),
('010218051005814', 02, 21, 0, 234.00, ''),
('010218051005814', 02, 22, 11, 59.00, ''),
('010218051005814', 02, 23, 0, 0.00, ''),
('010218051005814', 02, 24, 0, 0.00, ''),
('010218051005814', 02, 25, 0, 0.00, ''),
('010218051005814', 02, 26, 0, 0.00, ''),
('010218051005814', 02, 27, 0, 0.00, ''),
('010218051005814', 02, 28, 0, 0.00, ''),
('010218051005814', 02, 29, 3, 15.00, ''),
('010218051005814', 02, 30, 9, 63.00, ''),
('010218051005814', 02, 31, 1, 6.00, ''),
('010218051005814', 02, 32, 0, 0.00, ''),
('010218051005814', 02, 33, 0, 0.00, ''),
('010218051005814', 02, 34, 0, 0.00, ''),
('010218051005814', 02, 35, 0, 0.00, ''),
('010218051005814', 02, 36, 15, 21.00, ''),
('010218051005814', 02, 37, 1, 5.00, ''),
('010218051005814', 02, 38, 1, 1.00, ''),
('010218051005814', 02, 39, 0, 0.00, ''),
('010218051005814', 02, 40, 0, 0.00, ''),
('010218051005814', 02, 41, 0, 0.00, ''),
('010218051005814', 02, 42, 3, 15.00, ''),
('010218051005814', 02, 43, 0, 0.00, ''),
('010218051005814', 02, 44, 0, 0.00, ''),
('010218051005814', 02, 45, 0, 0.00, ''),
('010218051005814', 02, 46, 3, 49.00, ''),
('010218051005814', 02, 47, 0, 0.00, ''),
('010218051005814', 02, 48, 0, 0.00, ''),
('010218051005814', 02, 49, 0, 0.00, ''),
('010218051005814', 02, 50, 0, 0.00, ''),
('010218051005814', 02, 51, 0, 0.00, ''),
('010218051005814', 02, 52, 0, 0.00, ''),
('010218051005814', 02, 53, 0, 0.00, ''),
('010218051005814', 02, 54, 0, 0.00, ''),
('010218051005814', 02, 55, 0, 0.00, ''),
('010218051005814', 02, 56, 0, 0.00, ''),
('010218051005814', 02, 57, 0, 0.00, ''),
('010218051005814', 02, 58, 0, 0.00, ''),
('010218051005814', 02, 59, 0, 0.00, ''),
('010218051005814', 02, 60, 0, 0.00, ''),
('010218051005814', 02, 61, 0, 0.00, ''),
('010218051005814', 02, 62, 0, 0.00, ''),
('010218051005814', 02, 63, 0, 0.00, ''),
('010218051005814', 02, 64, 0, 0.00, ''),
('010218051005814', 02, 65, 0, 0.00, ''),
('010218051005814', 02, 66, 0, 0.00, ''),
('010118050305824', 01, 1, 5, 54.50, ''),
('010118050305824', 01, 2, 5, 54.50, ''),
('010218050305824', 02, 3, 0, 0.00, ''),
('010218050305824', 02, 4, 0, 0.00, ''),
('010218050305824', 02, 5, 0, 0.00, ''),
('010218050305824', 02, 6, 0, 0.00, ''),
('010218050305824', 02, 7, 0, 0.00, ''),
('010218050305824', 02, 8, 0, 0.00, ''),
('010218050305824', 02, 9, 0, 0.00, ''),
('010218050305824', 02, 10, 0, 0.00, ''),
('010218050305824', 02, 11, 0, 0.00, ''),
('010218050305824', 02, 12, 0, 0.00, ''),
('010218050305824', 02, 13, 0, 0.00, ''),
('010218050305824', 02, 14, 0, 0.00, ''),
('010218050305824', 02, 15, 0, 0.00, ''),
('010218050305824', 02, 16, 0, 0.00, ''),
('010218050305824', 02, 17, 0, 0.00, ''),
('010218050305824', 02, 18, 0, 0.00, ''),
('010218050305824', 02, 19, 0, 0.00, ''),
('010218050305824', 02, 20, 0, 0.00, ''),
('010218050305824', 02, 21, 0, 38.00, ''),
('010218050305824', 02, 22, 4, 24.00, ''),
('010218050305824', 02, 23, 0, 0.00, ''),
('010218050305824', 02, 24, 0, 0.00, ''),
('010218050305824', 02, 25, 0, 0.00, ''),
('010218050305824', 02, 26, 0, 0.00, ''),
('010218050305824', 02, 27, 0, 0.00, ''),
('010218050305824', 02, 28, 0, 0.00, ''),
('010218050305824', 02, 29, 1, 5.00, ''),
('010218050305824', 02, 30, 0, 0.00, ''),
('010218050305824', 02, 31, 0, 0.00, ''),
('010218050305824', 02, 32, 0, 0.00, ''),
('010218050305824', 02, 33, 0, 0.00, ''),
('010218050305824', 02, 34, 0, 0.00, ''),
('010218050305824', 02, 35, 0, 0.00, ''),
('010218050305824', 02, 36, 3, 3.00, ''),
('010218050305824', 02, 37, 0, 0.00, ''),
('010218050305824', 02, 38, 0, 0.00, ''),
('010218050305824', 02, 39, 0, 0.00, ''),
('010218050305824', 02, 40, 0, 0.00, ''),
('010218050305824', 02, 41, 0, 0.00, ''),
('010218050305824', 02, 42, 0, 0.00, ''),
('010218050305824', 02, 43, 0, 0.00, ''),
('010218050305824', 02, 44, 0, 0.00, ''),
('010218050305824', 02, 45, 0, 0.00, ''),
('010218050305824', 02, 46, 1, 6.00, ''),
('010218050305824', 02, 47, 0, 0.00, ''),
('010218050305824', 02, 48, 0, 0.00, ''),
('010218050305824', 02, 49, 0, 0.00, ''),
('010218050305824', 02, 50, 0, 0.00, ''),
('010218050305824', 02, 51, 0, 0.00, ''),
('010218050305824', 02, 52, 0, 0.00, ''),
('010218050305824', 02, 53, 0, 0.00, ''),
('010218050305824', 02, 54, 0, 0.00, ''),
('010218050305824', 02, 55, 0, 0.00, ''),
('010218050305824', 02, 56, 0, 0.00, ''),
('010218050305824', 02, 57, 0, 0.00, ''),
('010218050305824', 02, 58, 0, 0.00, ''),
('010218050305824', 02, 59, 0, 0.00, ''),
('010218050305824', 02, 60, 0, 0.00, ''),
('010218050305824', 02, 61, 0, 0.00, ''),
('010218050305824', 02, 62, 0, 0.00, ''),
('010218050305824', 02, 63, 0, 0.00, ''),
('010218050305824', 02, 64, 0, 0.00, ''),
('010218050305824', 02, 65, 0, 0.00, ''),
('010218050305824', 02, 66, 0, 0.00, ''),
('010118052405737', 01, 1, 2, 27.10, ''),
('010118052405737', 01, 2, 2, 27.10, ''),
('010218052405737', 02, 3, 0, 0.00, ''),
('010218052405737', 02, 4, 0, 0.00, ''),
('010218052405737', 02, 5, 4, 80.00, ''),
('010218052405737', 02, 6, 0, 0.00, ''),
('010218052405737', 02, 7, 0, 0.00, ''),
('010218052405737', 02, 8, 0, 0.00, ''),
('010218052405737', 02, 9, 0, 0.00, ''),
('010218052405737', 02, 10, 4, 80.00, ''),
('010218052405737', 02, 11, 0, 0.00, ''),
('010218052405737', 02, 12, 0, 0.00, ''),
('010218052405737', 02, 13, 0, 0.00, ''),
('010218052405737', 02, 14, 0, 0.00, ''),
('010218052405737', 02, 15, 0, 0.00, ''),
('010218052405737', 02, 16, 0, 0.00, ''),
('010218052405737', 02, 17, 0, 0.00, ''),
('010218052405737', 02, 18, 0, 0.00, ''),
('010218052405737', 02, 19, 0, 0.00, ''),
('010218052405737', 02, 20, 0, 0.00, ''),
('010218052405737', 02, 21, 0, 115.00, ''),
('010218052405737', 02, 22, 2, 24.00, ''),
('010218052405737', 02, 23, 0, 0.00, ''),
('010218052405737', 02, 24, 0, 0.00, ''),
('010218052405737', 02, 25, 0, 0.00, ''),
('010218052405737', 02, 26, 0, 0.00, ''),
('010218052405737', 02, 27, 1, 12.00, ''),
('010218052405737', 02, 28, 0, 0.00, ''),
('010218052405737', 02, 29, 1, 12.00, ''),
('010218052405737', 02, 30, 0, 0.00, ''),
('010218052405737', 02, 31, 0, 0.00, ''),
('010218052405737', 02, 32, 0, 0.00, ''),
('010218052405737', 02, 33, 0, 0.00, ''),
('010218052405737', 02, 34, 0, 0.00, ''),
('010218052405737', 02, 35, 0, 0.00, ''),
('010218052405737', 02, 36, 1, 3.00, ''),
('010218052405737', 02, 37, 0, 0.00, ''),
('010218052405737', 02, 38, 0, 0.00, ''),
('010218052405737', 02, 39, 0, 0.00, ''),
('010218052405737', 02, 40, 0, 0.00, ''),
('010218052405737', 02, 41, 0, 0.00, ''),
('010218052405737', 02, 42, 0, 0.00, ''),
('010218052405737', 02, 43, 0, 0.00, ''),
('010218052405737', 02, 44, 0, 0.00, ''),
('010218052405737', 02, 45, 0, 0.00, ''),
('010218052405737', 02, 46, 5, 64.00, ''),
('010218052405737', 02, 47, 0, 0.00, ''),
('010218052405737', 02, 48, 0, 0.00, ''),
('010218052405737', 02, 49, 0, 0.00, ''),
('010218052405737', 02, 50, 0, 0.00, ''),
('010218052405737', 02, 51, 0, 0.00, ''),
('010218052405737', 02, 52, 0, 0.00, ''),
('010218052405737', 02, 53, 0, 0.00, ''),
('010218052405737', 02, 54, 0, 0.00, ''),
('010218052405737', 02, 55, 0, 0.00, ''),
('010218052405737', 02, 56, 0, 0.00, ''),
('010218052405737', 02, 57, 0, 0.00, ''),
('010218052405737', 02, 58, 0, 0.00, ''),
('010218052405737', 02, 59, 0, 0.00, ''),
('010218052405737', 02, 60, 0, 0.00, ''),
('010218052405737', 02, 61, 0, 0.00, ''),
('010218052405737', 02, 62, 0, 0.00, ''),
('010218052405737', 02, 63, 0, 0.00, ''),
('010218052405737', 02, 64, 0, 0.00, ''),
('010218052405737', 02, 65, 0, 0.00, ''),
('010218052405737', 02, 66, 0, 0.00, ''),
('010118051105814', 01, 1, 23, 182.80, ''),
('010118051105814', 01, 2, 23, 182.80, ''),
('010218051105814', 02, 3, 0, 0.00, ''),
('010218051105814', 02, 4, 0, 0.00, ''),
('010218051105814', 02, 5, 4, 8.00, ''),
('010218051105814', 02, 6, 0, 0.00, ''),
('010218051105814', 02, 7, 0, 0.00, ''),
('010218051105814', 02, 8, 0, 0.00, ''),
('010218051105814', 02, 9, 0, 0.00, ''),
('010218051105814', 02, 10, 0, 0.00, ''),
('010218051105814', 02, 11, 0, 0.00, ''),
('010218051105814', 02, 12, 0, 0.00, ''),
('010218051105814', 02, 13, 0, 0.00, ''),
('010218051105814', 02, 14, 4, 8.00, ''),
('010218051105814', 02, 15, 0, 0.00, ''),
('010218051105814', 02, 16, 0, 0.00, ''),
('010218051105814', 02, 17, 0, 0.00, ''),
('010218051105814', 02, 18, 0, 0.00, ''),
('010218051105814', 02, 19, 0, 0.00, ''),
('010218051105814', 02, 20, 0, 0.00, ''),
('010218051105814', 02, 21, 0, 327.00, ''),
('010218051105814', 02, 22, 11, 55.00, ''),
('010218051105814', 02, 23, 0, 0.00, ''),
('010218051105814', 02, 24, 0, 0.00, ''),
('010218051105814', 02, 25, 0, 0.00, ''),
('010218051105814', 02, 26, 0, 0.00, ''),
('010218051105814', 02, 27, 3, 15.00, ''),
('010218051105814', 02, 28, 1, 10.00, ''),
('010218051105814', 02, 29, 2, 10.00, ''),
('010218051105814', 02, 30, 20, 140.00, ''),
('010218051105814', 02, 31, 1, 10.00, ''),
('010218051105814', 02, 32, 0, 0.00, ''),
('010218051105814', 02, 33, 0, 0.00, ''),
('010218051105814', 02, 34, 0, 0.00, ''),
('010218051105814', 02, 35, 0, 0.00, ''),
('010218051105814', 02, 36, 14, 20.00, ''),
('010218051105814', 02, 37, 1, 5.00, ''),
('010218051105814', 02, 38, 0, 0.00, ''),
('010218051105814', 02, 39, 0, 0.00, ''),
('010218051105814', 02, 40, 3, 30.00, ''),
('010218051105814', 02, 41, 0, 0.00, ''),
('010218051105814', 02, 42, 3, 15.00, ''),
('010218051105814', 02, 43, 0, 0.00, ''),
('010218051105814', 02, 44, 0, 0.00, ''),
('010218051105814', 02, 45, 0, 0.00, ''),
('010218051105814', 02, 46, 3, 17.00, ''),
('010218051105814', 02, 47, 0, 0.00, ''),
('010218051105814', 02, 48, 0, 0.00, ''),
('010218051105814', 02, 49, 0, 0.00, ''),
('010218051105814', 02, 50, 0, 0.00, ''),
('010218051105814', 02, 51, 0, 0.00, ''),
('010218051105814', 02, 52, 0, 0.00, ''),
('010218051105814', 02, 53, 0, 0.00, ''),
('010218051105814', 02, 54, 0, 0.00, ''),
('010218051105814', 02, 55, 0, 0.00, ''),
('010218051105814', 02, 56, 0, 0.00, ''),
('010218051105814', 02, 57, 0, 0.00, ''),
('010218051105814', 02, 58, 0, 0.00, ''),
('010218051105814', 02, 59, 0, 0.00, ''),
('010218051105814', 02, 60, 0, 0.00, ''),
('010218051105814', 02, 61, 0, 0.00, ''),
('010218051105814', 02, 62, 0, 0.00, ''),
('010218051105814', 02, 63, 0, 0.00, ''),
('010218051105814', 02, 64, 0, 0.00, ''),
('010218051105814', 02, 65, 0, 0.00, ''),
('010218051105814', 02, 66, 0, 0.00, ''),
('010118052305764', 01, 1, 3, 7.30, ''),
('010118052305764', 01, 2, 3, 7.30, ''),
('010218052305764', 02, 3, 0, 0.00, ''),
('010218052305764', 02, 4, 0, 0.00, ''),
('010218052305764', 02, 5, 2, 22.00, ''),
('010218052305764', 02, 6, 0, 0.00, ''),
('010218052305764', 02, 7, 0, 0.00, ''),
('010218052305764', 02, 8, 0, 0.00, ''),
('010218052305764', 02, 9, 0, 0.00, ''),
('010218052305764', 02, 10, 1, 20.00, ''),
('010218052305764', 02, 11, 0, 0.00, ''),
('010218052305764', 02, 12, 0, 0.00, ''),
('010218052305764', 02, 13, 0, 0.00, ''),
('010218052305764', 02, 14, 1, 2.00, ''),
('010218052305764', 02, 15, 0, 0.00, ''),
('010218052305764', 02, 16, 0, 0.00, ''),
('010218052305764', 02, 17, 0, 0.00, ''),
('010218052305764', 02, 18, 0, 0.00, ''),
('010218052305764', 02, 19, 0, 0.00, ''),
('010218052305764', 02, 20, 0, 0.00, ''),
('010218052305764', 02, 21, 0, 100.00, ''),
('010218052305764', 02, 22, 1, 8.00, ''),
('010218052305764', 02, 23, 0, 0.00, ''),
('010218052305764', 02, 24, 0, 0.00, ''),
('010218052305764', 02, 25, 0, 0.00, ''),
('010218052305764', 02, 26, 0, 0.00, ''),
('010218052305764', 02, 27, 0, 0.00, ''),
('010218052305764', 02, 28, 0, 0.00, ''),
('010218052305764', 02, 29, 5, 40.00, ''),
('010218052305764', 02, 30, 0, 0.00, ''),
('010218052305764', 02, 31, 0, 0.00, ''),
('010218052305764', 02, 32, 0, 0.00, ''),
('010218052305764', 02, 33, 0, 0.00, ''),
('010218052305764', 02, 34, 0, 0.00, ''),
('010218052305764', 02, 35, 0, 0.00, ''),
('010218052305764', 02, 36, 0, 0.00, ''),
('010218052305764', 02, 37, 0, 0.00, ''),
('010218052305764', 02, 38, 0, 0.00, ''),
('010218052305764', 02, 39, 0, 0.00, ''),
('010218052305764', 02, 40, 0, 0.00, ''),
('010218052305764', 02, 41, 0, 0.00, ''),
('010218052305764', 02, 42, 3, 28.00, ''),
('010218052305764', 02, 43, 2, 16.00, ''),
('010218052305764', 02, 44, 1, 8.00, ''),
('010218052305764', 02, 45, 0, 0.00, ''),
('010218052305764', 02, 46, 0, 0.00, ''),
('010218052305764', 02, 47, 0, 0.00, ''),
('010218052305764', 02, 48, 0, 0.00, ''),
('010218052305764', 02, 49, 0, 0.00, ''),
('010218052305764', 02, 50, 0, 0.00, ''),
('010218052305764', 02, 51, 0, 0.00, ''),
('010218052305764', 02, 52, 0, 0.00, ''),
('010218052305764', 02, 53, 0, 0.00, ''),
('010218052305764', 02, 54, 0, 0.00, ''),
('010218052305764', 02, 55, 0, 0.00, ''),
('010218052305764', 02, 56, 0, 0.00, ''),
('010218052305764', 02, 57, 0, 0.00, ''),
('010218052305764', 02, 58, 0, 0.00, ''),
('010218052305764', 02, 59, 0, 0.00, ''),
('010218052305764', 02, 60, 0, 0.00, ''),
('010218052305764', 02, 61, 0, 0.00, ''),
('010218052305764', 02, 62, 0, 0.00, ''),
('010218052305764', 02, 63, 0, 0.00, ''),
('010218052305764', 02, 64, 0, 0.00, ''),
('010218052305764', 02, 65, 0, 0.00, ''),
('010218052305764', 02, 66, 0, 0.00, ''),
('010118051505815', 01, 1, 6, 14.10, ''),
('010118051505815', 01, 2, 6, 14.10, ''),
('010218051505815', 02, 3, 0, 0.00, ''),
('010218051505815', 02, 4, 0, 0.00, ''),
('010218051505815', 02, 5, 0, 0.00, ''),
('010218051505815', 02, 6, 0, 0.00, ''),
('010218051505815', 02, 7, 0, 0.00, ''),
('010218051505815', 02, 8, 0, 0.00, ''),
('010218051505815', 02, 9, 0, 0.00, ''),
('010218051505815', 02, 10, 0, 0.00, ''),
('010218051505815', 02, 11, 0, 0.00, ''),
('010218051505815', 02, 12, 0, 0.00, ''),
('010218051505815', 02, 13, 0, 0.00, ''),
('010218051505815', 02, 14, 0, 0.00, ''),
('010218051505815', 02, 15, 0, 0.00, ''),
('010218051505815', 02, 16, 0, 0.00, ''),
('010218051505815', 02, 17, 0, 0.00, ''),
('010218051505815', 02, 18, 0, 0.00, ''),
('010218051505815', 02, 19, 0, 0.00, ''),
('010218051505815', 02, 20, 0, 0.00, ''),
('010218051505815', 02, 21, 0, 57.00, ''),
('010218051505815', 02, 22, 5, 25.00, ''),
('010218051505815', 02, 23, 0, 0.00, ''),
('010218051505815', 02, 24, 0, 0.00, ''),
('010218051505815', 02, 25, 0, 0.00, ''),
('010218051505815', 02, 26, 0, 0.00, ''),
('010218051505815', 02, 27, 1, 5.00, ''),
('010218051505815', 02, 28, 0, 0.00, ''),
('010218051505815', 02, 29, 0, 0.00, ''),
('010218051505815', 02, 30, 0, 0.00, ''),
('010218051505815', 02, 31, 0, 0.00, ''),
('010218051505815', 02, 32, 0, 0.00, ''),
('010218051505815', 02, 33, 0, 0.00, ''),
('010218051505815', 02, 34, 0, 0.00, ''),
('010218051505815', 02, 35, 0, 0.00, ''),
('010218051505815', 02, 36, 0, 0.00, ''),
('010218051505815', 02, 37, 0, 0.00, ''),
('010218051505815', 02, 38, 0, 0.00, ''),
('010218051505815', 02, 39, 0, 0.00, ''),
('010218051505815', 02, 40, 0, 0.00, ''),
('010218051505815', 02, 41, 0, 0.00, ''),
('010218051505815', 02, 42, 0, 0.00, ''),
('010218051505815', 02, 43, 0, 0.00, ''),
('010218051505815', 02, 44, 0, 0.00, ''),
('010218051505815', 02, 45, 0, 0.00, ''),
('010218051505815', 02, 46, 1, 27.00, ''),
('010218051505815', 02, 47, 0, 0.00, ''),
('010218051505815', 02, 48, 0, 0.00, ''),
('010218051505815', 02, 49, 0, 0.00, ''),
('010218051505815', 02, 50, 0, 0.00, ''),
('010218051505815', 02, 51, 0, 0.00, ''),
('010218051505815', 02, 52, 0, 0.00, ''),
('010218051505815', 02, 53, 0, 0.00, ''),
('010218051505815', 02, 54, 0, 0.00, ''),
('010218051505815', 02, 55, 0, 0.00, ''),
('010218051505815', 02, 56, 0, 0.00, ''),
('010218051505815', 02, 57, 0, 0.00, ''),
('010218051505815', 02, 58, 0, 0.00, ''),
('010218051505815', 02, 59, 0, 0.00, ''),
('010218051505815', 02, 60, 0, 0.00, ''),
('010218051505815', 02, 61, 0, 0.00, ''),
('010218051505815', 02, 62, 0, 0.00, ''),
('010218051505815', 02, 63, 0, 0.00, ''),
('010218051505815', 02, 64, 0, 0.00, ''),
('010218051505815', 02, 65, 0, 0.00, ''),
('010218051505815', 02, 66, 0, 0.00, ''),
('010118051905759', 01, 1, 3, 29.60, ''),
('010118051905759', 01, 2, 3, 29.60, ''),
('010218051905759', 02, 3, 0, 0.00, ''),
('010218051905759', 02, 4, 0, 0.00, ''),
('010218051905759', 02, 5, 4, 8.00, ''),
('010218051905759', 02, 6, 0, 0.00, ''),
('010218051905759', 02, 7, 0, 0.00, ''),
('010218051905759', 02, 8, 0, 0.00, ''),
('010218051905759', 02, 9, 0, 0.00, ''),
('010218051905759', 02, 10, 0, 0.00, ''),
('010218051905759', 02, 11, 0, 0.00, ''),
('010218051905759', 02, 12, 0, 0.00, ''),
('010218051905759', 02, 13, 0, 0.00, ''),
('010218051905759', 02, 14, 0, 0.00, ''),
('010218051905759', 02, 15, 0, 0.00, ''),
('010218051905759', 02, 16, 0, 0.00, ''),
('010218051905759', 02, 17, 4, 8.00, ''),
('010218051905759', 02, 18, 0, 0.00, ''),
('010218051905759', 02, 19, 0, 0.00, ''),
('010218051905759', 02, 20, 0, 0.00, ''),
('010218051905759', 02, 21, 0, 39.00, ''),
('010218051905759', 02, 22, 3, 28.00, ''),
('010218051905759', 02, 23, 0, 0.00, ''),
('010218051905759', 02, 24, 0, 0.00, ''),
('010218051905759', 02, 25, 0, 0.00, ''),
('010218051905759', 02, 26, 0, 0.00, ''),
('010218051905759', 02, 27, 0, 0.00, ''),
('010218051905759', 02, 28, 0, 0.00, ''),
('010218051905759', 02, 29, 0, 0.00, ''),
('010218051905759', 02, 30, 0, 0.00, ''),
('010218051905759', 02, 31, 0, 0.00, ''),
('010218051905759', 02, 32, 0, 0.00, ''),
('010218051905759', 02, 33, 0, 0.00, ''),
('010218051905759', 02, 34, 0, 0.00, ''),
('010218051905759', 02, 35, 0, 0.00, ''),
('010218051905759', 02, 36, 1, 3.00, ''),
('010218051905759', 02, 37, 0, 0.00, ''),
('010218051905759', 02, 38, 0, 0.00, ''),
('010218051905759', 02, 39, 0, 0.00, ''),
('010218051905759', 02, 40, 0, 0.00, ''),
('010218051905759', 02, 41, 0, 0.00, ''),
('010218051905759', 02, 42, 1, 8.00, ''),
('010218051905759', 02, 43, 0, 0.00, ''),
('010218051905759', 02, 44, 0, 0.00, ''),
('010218051905759', 02, 45, 0, 0.00, ''),
('010218051905759', 02, 46, 0, 0.00, ''),
('010218051905759', 02, 47, 0, 0.00, ''),
('010218051905759', 02, 48, 0, 0.00, ''),
('010218051905759', 02, 49, 0, 0.00, ''),
('010218051905759', 02, 50, 0, 0.00, ''),
('010218051905759', 02, 51, 0, 0.00, ''),
('010218051905759', 02, 52, 0, 0.00, ''),
('010218051905759', 02, 53, 0, 0.00, ''),
('010218051905759', 02, 54, 0, 0.00, ''),
('010218051905759', 02, 55, 0, 0.00, ''),
('010218051905759', 02, 56, 0, 0.00, ''),
('010218051905759', 02, 57, 0, 0.00, ''),
('010218051905759', 02, 58, 0, 0.00, ''),
('010218051905759', 02, 59, 0, 0.00, ''),
('010218051905759', 02, 60, 0, 0.00, ''),
('010218051905759', 02, 61, 0, 0.00, ''),
('010218051905759', 02, 62, 0, 0.00, ''),
('010218051905759', 02, 63, 0, 0.00, ''),
('010218051905759', 02, 64, 0, 0.00, ''),
('010218051905759', 02, 65, 0, 0.00, ''),
('010218051905759', 02, 66, 0, 0.00, ''),
('010118052105759', 01, 1, 2, 15.60, ''),
('010118052105759', 01, 2, 2, 15.60, ''),
('010218052105759', 02, 3, 0, 0.00, ''),
('010218052105759', 02, 4, 0, 0.00, ''),
('010218052105759', 02, 5, 0, 0.00, ''),
('010218052105759', 02, 6, 0, 0.00, ''),
('010218052105759', 02, 7, 0, 0.00, ''),
('010218052105759', 02, 8, 0, 0.00, ''),
('010218052105759', 02, 9, 0, 0.00, ''),
('010218052105759', 02, 10, 0, 0.00, ''),
('010218052105759', 02, 11, 0, 0.00, ''),
('010218052105759', 02, 12, 0, 0.00, ''),
('010218052105759', 02, 13, 0, 0.00, ''),
('010218052105759', 02, 14, 0, 0.00, ''),
('010218052105759', 02, 15, 0, 0.00, ''),
('010218052105759', 02, 16, 0, 0.00, ''),
('010218052105759', 02, 17, 0, 0.00, ''),
('010218052105759', 02, 18, 0, 0.00, ''),
('010218052105759', 02, 19, 0, 0.00, ''),
('010218052105759', 02, 20, 0, 0.00, ''),
('010218052105759', 02, 21, 0, 19.00, ''),
('010218052105759', 02, 22, 0, 0.00, ''),
('010218052105759', 02, 23, 0, 0.00, ''),
('010218052105759', 02, 24, 0, 0.00, ''),
('010218052105759', 02, 25, 0, 0.00, ''),
('010218052105759', 02, 26, 0, 0.00, ''),
('010218052105759', 02, 27, 0, 0.00, ''),
('010218052105759', 02, 28, 0, 0.00, ''),
('010218052105759', 02, 29, 0, 0.00, ''),
('010218052105759', 02, 30, 0, 0.00, ''),
('010218052105759', 02, 31, 0, 0.00, ''),
('010218052105759', 02, 32, 0, 0.00, ''),
('010218052105759', 02, 33, 0, 0.00, ''),
('010218052105759', 02, 34, 0, 0.00, ''),
('010218052105759', 02, 35, 0, 0.00, ''),
('010218052105759', 02, 36, 1, 3.00, ''),
('010218052105759', 02, 37, 0, 0.00, ''),
('010218052105759', 02, 38, 0, 0.00, ''),
('010218052105759', 02, 39, 0, 0.00, ''),
('010218052105759', 02, 40, 0, 0.00, ''),
('010218052105759', 02, 41, 0, 0.00, ''),
('010218052105759', 02, 42, 1, 8.00, ''),
('010218052105759', 02, 43, 1, 8.00, ''),
('010218052105759', 02, 44, 0, 0.00, ''),
('010218052105759', 02, 45, 0, 0.00, ''),
('010218052105759', 02, 46, 0, 0.00, ''),
('010218052105759', 02, 47, 0, 0.00, ''),
('010218052105759', 02, 48, 0, 0.00, ''),
('010218052105759', 02, 49, 0, 0.00, ''),
('010218052105759', 02, 50, 0, 0.00, ''),
('010218052105759', 02, 51, 0, 0.00, ''),
('010218052105759', 02, 52, 0, 0.00, ''),
('010218052105759', 02, 53, 0, 0.00, ''),
('010218052105759', 02, 54, 0, 0.00, ''),
('010218052105759', 02, 55, 0, 0.00, ''),
('010218052105759', 02, 56, 0, 0.00, ''),
('010218052105759', 02, 57, 0, 0.00, ''),
('010218052105759', 02, 58, 0, 0.00, ''),
('010218052105759', 02, 59, 0, 0.00, ''),
('010218052105759', 02, 60, 0, 0.00, ''),
('010218052105759', 02, 61, 0, 0.00, ''),
('010218052105759', 02, 62, 0, 0.00, ''),
('010218052105759', 02, 63, 0, 0.00, ''),
('010218052105759', 02, 64, 0, 0.00, ''),
('010218052105759', 02, 65, 0, 0.00, ''),
('010218052105759', 02, 66, 0, 0.00, ''),
('010118052205817', 01, 1, 10, 72.30, ''),
('010118052205817', 01, 2, 10, 72.30, ''),
('010218052205817', 02, 3, 0, 0.00, ''),
('010218052205817', 02, 4, 0, 0.00, ''),
('010218052205817', 02, 5, 7, 50.00, ''),
('010218052205817', 02, 6, 0, 0.00, ''),
('010218052205817', 02, 7, 0, 0.00, ''),
('010218052205817', 02, 8, 0, 0.00, ''),
('010218052205817', 02, 9, 0, 0.00, ''),
('010218052205817', 02, 10, 2, 40.00, ''),
('010218052205817', 02, 11, 0, 0.00, ''),
('010218052205817', 02, 12, 0, 0.00, ''),
('010218052205817', 02, 13, 0, 0.00, ''),
('010218052205817', 02, 14, 5, 10.00, ''),
('010218052205817', 02, 15, 0, 0.00, ''),
('010218052205817', 02, 16, 0, 0.00, ''),
('010218052205817', 02, 17, 0, 0.00, ''),
('010218052205817', 02, 18, 0, 0.00, ''),
('010218052205817', 02, 19, 0, 0.00, ''),
('010218052205817', 02, 20, 0, 0.00, ''),
('010218052205817', 02, 21, 0, 71.00, ''),
('010218052205817', 02, 22, 6, 30.00, ''),
('010218052205817', 02, 23, 0, 0.00, ''),
('010218052205817', 02, 24, 0, 0.00, ''),
('010218052205817', 02, 25, 0, 0.00, ''),
('010218052205817', 02, 26, 0, 0.00, ''),
('010218052205817', 02, 27, 0, 0.00, ''),
('010218052205817', 02, 28, 0, 0.00, ''),
('010218052205817', 02, 29, 1, 5.00, ''),
('010218052205817', 02, 30, 0, 0.00, ''),
('010218052205817', 02, 31, 0, 0.00, ''),
('010218052205817', 02, 32, 0, 0.00, ''),
('010218052205817', 02, 33, 0, 0.00, ''),
('010218052205817', 02, 34, 0, 0.00, ''),
('010218052205817', 02, 35, 0, 0.00, ''),
('010218052205817', 02, 36, 0, 0.00, ''),
('010218052205817', 02, 37, 0, 0.00, ''),
('010218052205817', 02, 38, 0, 0.00, ''),
('010218052205817', 02, 39, 0, 0.00, ''),
('010218052205817', 02, 40, 0, 0.00, ''),
('010218052205817', 02, 41, 0, 0.00, ''),
('010218052205817', 02, 42, 0, 0.00, ''),
('010218052205817', 02, 43, 0, 0.00, ''),
('010218052205817', 02, 44, 0, 0.00, ''),
('010218052205817', 02, 45, 0, 0.00, ''),
('010218052205817', 02, 46, 1, 16.00, ''),
('010218052205817', 02, 47, 0, 0.00, ''),
('010218052205817', 02, 48, 0, 0.00, ''),
('010218052205817', 02, 49, 0, 0.00, ''),
('010218052205817', 02, 50, 0, 0.00, ''),
('010218052205817', 02, 51, 1, 20.00, ''),
('010218052205817', 02, 52, 0, 0.00, ''),
('010218052205817', 02, 53, 0, 0.00, ''),
('010218052205817', 02, 54, 0, 0.00, ''),
('010218052205817', 02, 55, 0, 0.00, ''),
('010218052205817', 02, 56, 0, 0.00, ''),
('010218052205817', 02, 57, 0, 0.00, ''),
('010218052205817', 02, 58, 0, 0.00, ''),
('010218052205817', 02, 59, 0, 0.00, ''),
('010218052205817', 02, 60, 0, 0.00, ''),
('010218052205817', 02, 61, 0, 0.00, ''),
('010218052205817', 02, 62, 0, 0.00, ''),
('010218052205817', 02, 63, 0, 0.00, ''),
('010218052205817', 02, 64, 0, 0.00, ''),
('010218052205817', 02, 65, 0, 0.00, ''),
('010218052205817', 02, 66, 0, 0.00, ''),
('010118052405758', 01, 1, 11, 21.00, ''),
('010118052405758', 01, 2, 11, 21.00, ''),
('010218052405758', 02, 3, 0, 0.00, ''),
('010218052405758', 02, 4, 0, 0.00, ''),
('010218052405758', 02, 5, 2, 4.00, ''),
('010218052405758', 02, 6, 0, 0.00, ''),
('010218052405758', 02, 7, 0, 0.00, ''),
('010218052405758', 02, 8, 0, 0.00, ''),
('010218052405758', 02, 9, 0, 0.00, ''),
('010218052405758', 02, 10, 0, 0.00, ''),
('010218052405758', 02, 11, 0, 0.00, ''),
('010218052405758', 02, 12, 0, 0.00, ''),
('010218052405758', 02, 13, 0, 0.00, ''),
('010218052405758', 02, 14, 2, 4.00, ''),
('010218052405758', 02, 15, 0, 0.00, ''),
('010218052405758', 02, 16, 0, 0.00, ''),
('010218052405758', 02, 17, 0, 0.00, ''),
('010218052405758', 02, 18, 0, 0.00, ''),
('010218052405758', 02, 19, 0, 0.00, ''),
('010218052405758', 02, 20, 0, 0.00, ''),
('010218052405758', 02, 21, 0, 81.00, ''),
('010218052405758', 02, 22, 0, 0.00, ''),
('010218052405758', 02, 23, 0, 0.00, ''),
('010218052405758', 02, 24, 0, 0.00, ''),
('010218052405758', 02, 25, 0, 0.00, ''),
('010218052405758', 02, 26, 0, 0.00, ''),
('010218052405758', 02, 27, 1, 12.00, ''),
('010218052405758', 02, 28, 1, 40.00, ''),
('010218052405758', 02, 29, 0, 0.00, ''),
('010218052405758', 02, 30, 0, 0.00, ''),
('010218052405758', 02, 31, 0, 0.00, ''),
('010218052405758', 02, 32, 0, 0.00, ''),
('010218052405758', 02, 33, 0, 0.00, ''),
('010218052405758', 02, 34, 0, 0.00, ''),
('010218052405758', 02, 35, 0, 0.00, ''),
('010218052405758', 02, 36, 1, 3.00, ''),
('010218052405758', 02, 37, 1, 10.00, ''),
('010218052405758', 02, 38, 0, 0.00, ''),
('010218052405758', 02, 39, 0, 0.00, ''),
('010218052405758', 02, 40, 0, 0.00, ''),
('010218052405758', 02, 41, 0, 0.00, ''),
('010218052405758', 02, 42, 2, 16.00, ''),
('010218052405758', 02, 43, 0, 0.00, ''),
('010218052405758', 02, 44, 0, 0.00, ''),
('010218052405758', 02, 45, 0, 0.00, ''),
('010218052405758', 02, 46, 0, 0.00, ''),
('010218052405758', 02, 47, 0, 0.00, ''),
('010218052405758', 02, 48, 0, 0.00, ''),
('010218052405758', 02, 49, 0, 0.00, ''),
('010218052405758', 02, 50, 0, 0.00, ''),
('010218052405758', 02, 51, 0, 0.00, '');
INSERT INTO `lrecaudacion_detalle` (`LRECAU_ID`, `LRECTIP_ID`, `IDITEM`, `CANTIDAD`, `MONTO`, `CELDA`) VALUES
('010218052405758', 02, 52, 0, 0.00, ''),
('010218052405758', 02, 53, 0, 0.00, ''),
('010218052405758', 02, 54, 0, 0.00, ''),
('010218052405758', 02, 55, 0, 0.00, ''),
('010218052405758', 02, 56, 0, 0.00, ''),
('010218052405758', 02, 57, 0, 0.00, ''),
('010218052405758', 02, 58, 0, 0.00, ''),
('010218052405758', 02, 59, 0, 0.00, ''),
('010218052405758', 02, 60, 0, 0.00, ''),
('010218052405758', 02, 61, 0, 0.00, ''),
('010218052405758', 02, 62, 0, 0.00, ''),
('010218052405758', 02, 63, 0, 0.00, ''),
('010218052405758', 02, 64, 0, 0.00, ''),
('010218052405758', 02, 65, 0, 0.00, ''),
('010218052405758', 02, 66, 0, 0.00, ''),
('010118052605825', 01, 1, 1, 10.00, ''),
('010118052605825', 01, 2, 1, 10.00, ''),
('010218052605825', 02, 3, 0, 0.00, ''),
('010218052605825', 02, 4, 0, 0.00, ''),
('010218052605825', 02, 5, 0, 0.00, ''),
('010218052605825', 02, 6, 0, 0.00, ''),
('010218052605825', 02, 7, 0, 0.00, ''),
('010218052605825', 02, 8, 0, 0.00, ''),
('010218052605825', 02, 9, 0, 0.00, ''),
('010218052605825', 02, 10, 0, 0.00, ''),
('010218052605825', 02, 11, 0, 0.00, ''),
('010218052605825', 02, 12, 0, 0.00, ''),
('010218052605825', 02, 13, 0, 0.00, ''),
('010218052605825', 02, 14, 0, 0.00, ''),
('010218052605825', 02, 15, 0, 0.00, ''),
('010218052605825', 02, 16, 0, 0.00, ''),
('010218052605825', 02, 17, 0, 0.00, ''),
('010218052605825', 02, 18, 0, 0.00, ''),
('010218052605825', 02, 19, 0, 0.00, ''),
('010218052605825', 02, 20, 0, 0.00, ''),
('010218052605825', 02, 21, 0, 26.00, ''),
('010218052605825', 02, 22, 5, 25.00, ''),
('010218052605825', 02, 23, 0, 0.00, ''),
('010218052605825', 02, 24, 0, 0.00, ''),
('010218052605825', 02, 25, 0, 0.00, ''),
('010218052605825', 02, 26, 0, 0.00, ''),
('010218052605825', 02, 27, 0, 0.00, ''),
('010218052605825', 02, 28, 0, 0.00, ''),
('010218052605825', 02, 29, 0, 0.00, ''),
('010218052605825', 02, 30, 0, 0.00, ''),
('010218052605825', 02, 31, 0, 0.00, ''),
('010218052605825', 02, 32, 0, 0.00, ''),
('010218052605825', 02, 33, 0, 0.00, ''),
('010218052605825', 02, 34, 0, 0.00, ''),
('010218052605825', 02, 35, 0, 0.00, ''),
('010218052605825', 02, 36, 0, 0.00, ''),
('010218052605825', 02, 37, 0, 0.00, ''),
('010218052605825', 02, 38, 1, 1.00, ''),
('010218052605825', 02, 39, 0, 0.00, ''),
('010218052605825', 02, 40, 0, 0.00, ''),
('010218052605825', 02, 41, 0, 0.00, ''),
('010218052605825', 02, 42, 0, 0.00, ''),
('010218052605825', 02, 43, 0, 0.00, ''),
('010218052605825', 02, 44, 0, 0.00, ''),
('010218052605825', 02, 45, 0, 0.00, ''),
('010218052605825', 02, 46, 0, 0.00, ''),
('010218052605825', 02, 47, 0, 0.00, ''),
('010218052605825', 02, 48, 0, 0.00, ''),
('010218052605825', 02, 49, 0, 0.00, ''),
('010218052605825', 02, 50, 0, 0.00, ''),
('010218052605825', 02, 51, 0, 0.00, ''),
('010218052605825', 02, 52, 0, 0.00, ''),
('010218052605825', 02, 53, 0, 0.00, ''),
('010218052605825', 02, 54, 0, 0.00, ''),
('010218052605825', 02, 55, 0, 0.00, ''),
('010218052605825', 02, 56, 0, 0.00, ''),
('010218052605825', 02, 57, 0, 0.00, ''),
('010218052605825', 02, 58, 0, 0.00, ''),
('010218052605825', 02, 59, 0, 0.00, ''),
('010218052605825', 02, 60, 0, 0.00, ''),
('010218052605825', 02, 61, 0, 0.00, ''),
('010218052605825', 02, 62, 0, 0.00, ''),
('010218052605825', 02, 63, 0, 0.00, ''),
('010218052605825', 02, 64, 0, 0.00, ''),
('010218052605825', 02, 65, 0, 0.00, ''),
('010218052605825', 02, 66, 0, 0.00, ''),
('010118052705764', 01, 1, 10, 22.00, ''),
('010118052705764', 01, 2, 10, 22.00, ''),
('010218052705764', 02, 3, 0, 0.00, ''),
('010218052705764', 02, 4, 0, 0.00, ''),
('010218052705764', 02, 5, 6, 48.00, ''),
('010218052705764', 02, 6, 0, 0.00, ''),
('010218052705764', 02, 7, 0, 0.00, ''),
('010218052705764', 02, 8, 0, 0.00, ''),
('010218052705764', 02, 9, 0, 0.00, ''),
('010218052705764', 02, 10, 2, 40.00, ''),
('010218052705764', 02, 11, 0, 0.00, ''),
('010218052705764', 02, 12, 0, 0.00, ''),
('010218052705764', 02, 13, 0, 0.00, ''),
('010218052705764', 02, 14, 4, 8.00, ''),
('010218052705764', 02, 15, 0, 0.00, ''),
('010218052705764', 02, 16, 0, 0.00, ''),
('010218052705764', 02, 17, 0, 0.00, ''),
('010218052705764', 02, 18, 0, 0.00, ''),
('010218052705764', 02, 19, 0, 0.00, ''),
('010218052705764', 02, 20, 0, 0.00, ''),
('010218052705764', 02, 21, 0, 96.00, ''),
('010218052705764', 02, 22, 5, 40.00, ''),
('010218052705764', 02, 23, 0, 0.00, ''),
('010218052705764', 02, 24, 0, 0.00, ''),
('010218052705764', 02, 25, 0, 0.00, ''),
('010218052705764', 02, 26, 0, 0.00, ''),
('010218052705764', 02, 27, 2, 16.00, ''),
('010218052705764', 02, 28, 0, 0.00, ''),
('010218052705764', 02, 29, 5, 40.00, ''),
('010218052705764', 02, 30, 0, 0.00, ''),
('010218052705764', 02, 31, 0, 0.00, ''),
('010218052705764', 02, 32, 0, 0.00, ''),
('010218052705764', 02, 33, 0, 0.00, ''),
('010218052705764', 02, 34, 0, 0.00, ''),
('010218052705764', 02, 35, 0, 0.00, ''),
('010218052705764', 02, 36, 0, 0.00, ''),
('010218052705764', 02, 37, 0, 0.00, ''),
('010218052705764', 02, 38, 0, 0.00, ''),
('010218052705764', 02, 39, 0, 0.00, ''),
('010218052705764', 02, 40, 0, 0.00, ''),
('010218052705764', 02, 41, 0, 0.00, ''),
('010218052705764', 02, 42, 0, 0.00, ''),
('010218052705764', 02, 43, 0, 0.00, ''),
('010218052705764', 02, 44, 0, 0.00, ''),
('010218052705764', 02, 45, 0, 0.00, ''),
('010218052705764', 02, 46, 0, 0.00, ''),
('010218052705764', 02, 47, 0, 0.00, ''),
('010218052705764', 02, 48, 0, 0.00, ''),
('010218052705764', 02, 49, 0, 0.00, ''),
('010218052705764', 02, 50, 0, 0.00, ''),
('010218052705764', 02, 51, 0, 0.00, ''),
('010218052705764', 02, 52, 0, 0.00, ''),
('010218052705764', 02, 53, 0, 0.00, ''),
('010218052705764', 02, 54, 0, 0.00, ''),
('010218052705764', 02, 55, 0, 0.00, ''),
('010218052705764', 02, 56, 0, 0.00, ''),
('010218052705764', 02, 57, 0, 0.00, ''),
('010218052705764', 02, 58, 0, 0.00, ''),
('010218052705764', 02, 59, 0, 0.00, ''),
('010218052705764', 02, 60, 0, 0.00, ''),
('010218052705764', 02, 61, 0, 0.00, ''),
('010218052705764', 02, 62, 0, 0.00, ''),
('010218052705764', 02, 63, 0, 0.00, ''),
('010218052705764', 02, 64, 0, 0.00, ''),
('010218052705764', 02, 65, 0, 0.00, ''),
('010218052705764', 02, 66, 0, 0.00, ''),
('010118050905793', 01, 1, 2, 8.00, ''),
('010118050905793', 01, 2, 2, 8.00, ''),
('010218050905793', 02, 3, 0, 0.00, ''),
('010218050905793', 02, 4, 0, 0.00, ''),
('010218050905793', 02, 5, 3, 6.00, ''),
('010218050905793', 02, 6, 0, 0.00, ''),
('010218050905793', 02, 7, 0, 0.00, ''),
('010218050905793', 02, 8, 0, 0.00, ''),
('010218050905793', 02, 9, 0, 0.00, ''),
('010218050905793', 02, 10, 0, 0.00, ''),
('010218050905793', 02, 11, 0, 0.00, ''),
('010218050905793', 02, 12, 0, 0.00, ''),
('010218050905793', 02, 13, 0, 0.00, ''),
('010218050905793', 02, 14, 3, 6.00, ''),
('010218050905793', 02, 15, 0, 0.00, ''),
('010218050905793', 02, 16, 0, 0.00, ''),
('010218050905793', 02, 17, 0, 0.00, ''),
('010218050905793', 02, 18, 0, 0.00, ''),
('010218050905793', 02, 19, 0, 0.00, ''),
('010218050905793', 02, 20, 0, 0.00, ''),
('010218050905793', 02, 21, 0, 10.00, ''),
('010218050905793', 02, 22, 1, 8.00, ''),
('010218050905793', 02, 23, 0, 0.00, ''),
('010218050905793', 02, 24, 0, 0.00, ''),
('010218050905793', 02, 25, 0, 0.00, ''),
('010218050905793', 02, 26, 0, 0.00, ''),
('010218050905793', 02, 27, 0, 0.00, ''),
('010218050905793', 02, 28, 0, 0.00, ''),
('010218050905793', 02, 29, 0, 0.00, ''),
('010218050905793', 02, 30, 0, 0.00, ''),
('010218050905793', 02, 31, 0, 0.00, ''),
('010218050905793', 02, 32, 0, 0.00, ''),
('010218050905793', 02, 33, 0, 0.00, ''),
('010218050905793', 02, 34, 0, 0.00, ''),
('010218050905793', 02, 35, 0, 0.00, ''),
('010218050905793', 02, 36, 1, 2.00, ''),
('010218050905793', 02, 37, 0, 0.00, ''),
('010218050905793', 02, 38, 0, 0.00, ''),
('010218050905793', 02, 39, 0, 0.00, ''),
('010218050905793', 02, 40, 0, 0.00, ''),
('010218050905793', 02, 41, 0, 0.00, ''),
('010218050905793', 02, 42, 0, 0.00, ''),
('010218050905793', 02, 43, 0, 0.00, ''),
('010218050905793', 02, 44, 0, 0.00, ''),
('010218050905793', 02, 45, 0, 0.00, ''),
('010218050905793', 02, 46, 0, 0.00, ''),
('010218050905793', 02, 47, 0, 0.00, ''),
('010218050905793', 02, 48, 0, 0.00, ''),
('010218050905793', 02, 49, 0, 0.00, ''),
('010218050905793', 02, 50, 0, 0.00, ''),
('010218050905793', 02, 51, 0, 0.00, ''),
('010218050905793', 02, 52, 0, 0.00, ''),
('010218050905793', 02, 53, 0, 0.00, ''),
('010218050905793', 02, 54, 0, 0.00, ''),
('010218050905793', 02, 55, 0, 0.00, ''),
('010218050905793', 02, 56, 0, 0.00, ''),
('010218050905793', 02, 57, 0, 0.00, ''),
('010218050905793', 02, 58, 0, 0.00, ''),
('010218050905793', 02, 59, 0, 0.00, ''),
('010218050905793', 02, 60, 0, 0.00, ''),
('010218050905793', 02, 61, 0, 0.00, ''),
('010218050905793', 02, 62, 0, 0.00, ''),
('010218050905793', 02, 63, 0, 0.00, ''),
('010218050905793', 02, 64, 0, 0.00, ''),
('010218050905793', 02, 65, 0, 0.00, ''),
('010218050905793', 02, 66, 0, 0.00, ''),
('010118052605787', 01, 1, 51, 161.10, ''),
('010118052605787', 01, 2, 51, 161.10, ''),
('010218052605787', 02, 3, 0, 0.00, ''),
('010218052605787', 02, 4, 0, 0.00, ''),
('010218052605787', 02, 5, 8, 8.00, ''),
('010218052605787', 02, 6, 0, 0.00, ''),
('010218052605787', 02, 7, 0, 0.00, ''),
('010218052605787', 02, 8, 0, 0.00, ''),
('010218052605787', 02, 9, 0, 0.00, ''),
('010218052605787', 02, 10, 0, 0.00, ''),
('010218052605787', 02, 11, 0, 0.00, ''),
('010218052605787', 02, 12, 0, 0.00, ''),
('010218052605787', 02, 13, 0, 0.00, ''),
('010218052605787', 02, 14, 0, 0.00, ''),
('010218052605787', 02, 15, 0, 0.00, ''),
('010218052605787', 02, 16, 0, 0.00, ''),
('010218052605787', 02, 17, 8, 8.00, ''),
('010218052605787', 02, 18, 0, 0.00, ''),
('010218052605787', 02, 19, 0, 0.00, ''),
('010218052605787', 02, 20, 0, 0.00, ''),
('010218052605787', 02, 21, 0, 113.00, ''),
('010218052605787', 02, 22, 2, 16.00, ''),
('010218052605787', 02, 23, 0, 0.00, ''),
('010218052605787', 02, 24, 0, 0.00, ''),
('010218052605787', 02, 25, 0, 0.00, ''),
('010218052605787', 02, 26, 0, 0.00, ''),
('010218052605787', 02, 27, 0, 0.00, ''),
('010218052605787', 02, 28, 0, 0.00, ''),
('010218052605787', 02, 29, 0, 0.00, ''),
('010218052605787', 02, 30, 1, 8.00, ''),
('010218052605787', 02, 31, 0, 0.00, ''),
('010218052605787', 02, 32, 0, 0.00, ''),
('010218052605787', 02, 33, 0, 0.00, ''),
('010218052605787', 02, 34, 0, 0.00, ''),
('010218052605787', 02, 35, 0, 0.00, ''),
('010218052605787', 02, 36, 3, 9.00, ''),
('010218052605787', 02, 37, 0, 0.00, ''),
('010218052605787', 02, 38, 3, 6.00, ''),
('010218052605787', 02, 39, 0, 0.00, ''),
('010218052605787', 02, 40, 0, 0.00, ''),
('010218052605787', 02, 41, 0, 0.00, ''),
('010218052605787', 02, 42, 2, 16.00, ''),
('010218052605787', 02, 43, 1, 12.00, ''),
('010218052605787', 02, 44, 0, 0.00, ''),
('010218052605787', 02, 45, 0, 0.00, ''),
('010218052605787', 02, 46, 5, 46.00, ''),
('010218052605787', 02, 47, 0, 0.00, ''),
('010218052605787', 02, 48, 0, 0.00, ''),
('010218052605787', 02, 49, 0, 0.00, ''),
('010218052605787', 02, 50, 0, 0.00, ''),
('010218052605787', 02, 51, 0, 0.00, ''),
('010218052605787', 02, 52, 0, 0.00, ''),
('010218052605787', 02, 53, 0, 0.00, ''),
('010218052605787', 02, 54, 0, 0.00, ''),
('010218052605787', 02, 55, 0, 0.00, ''),
('010218052605787', 02, 56, 0, 0.00, ''),
('010218052605787', 02, 57, 0, 0.00, ''),
('010218052605787', 02, 58, 0, 0.00, ''),
('010218052605787', 02, 59, 0, 0.00, ''),
('010218052605787', 02, 60, 0, 0.00, ''),
('010218052605787', 02, 61, 0, 0.00, ''),
('010218052605787', 02, 62, 0, 0.00, ''),
('010218052605787', 02, 63, 0, 0.00, ''),
('010218052605787', 02, 64, 0, 0.00, ''),
('010218052605787', 02, 65, 0, 0.00, ''),
('010218052605787', 02, 66, 0, 0.00, ''),
('010118051005793', 01, 1, 2, 8.60, ''),
('010118051005793', 01, 2, 2, 8.60, ''),
('010218051005793', 02, 3, 0, 0.00, ''),
('010218051005793', 02, 4, 0, 0.00, ''),
('010218051005793', 02, 5, 3, 6.00, ''),
('010218051005793', 02, 6, 0, 0.00, ''),
('010218051005793', 02, 7, 0, 0.00, ''),
('010218051005793', 02, 8, 0, 0.00, ''),
('010218051005793', 02, 9, 0, 0.00, ''),
('010218051005793', 02, 10, 0, 0.00, ''),
('010218051005793', 02, 11, 0, 0.00, ''),
('010218051005793', 02, 12, 0, 0.00, ''),
('010218051005793', 02, 13, 0, 0.00, ''),
('010218051005793', 02, 14, 3, 6.00, ''),
('010218051005793', 02, 15, 0, 0.00, ''),
('010218051005793', 02, 16, 0, 0.00, ''),
('010218051005793', 02, 17, 0, 0.00, ''),
('010218051005793', 02, 18, 0, 0.00, ''),
('010218051005793', 02, 19, 0, 0.00, ''),
('010218051005793', 02, 20, 0, 0.00, ''),
('010218051005793', 02, 21, 0, 10.00, ''),
('010218051005793', 02, 22, 1, 8.00, ''),
('010218051005793', 02, 23, 0, 0.00, ''),
('010218051005793', 02, 24, 0, 0.00, ''),
('010218051005793', 02, 25, 0, 0.00, ''),
('010218051005793', 02, 26, 0, 0.00, ''),
('010218051005793', 02, 27, 0, 0.00, ''),
('010218051005793', 02, 28, 0, 0.00, ''),
('010218051005793', 02, 29, 0, 0.00, ''),
('010218051005793', 02, 30, 0, 0.00, ''),
('010218051005793', 02, 31, 0, 0.00, ''),
('010218051005793', 02, 32, 0, 0.00, ''),
('010218051005793', 02, 33, 0, 0.00, ''),
('010218051005793', 02, 34, 0, 0.00, ''),
('010218051005793', 02, 35, 0, 0.00, ''),
('010218051005793', 02, 36, 0, 0.00, ''),
('010218051005793', 02, 37, 0, 0.00, ''),
('010218051005793', 02, 38, 1, 2.00, ''),
('010218051005793', 02, 39, 0, 0.00, ''),
('010218051005793', 02, 40, 0, 0.00, ''),
('010218051005793', 02, 41, 0, 0.00, ''),
('010218051005793', 02, 42, 0, 0.00, ''),
('010218051005793', 02, 43, 0, 0.00, ''),
('010218051005793', 02, 44, 0, 0.00, ''),
('010218051005793', 02, 45, 0, 0.00, ''),
('010218051005793', 02, 46, 0, 0.00, ''),
('010218051005793', 02, 47, 0, 0.00, ''),
('010218051005793', 02, 48, 0, 0.00, ''),
('010218051005793', 02, 49, 0, 0.00, ''),
('010218051005793', 02, 50, 0, 0.00, ''),
('010218051005793', 02, 51, 0, 0.00, ''),
('010218051005793', 02, 52, 0, 0.00, ''),
('010218051005793', 02, 53, 0, 0.00, ''),
('010218051005793', 02, 54, 0, 0.00, ''),
('010218051005793', 02, 55, 0, 0.00, ''),
('010218051005793', 02, 56, 0, 0.00, ''),
('010218051005793', 02, 57, 0, 0.00, ''),
('010218051005793', 02, 58, 0, 0.00, ''),
('010218051005793', 02, 59, 0, 0.00, ''),
('010218051005793', 02, 60, 0, 0.00, ''),
('010218051005793', 02, 61, 0, 0.00, ''),
('010218051005793', 02, 62, 0, 0.00, ''),
('010218051005793', 02, 63, 0, 0.00, ''),
('010218051005793', 02, 64, 0, 0.00, ''),
('010218051005793', 02, 65, 0, 0.00, ''),
('010218051005793', 02, 66, 0, 0.00, ''),
('010118052321104', 01, 1, 3, 61.10, ''),
('010118052321104', 01, 2, 3, 61.10, ''),
('010218052321104', 02, 3, 0, 0.00, ''),
('010218052321104', 02, 4, 0, 0.00, ''),
('010218052321104', 02, 5, 1, 30.00, ''),
('010218052321104', 02, 6, 0, 0.00, ''),
('010218052321104', 02, 7, 0, 0.00, ''),
('010218052321104', 02, 8, 0, 0.00, ''),
('010218052321104', 02, 9, 0, 0.00, ''),
('010218052321104', 02, 10, 1, 30.00, ''),
('010218052321104', 02, 11, 0, 0.00, ''),
('010218052321104', 02, 12, 0, 0.00, ''),
('010218052321104', 02, 13, 0, 0.00, ''),
('010218052321104', 02, 14, 0, 0.00, ''),
('010218052321104', 02, 15, 0, 0.00, ''),
('010218052321104', 02, 16, 0, 0.00, ''),
('010218052321104', 02, 17, 0, 0.00, ''),
('010218052321104', 02, 18, 0, 0.00, ''),
('010218052321104', 02, 19, 0, 0.00, ''),
('010218052321104', 02, 20, 0, 0.00, ''),
('010218052321104', 02, 21, 0, 140.00, ''),
('010218052321104', 02, 22, 0, 0.00, ''),
('010218052321104', 02, 23, 0, 0.00, ''),
('010218052321104', 02, 24, 0, 0.00, ''),
('010218052321104', 02, 25, 0, 0.00, ''),
('010218052321104', 02, 26, 0, 0.00, ''),
('010218052321104', 02, 27, 0, 0.00, ''),
('010218052321104', 02, 28, 0, 0.00, ''),
('010218052321104', 02, 29, 10, 92.00, ''),
('010218052321104', 02, 30, 0, 0.00, ''),
('010218052321104', 02, 31, 0, 0.00, ''),
('010218052321104', 02, 32, 0, 0.00, ''),
('010218052321104', 02, 33, 0, 0.00, ''),
('010218052321104', 02, 34, 0, 0.00, ''),
('010218052321104', 02, 35, 0, 0.00, ''),
('010218052321104', 02, 36, 0, 0.00, ''),
('010218052321104', 02, 37, 0, 0.00, ''),
('010218052321104', 02, 38, 0, 0.00, ''),
('010218052321104', 02, 39, 0, 0.00, ''),
('010218052321104', 02, 40, 0, 0.00, ''),
('010218052321104', 02, 41, 0, 0.00, ''),
('010218052321104', 02, 42, 0, 0.00, ''),
('010218052321104', 02, 43, 0, 0.00, ''),
('010218052321104', 02, 44, 0, 0.00, ''),
('010218052321104', 02, 45, 0, 0.00, ''),
('010218052321104', 02, 46, 0, 0.00, ''),
('010218052321104', 02, 47, 0, 0.00, ''),
('010218052321104', 02, 48, 0, 0.00, ''),
('010218052321104', 02, 49, 0, 0.00, ''),
('010218052321104', 02, 50, 0, 0.00, ''),
('010218052321104', 02, 51, 0, 0.00, ''),
('010218052321104', 02, 52, 4, 48.00, ''),
('010218052321104', 02, 53, 0, 0.00, ''),
('010218052321104', 02, 54, 0, 0.00, ''),
('010218052321104', 02, 55, 0, 0.00, ''),
('010218052321104', 02, 56, 0, 0.00, ''),
('010218052321104', 02, 57, 0, 0.00, ''),
('010218052321104', 02, 58, 0, 0.00, ''),
('010218052321104', 02, 59, 0, 0.00, ''),
('010218052321104', 02, 60, 0, 0.00, ''),
('010218052321104', 02, 61, 0, 0.00, ''),
('010218052321104', 02, 62, 0, 0.00, ''),
('010218052321104', 02, 63, 0, 0.00, ''),
('010218052321104', 02, 64, 0, 0.00, ''),
('010218052321104', 02, 65, 0, 0.00, ''),
('010218052321104', 02, 66, 0, 0.00, ''),
('010118052421104', 01, 1, 3, 17.60, ''),
('010118052421104', 01, 2, 3, 17.60, ''),
('010218052421104', 02, 3, 0, 0.00, ''),
('010218052421104', 02, 4, 0, 0.00, ''),
('010218052421104', 02, 5, 0, 0.00, ''),
('010218052421104', 02, 6, 0, 0.00, ''),
('010218052421104', 02, 7, 0, 0.00, ''),
('010218052421104', 02, 8, 0, 0.00, ''),
('010218052421104', 02, 9, 0, 0.00, ''),
('010218052421104', 02, 10, 0, 0.00, ''),
('010218052421104', 02, 11, 0, 0.00, ''),
('010218052421104', 02, 12, 0, 0.00, ''),
('010218052421104', 02, 13, 0, 0.00, ''),
('010218052421104', 02, 14, 0, 0.00, ''),
('010218052421104', 02, 15, 0, 0.00, ''),
('010218052421104', 02, 16, 0, 0.00, ''),
('010218052421104', 02, 17, 0, 0.00, ''),
('010218052421104', 02, 18, 0, 0.00, ''),
('010218052421104', 02, 19, 0, 0.00, ''),
('010218052421104', 02, 20, 0, 0.00, ''),
('010218052421104', 02, 21, 0, 114.00, ''),
('010218052421104', 02, 22, 3, 24.00, ''),
('010218052421104', 02, 23, 0, 0.00, ''),
('010218052421104', 02, 24, 0, 0.00, ''),
('010218052421104', 02, 25, 0, 0.00, ''),
('010218052421104', 02, 26, 0, 0.00, ''),
('010218052421104', 02, 27, 0, 0.00, ''),
('010218052421104', 02, 28, 0, 0.00, ''),
('010218052421104', 02, 29, 6, 60.00, ''),
('010218052421104', 02, 30, 0, 0.00, ''),
('010218052421104', 02, 31, 0, 0.00, ''),
('010218052421104', 02, 32, 0, 0.00, ''),
('010218052421104', 02, 33, 0, 0.00, ''),
('010218052421104', 02, 34, 0, 0.00, ''),
('010218052421104', 02, 35, 0, 0.00, ''),
('010218052421104', 02, 36, 0, 0.00, ''),
('010218052421104', 02, 37, 0, 0.00, ''),
('010218052421104', 02, 38, 0, 0.00, ''),
('010218052421104', 02, 39, 0, 0.00, ''),
('010218052421104', 02, 40, 0, 0.00, ''),
('010218052421104', 02, 41, 0, 0.00, ''),
('010218052421104', 02, 42, 0, 0.00, ''),
('010218052421104', 02, 43, 0, 0.00, ''),
('010218052421104', 02, 44, 0, 0.00, ''),
('010218052421104', 02, 45, 0, 0.00, ''),
('010218052421104', 02, 46, 0, 0.00, ''),
('010218052421104', 02, 47, 0, 0.00, ''),
('010218052421104', 02, 48, 0, 0.00, ''),
('010218052421104', 02, 49, 0, 0.00, ''),
('010218052421104', 02, 50, 0, 0.00, ''),
('010218052421104', 02, 51, 0, 0.00, ''),
('010218052421104', 02, 52, 3, 30.00, ''),
('010218052421104', 02, 53, 0, 0.00, ''),
('010218052421104', 02, 54, 0, 0.00, ''),
('010218052421104', 02, 55, 0, 0.00, ''),
('010218052421104', 02, 56, 0, 0.00, ''),
('010218052421104', 02, 57, 0, 0.00, ''),
('010218052421104', 02, 58, 0, 0.00, ''),
('010218052421104', 02, 59, 0, 0.00, ''),
('010218052421104', 02, 60, 0, 0.00, ''),
('010218052421104', 02, 61, 0, 0.00, ''),
('010218052421104', 02, 62, 0, 0.00, ''),
('010218052421104', 02, 63, 0, 0.00, ''),
('010218052421104', 02, 64, 0, 0.00, ''),
('010218052421104', 02, 65, 0, 0.00, ''),
('010218052421104', 02, 66, 0, 0.00, ''),
('010118052521104', 01, 1, 1, 5.20, ''),
('010118052521104', 01, 2, 1, 5.20, ''),
('010218052521104', 02, 3, 0, 0.00, ''),
('010218052521104', 02, 4, 0, 0.00, ''),
('010218052521104', 02, 5, 0, 0.00, ''),
('010218052521104', 02, 6, 0, 0.00, ''),
('010218052521104', 02, 7, 0, 0.00, ''),
('010218052521104', 02, 8, 0, 0.00, ''),
('010218052521104', 02, 9, 0, 0.00, ''),
('010218052521104', 02, 10, 0, 0.00, ''),
('010218052521104', 02, 11, 0, 0.00, ''),
('010218052521104', 02, 12, 0, 0.00, ''),
('010218052521104', 02, 13, 0, 0.00, ''),
('010218052521104', 02, 14, 0, 0.00, ''),
('010218052521104', 02, 15, 0, 0.00, ''),
('010218052521104', 02, 16, 0, 0.00, ''),
('010218052521104', 02, 17, 0, 0.00, ''),
('010218052521104', 02, 18, 0, 0.00, ''),
('010218052521104', 02, 19, 0, 0.00, ''),
('010218052521104', 02, 20, 0, 0.00, ''),
('010218052521104', 02, 21, 0, 72.00, ''),
('010218052521104', 02, 22, 0, 0.00, ''),
('010218052521104', 02, 23, 0, 0.00, ''),
('010218052521104', 02, 24, 0, 0.00, ''),
('010218052521104', 02, 25, 0, 0.00, ''),
('010218052521104', 02, 26, 0, 0.00, ''),
('010218052521104', 02, 27, 0, 0.00, ''),
('010218052521104', 02, 28, 0, 0.00, ''),
('010218052521104', 02, 29, 6, 60.00, ''),
('010218052521104', 02, 30, 0, 0.00, ''),
('010218052521104', 02, 31, 0, 0.00, ''),
('010218052521104', 02, 32, 0, 0.00, ''),
('010218052521104', 02, 33, 0, 0.00, ''),
('010218052521104', 02, 34, 0, 0.00, ''),
('010218052521104', 02, 35, 0, 0.00, ''),
('010218052521104', 02, 36, 0, 0.00, ''),
('010218052521104', 02, 37, 0, 0.00, ''),
('010218052521104', 02, 38, 0, 0.00, ''),
('010218052521104', 02, 39, 0, 0.00, ''),
('010218052521104', 02, 40, 0, 0.00, ''),
('010218052521104', 02, 41, 0, 0.00, ''),
('010218052521104', 02, 42, 0, 0.00, ''),
('010218052521104', 02, 43, 0, 0.00, ''),
('010218052521104', 02, 44, 0, 0.00, ''),
('010218052521104', 02, 45, 0, 0.00, ''),
('010218052521104', 02, 46, 0, 0.00, ''),
('010218052521104', 02, 47, 0, 0.00, ''),
('010218052521104', 02, 48, 0, 0.00, ''),
('010218052521104', 02, 49, 0, 0.00, ''),
('010218052521104', 02, 50, 0, 0.00, ''),
('010218052521104', 02, 51, 0, 0.00, ''),
('010218052521104', 02, 52, 1, 12.00, ''),
('010218052521104', 02, 53, 0, 0.00, ''),
('010218052521104', 02, 54, 0, 0.00, ''),
('010218052521104', 02, 55, 0, 0.00, ''),
('010218052521104', 02, 56, 0, 0.00, ''),
('010218052521104', 02, 57, 0, 0.00, ''),
('010218052521104', 02, 58, 0, 0.00, ''),
('010218052521104', 02, 59, 0, 0.00, ''),
('010218052521104', 02, 60, 0, 0.00, ''),
('010218052521104', 02, 61, 0, 0.00, ''),
('010218052521104', 02, 62, 0, 0.00, ''),
('010218052521104', 02, 63, 0, 0.00, ''),
('010218052521104', 02, 64, 0, 0.00, ''),
('010218052521104', 02, 65, 0, 0.00, ''),
('010218052521104', 02, 66, 0, 0.00, ''),
('010118052605735', 01, 1, 18, 94.40, ''),
('010118052605735', 01, 2, 18, 94.40, ''),
('010218052605735', 02, 3, 0, 0.00, ''),
('010218052605735', 02, 4, 0, 0.00, ''),
('010218052605735', 02, 5, 0, 0.00, ''),
('010218052605735', 02, 6, 0, 0.00, ''),
('010218052605735', 02, 7, 0, 0.00, ''),
('010218052605735', 02, 8, 0, 0.00, ''),
('010218052605735', 02, 9, 0, 0.00, ''),
('010218052605735', 02, 10, 0, 0.00, ''),
('010218052605735', 02, 11, 0, 0.00, ''),
('010218052605735', 02, 12, 0, 0.00, ''),
('010218052605735', 02, 13, 0, 0.00, ''),
('010218052605735', 02, 14, 0, 0.00, ''),
('010218052605735', 02, 15, 0, 0.00, ''),
('010218052605735', 02, 16, 0, 0.00, ''),
('010218052605735', 02, 17, 0, 0.00, ''),
('010218052605735', 02, 18, 0, 0.00, ''),
('010218052605735', 02, 19, 0, 0.00, ''),
('010218052605735', 02, 20, 0, 0.00, ''),
('010218052605735', 02, 21, 0, 139.00, ''),
('010218052605735', 02, 22, 0, 0.00, ''),
('010218052605735', 02, 23, 0, 0.00, ''),
('010218052605735', 02, 24, 0, 0.00, ''),
('010218052605735', 02, 25, 0, 0.00, ''),
('010218052605735', 02, 26, 0, 0.00, ''),
('010218052605735', 02, 27, 0, 0.00, ''),
('010218052605735', 02, 28, 0, 0.00, ''),
('010218052605735', 02, 29, 0, 0.00, ''),
('010218052605735', 02, 30, 8, 64.00, ''),
('010218052605735', 02, 31, 1, 15.00, ''),
('010218052605735', 02, 32, 0, 0.00, ''),
('010218052605735', 02, 33, 0, 0.00, ''),
('010218052605735', 02, 34, 0, 0.00, ''),
('010218052605735', 02, 35, 0, 0.00, ''),
('010218052605735', 02, 36, 5, 17.00, ''),
('010218052605735', 02, 37, 0, 0.00, ''),
('010218052605735', 02, 38, 0, 0.00, ''),
('010218052605735', 02, 39, 0, 0.00, ''),
('010218052605735', 02, 40, 0, 0.00, ''),
('010218052605735', 02, 41, 0, 0.00, ''),
('010218052605735', 02, 42, 0, 0.00, ''),
('010218052605735', 02, 43, 0, 0.00, ''),
('010218052605735', 02, 44, 0, 0.00, ''),
('010218052605735', 02, 45, 0, 0.00, ''),
('010218052605735', 02, 46, 1, 18.00, ''),
('010218052605735', 02, 47, 0, 0.00, ''),
('010218052605735', 02, 48, 0, 0.00, ''),
('010218052605735', 02, 49, 0, 0.00, ''),
('010218052605735', 02, 50, 0, 0.00, ''),
('010218052605735', 02, 51, 1, 25.00, ''),
('010218052605735', 02, 52, 0, 0.00, ''),
('010218052605735', 02, 53, 0, 0.00, ''),
('010218052605735', 02, 54, 0, 0.00, ''),
('010218052605735', 02, 55, 0, 0.00, ''),
('010218052605735', 02, 56, 0, 0.00, ''),
('010218052605735', 02, 57, 0, 0.00, ''),
('010218052605735', 02, 58, 0, 0.00, ''),
('010218052605735', 02, 59, 0, 0.00, ''),
('010218052605735', 02, 60, 0, 0.00, ''),
('010218052605735', 02, 61, 0, 0.00, ''),
('010218052605735', 02, 62, 0, 0.00, ''),
('010218052605735', 02, 63, 0, 0.00, ''),
('010218052605735', 02, 64, 0, 0.00, ''),
('010218052605735', 02, 65, 0, 0.00, ''),
('010218052605735', 02, 66, 0, 0.00, ''),
('010118052705735', 01, 1, 28, 100.70, ''),
('010118052705735', 01, 2, 28, 100.70, ''),
('010218052705735', 02, 3, 0, 0.00, ''),
('010218052705735', 02, 4, 0, 0.00, ''),
('010218052705735', 02, 5, 1, 20.00, ''),
('010218052705735', 02, 6, 0, 0.00, ''),
('010218052705735', 02, 7, 1, 20.00, ''),
('010218052705735', 02, 8, 0, 0.00, ''),
('010218052705735', 02, 9, 0, 0.00, ''),
('010218052705735', 02, 10, 0, 0.00, ''),
('010218052705735', 02, 11, 0, 0.00, ''),
('010218052705735', 02, 12, 0, 0.00, ''),
('010218052705735', 02, 13, 0, 0.00, ''),
('010218052705735', 02, 14, 0, 0.00, ''),
('010218052705735', 02, 15, 0, 0.00, ''),
('010218052705735', 02, 16, 0, 0.00, ''),
('010218052705735', 02, 17, 0, 0.00, ''),
('010218052705735', 02, 18, 0, 0.00, ''),
('010218052705735', 02, 19, 0, 0.00, ''),
('010218052705735', 02, 20, 0, 0.00, ''),
('010218052705735', 02, 21, 0, 436.00, ''),
('010218052705735', 02, 22, 4, 48.00, ''),
('010218052705735', 02, 23, 0, 0.00, ''),
('010218052705735', 02, 24, 0, 0.00, ''),
('010218052705735', 02, 25, 0, 0.00, ''),
('010218052705735', 02, 26, 0, 0.00, ''),
('010218052705735', 02, 27, 1, 8.00, ''),
('010218052705735', 02, 28, 0, 0.00, ''),
('010218052705735', 02, 29, 2, 16.00, ''),
('010218052705735', 02, 30, 8, 64.00, ''),
('010218052705735', 02, 31, 0, 0.00, ''),
('010218052705735', 02, 32, 0, 0.00, ''),
('010218052705735', 02, 33, 0, 0.00, ''),
('010218052705735', 02, 34, 0, 0.00, ''),
('010218052705735', 02, 35, 0, 0.00, ''),
('010218052705735', 02, 36, 5, 15.00, ''),
('010218052705735', 02, 37, 2, 20.00, ''),
('010218052705735', 02, 38, 0, 0.00, ''),
('010218052705735', 02, 39, 0, 0.00, ''),
('010218052705735', 02, 40, 4, 40.00, ''),
('010218052705735', 02, 41, 0, 0.00, ''),
('010218052705735', 02, 42, 2, 16.00, ''),
('010218052705735', 02, 43, 0, 0.00, ''),
('010218052705735', 02, 44, 1, 8.00, ''),
('010218052705735', 02, 45, 0, 0.00, ''),
('010218052705735', 02, 46, 7, 201.00, ''),
('010218052705735', 02, 47, 0, 0.00, ''),
('010218052705735', 02, 48, 0, 0.00, ''),
('010218052705735', 02, 49, 0, 0.00, ''),
('010218052705735', 02, 50, 0, 0.00, ''),
('010218052705735', 02, 51, 0, 0.00, ''),
('010218052705735', 02, 52, 0, 0.00, ''),
('010218052705735', 02, 53, 0, 0.00, ''),
('010218052705735', 02, 54, 0, 0.00, ''),
('010218052705735', 02, 55, 0, 0.00, ''),
('010218052705735', 02, 56, 0, 0.00, ''),
('010218052705735', 02, 57, 0, 0.00, ''),
('010218052705735', 02, 58, 0, 0.00, ''),
('010218052705735', 02, 59, 0, 0.00, ''),
('010218052705735', 02, 60, 0, 0.00, ''),
('010218052705735', 02, 61, 0, 0.00, ''),
('010218052705735', 02, 62, 0, 0.00, ''),
('010218052705735', 02, 63, 0, 0.00, ''),
('010218052705735', 02, 64, 0, 0.00, ''),
('010218052705735', 02, 65, 0, 0.00, ''),
('010218052705735', 02, 66, 0, 0.00, ''),
('010118052605763', 01, 1, 11, 50.00, ''),
('010118052605763', 01, 2, 11, 50.00, ''),
('010218052605763', 02, 3, 0, 0.00, ''),
('010218052605763', 02, 4, 0, 0.00, ''),
('010218052605763', 02, 5, 11, 40.00, ''),
('010218052605763', 02, 6, 0, 0.00, ''),
('010218052605763', 02, 7, 0, 0.00, ''),
('010218052605763', 02, 8, 0, 0.00, ''),
('010218052605763', 02, 9, 0, 0.00, ''),
('010218052605763', 02, 10, 1, 20.00, ''),
('010218052605763', 02, 11, 0, 0.00, ''),
('010218052605763', 02, 12, 0, 0.00, ''),
('010218052605763', 02, 13, 0, 0.00, ''),
('010218052605763', 02, 14, 10, 20.00, ''),
('010218052605763', 02, 15, 0, 0.00, ''),
('010218052605763', 02, 16, 0, 0.00, ''),
('010218052605763', 02, 17, 0, 0.00, ''),
('010218052605763', 02, 18, 0, 0.00, ''),
('010218052605763', 02, 19, 0, 0.00, ''),
('010218052605763', 02, 20, 0, 0.00, ''),
('010218052605763', 02, 21, 0, 193.00, ''),
('010218052605763', 02, 22, 13, 116.00, ''),
('010218052605763', 02, 23, 0, 0.00, ''),
('010218052605763', 02, 24, 0, 0.00, ''),
('010218052605763', 02, 25, 0, 0.00, ''),
('010218052605763', 02, 26, 0, 0.00, ''),
('010218052605763', 02, 27, 0, 0.00, ''),
('010218052605763', 02, 28, 0, 0.00, ''),
('010218052605763', 02, 29, 0, 0.00, ''),
('010218052605763', 02, 30, 0, 0.00, ''),
('010218052605763', 02, 31, 0, 0.00, ''),
('010218052605763', 02, 32, 0, 0.00, ''),
('010218052605763', 02, 33, 0, 0.00, ''),
('010218052605763', 02, 34, 0, 0.00, ''),
('010218052605763', 02, 35, 0, 0.00, ''),
('010218052605763', 02, 36, 7, 21.00, ''),
('010218052605763', 02, 37, 0, 0.00, ''),
('010218052605763', 02, 38, 0, 0.00, ''),
('010218052605763', 02, 39, 0, 0.00, ''),
('010218052605763', 02, 40, 0, 0.00, ''),
('010218052605763', 02, 41, 0, 0.00, ''),
('010218052605763', 02, 42, 1, 8.00, ''),
('010218052605763', 02, 43, 3, 24.00, ''),
('010218052605763', 02, 44, 0, 0.00, ''),
('010218052605763', 02, 45, 0, 0.00, ''),
('010218052605763', 02, 46, 2, 24.00, ''),
('010218052605763', 02, 47, 0, 0.00, ''),
('010218052605763', 02, 48, 0, 0.00, ''),
('010218052605763', 02, 49, 0, 0.00, ''),
('010218052605763', 02, 50, 0, 0.00, ''),
('010218052605763', 02, 51, 0, 0.00, ''),
('010218052605763', 02, 52, 0, 0.00, ''),
('010218052605763', 02, 53, 0, 0.00, ''),
('010218052605763', 02, 54, 0, 0.00, ''),
('010218052605763', 02, 55, 0, 0.00, ''),
('010218052605763', 02, 56, 0, 0.00, ''),
('010218052605763', 02, 57, 0, 0.00, ''),
('010218052605763', 02, 58, 0, 0.00, ''),
('010218052605763', 02, 59, 0, 0.00, ''),
('010218052605763', 02, 60, 0, 0.00, ''),
('010218052605763', 02, 61, 0, 0.00, ''),
('010218052605763', 02, 62, 0, 0.00, ''),
('010218052605763', 02, 63, 0, 0.00, ''),
('010218052605763', 02, 64, 0, 0.00, ''),
('010218052605763', 02, 65, 0, 0.00, ''),
('010218052605763', 02, 66, 0, 0.00, ''),
('010118052605793', 01, 1, 10, 35.70, ''),
('010118052605793', 01, 2, 10, 35.70, ''),
('010218052605793', 02, 3, 0, 0.00, ''),
('010218052605793', 02, 4, 0, 0.00, ''),
('010218052605793', 02, 5, 0, 0.00, ''),
('010218052605793', 02, 6, 0, 0.00, ''),
('010218052605793', 02, 7, 0, 0.00, ''),
('010218052605793', 02, 8, 0, 0.00, ''),
('010218052605793', 02, 9, 0, 0.00, ''),
('010218052605793', 02, 10, 0, 0.00, ''),
('010218052605793', 02, 11, 0, 0.00, ''),
('010218052605793', 02, 12, 0, 0.00, ''),
('010218052605793', 02, 13, 0, 0.00, ''),
('010218052605793', 02, 14, 0, 0.00, ''),
('010218052605793', 02, 15, 0, 0.00, ''),
('010218052605793', 02, 16, 0, 0.00, ''),
('010218052605793', 02, 17, 0, 0.00, ''),
('010218052605793', 02, 18, 0, 0.00, ''),
('010218052605793', 02, 19, 0, 0.00, ''),
('010218052605793', 02, 20, 0, 0.00, ''),
('010218052605793', 02, 21, 0, 37.00, ''),
('010218052605793', 02, 22, 0, 0.00, ''),
('010218052605793', 02, 23, 0, 0.00, ''),
('010218052605793', 02, 24, 0, 0.00, ''),
('010218052605793', 02, 25, 0, 0.00, ''),
('010218052605793', 02, 26, 0, 0.00, ''),
('010218052605793', 02, 27, 0, 0.00, ''),
('010218052605793', 02, 28, 1, 20.00, ''),
('010218052605793', 02, 29, 0, 0.00, ''),
('010218052605793', 02, 30, 0, 0.00, ''),
('010218052605793', 02, 31, 0, 0.00, ''),
('010218052605793', 02, 32, 0, 0.00, ''),
('010218052605793', 02, 33, 0, 0.00, ''),
('010218052605793', 02, 34, 0, 0.00, ''),
('010218052605793', 02, 35, 0, 0.00, ''),
('010218052605793', 02, 36, 1, 3.00, ''),
('010218052605793', 02, 37, 0, 0.00, ''),
('010218052605793', 02, 38, 1, 2.00, ''),
('010218052605793', 02, 39, 0, 0.00, ''),
('010218052605793', 02, 40, 0, 0.00, ''),
('010218052605793', 02, 41, 0, 0.00, ''),
('010218052605793', 02, 42, 1, 12.00, ''),
('010218052605793', 02, 43, 0, 0.00, ''),
('010218052605793', 02, 44, 0, 0.00, ''),
('010218052605793', 02, 45, 0, 0.00, ''),
('010218052605793', 02, 46, 0, 0.00, ''),
('010218052605793', 02, 47, 0, 0.00, ''),
('010218052605793', 02, 48, 0, 0.00, ''),
('010218052605793', 02, 49, 0, 0.00, ''),
('010218052605793', 02, 50, 0, 0.00, ''),
('010218052605793', 02, 51, 0, 0.00, ''),
('010218052605793', 02, 52, 0, 0.00, ''),
('010218052605793', 02, 53, 0, 0.00, ''),
('010218052605793', 02, 54, 0, 0.00, ''),
('010218052605793', 02, 55, 0, 0.00, ''),
('010218052605793', 02, 56, 0, 0.00, ''),
('010218052605793', 02, 57, 0, 0.00, ''),
('010218052605793', 02, 58, 0, 0.00, ''),
('010218052605793', 02, 59, 0, 0.00, ''),
('010218052605793', 02, 60, 0, 0.00, ''),
('010218052605793', 02, 61, 0, 0.00, ''),
('010218052605793', 02, 62, 0, 0.00, ''),
('010218052605793', 02, 63, 0, 0.00, ''),
('010218052605793', 02, 64, 0, 0.00, ''),
('010218052605793', 02, 65, 0, 0.00, ''),
('010218052605793', 02, 66, 0, 0.00, ''),
('010118051505793', 01, 1, 8, 18.40, ''),
('010118051505793', 01, 2, 8, 18.40, ''),
('010218051505793', 02, 3, 0, 0.00, ''),
('010218051505793', 02, 4, 0, 0.00, ''),
('010218051505793', 02, 5, 5, 24.00, ''),
('010218051505793', 02, 6, 0, 0.00, ''),
('010218051505793', 02, 7, 0, 0.00, ''),
('010218051505793', 02, 8, 0, 0.00, ''),
('010218051505793', 02, 9, 0, 0.00, ''),
('010218051505793', 02, 10, 1, 20.00, ''),
('010218051505793', 02, 11, 0, 0.00, ''),
('010218051505793', 02, 12, 0, 0.00, ''),
('010218051505793', 02, 13, 0, 0.00, ''),
('010218051505793', 02, 14, 4, 4.00, ''),
('010218051505793', 02, 15, 0, 0.00, ''),
('010218051505793', 02, 16, 0, 0.00, ''),
('010218051505793', 02, 17, 0, 0.00, ''),
('010218051505793', 02, 18, 0, 0.00, ''),
('010218051505793', 02, 19, 0, 0.00, ''),
('010218051505793', 02, 20, 0, 0.00, ''),
('010218051505793', 02, 21, 0, 0.00, ''),
('010218051505793', 02, 22, 0, 0.00, ''),
('010218051505793', 02, 23, 0, 0.00, ''),
('010218051505793', 02, 24, 0, 0.00, ''),
('010218051505793', 02, 25, 0, 0.00, ''),
('010218051505793', 02, 26, 0, 0.00, ''),
('010218051505793', 02, 27, 0, 0.00, ''),
('010218051505793', 02, 28, 0, 0.00, ''),
('010218051505793', 02, 29, 0, 0.00, ''),
('010218051505793', 02, 30, 0, 0.00, ''),
('010218051505793', 02, 31, 0, 0.00, ''),
('010218051505793', 02, 32, 0, 0.00, ''),
('010218051505793', 02, 33, 0, 0.00, ''),
('010218051505793', 02, 34, 0, 0.00, ''),
('010218051505793', 02, 35, 0, 0.00, ''),
('010218051505793', 02, 36, 0, 0.00, ''),
('010218051505793', 02, 37, 0, 0.00, ''),
('010218051505793', 02, 38, 0, 0.00, ''),
('010218051505793', 02, 39, 0, 0.00, ''),
('010218051505793', 02, 40, 0, 0.00, ''),
('010218051505793', 02, 41, 0, 0.00, ''),
('010218051505793', 02, 42, 0, 0.00, ''),
('010218051505793', 02, 43, 0, 0.00, ''),
('010218051505793', 02, 44, 0, 0.00, ''),
('010218051505793', 02, 45, 0, 0.00, ''),
('010218051505793', 02, 46, 0, 0.00, ''),
('010218051505793', 02, 47, 0, 0.00, ''),
('010218051505793', 02, 48, 0, 0.00, ''),
('010218051505793', 02, 49, 0, 0.00, ''),
('010218051505793', 02, 50, 0, 0.00, ''),
('010218051505793', 02, 51, 0, 0.00, ''),
('010218051505793', 02, 52, 0, 0.00, ''),
('010218051505793', 02, 53, 0, 0.00, ''),
('010218051505793', 02, 54, 0, 0.00, ''),
('010218051505793', 02, 55, 0, 0.00, ''),
('010218051505793', 02, 56, 0, 0.00, ''),
('010218051505793', 02, 57, 0, 0.00, ''),
('010218051505793', 02, 58, 0, 0.00, ''),
('010218051505793', 02, 59, 0, 0.00, ''),
('010218051505793', 02, 60, 0, 0.00, ''),
('010218051505793', 02, 61, 0, 0.00, ''),
('010218051505793', 02, 62, 0, 0.00, ''),
('010218051505793', 02, 63, 0, 0.00, ''),
('010218051505793', 02, 64, 0, 0.00, ''),
('010218051505793', 02, 65, 0, 0.00, ''),
('010218051505793', 02, 66, 0, 0.00, ''),
('010118052505763', 01, 1, 21, 97.40, ''),
('010118052505763', 01, 2, 21, 97.40, ''),
('010218052505763', 02, 3, 0, 0.00, ''),
('010218052505763', 02, 4, 0, 0.00, ''),
('010218052505763', 02, 5, 7, 32.00, ''),
('010218052505763', 02, 6, 0, 0.00, ''),
('010218052505763', 02, 7, 0, 0.00, ''),
('010218052505763', 02, 8, 0, 0.00, ''),
('010218052505763', 02, 9, 0, 0.00, ''),
('010218052505763', 02, 10, 1, 20.00, ''),
('010218052505763', 02, 11, 0, 0.00, ''),
('010218052505763', 02, 12, 0, 0.00, ''),
('010218052505763', 02, 13, 0, 0.00, ''),
('010218052505763', 02, 14, 6, 12.00, ''),
('010218052505763', 02, 15, 0, 0.00, ''),
('010218052505763', 02, 16, 0, 0.00, ''),
('010218052505763', 02, 17, 0, 0.00, ''),
('010218052505763', 02, 18, 0, 0.00, ''),
('010218052505763', 02, 19, 0, 0.00, ''),
('010218052505763', 02, 20, 0, 0.00, ''),
('010218052505763', 02, 21, 0, 190.00, ''),
('010218052505763', 02, 22, 5, 44.00, ''),
('010218052505763', 02, 23, 0, 0.00, ''),
('010218052505763', 02, 24, 0, 0.00, ''),
('010218052505763', 02, 25, 0, 0.00, ''),
('010218052505763', 02, 26, 0, 0.00, ''),
('010218052505763', 02, 27, 0, 0.00, ''),
('010218052505763', 02, 28, 0, 0.00, ''),
('010218052505763', 02, 29, 0, 0.00, ''),
('010218052505763', 02, 30, 0, 0.00, ''),
('010218052505763', 02, 31, 0, 0.00, ''),
('010218052505763', 02, 32, 0, 0.00, ''),
('010218052505763', 02, 33, 0, 0.00, ''),
('010218052505763', 02, 34, 0, 0.00, ''),
('010218052505763', 02, 35, 0, 0.00, ''),
('010218052505763', 02, 36, 4, 12.00, ''),
('010218052505763', 02, 37, 0, 0.00, ''),
('010218052505763', 02, 38, 3, 6.00, ''),
('010218052505763', 02, 39, 1, 10.00, ''),
('010218052505763', 02, 40, 0, 0.00, ''),
('010218052505763', 02, 41, 0, 0.00, ''),
('010218052505763', 02, 42, 7, 64.00, ''),
('010218052505763', 02, 43, 3, 24.00, ''),
('010218052505763', 02, 44, 1, 8.00, ''),
('010218052505763', 02, 45, 1, 10.00, ''),
('010218052505763', 02, 46, 0, 0.00, ''),
('010218052505763', 02, 47, 0, 0.00, ''),
('010218052505763', 02, 48, 0, 0.00, ''),
('010218052505763', 02, 49, 0, 0.00, ''),
('010218052505763', 02, 50, 0, 0.00, ''),
('010218052505763', 02, 51, 0, 0.00, ''),
('010218052505763', 02, 52, 1, 12.00, ''),
('010218052505763', 02, 53, 0, 0.00, ''),
('010218052505763', 02, 54, 0, 0.00, ''),
('010218052505763', 02, 55, 0, 0.00, ''),
('010218052505763', 02, 56, 0, 0.00, ''),
('010218052505763', 02, 57, 0, 0.00, ''),
('010218052505763', 02, 58, 0, 0.00, ''),
('010218052505763', 02, 59, 0, 0.00, ''),
('010218052505763', 02, 60, 0, 0.00, ''),
('010218052505763', 02, 61, 0, 0.00, ''),
('010218052505763', 02, 62, 0, 0.00, ''),
('010218052505763', 02, 63, 0, 0.00, ''),
('010218052505763', 02, 64, 0, 0.00, ''),
('010218052505763', 02, 65, 0, 0.00, ''),
('010218052505763', 02, 66, 0, 0.00, ''),
('010118052505786', 01, 1, 8, 18.40, ''),
('010118052505786', 01, 2, 8, 18.40, ''),
('010218052505786', 02, 3, 0, 0.00, ''),
('010218052505786', 02, 4, 0, 0.00, ''),
('010218052505786', 02, 5, 5, 24.00, ''),
('010218052505786', 02, 6, 0, 0.00, ''),
('010218052505786', 02, 7, 0, 0.00, ''),
('010218052505786', 02, 8, 0, 0.00, ''),
('010218052505786', 02, 9, 0, 0.00, ''),
('010218052505786', 02, 10, 1, 20.00, ''),
('010218052505786', 02, 11, 0, 0.00, ''),
('010218052505786', 02, 12, 0, 0.00, ''),
('010218052505786', 02, 13, 0, 0.00, ''),
('010218052505786', 02, 14, 4, 4.00, ''),
('010218052505786', 02, 15, 0, 0.00, ''),
('010218052505786', 02, 16, 0, 0.00, ''),
('010218052505786', 02, 17, 0, 0.00, ''),
('010218052505786', 02, 18, 0, 0.00, ''),
('010218052505786', 02, 19, 0, 0.00, ''),
('010218052505786', 02, 20, 0, 0.00, ''),
('010218052505786', 02, 21, 0, 91.00, ''),
('010218052505786', 02, 22, 3, 24.00, ''),
('010218052505786', 02, 23, 0, 0.00, ''),
('010218052505786', 02, 24, 0, 0.00, ''),
('010218052505786', 02, 25, 0, 0.00, ''),
('010218052505786', 02, 26, 0, 0.00, ''),
('010218052505786', 02, 27, 0, 0.00, ''),
('010218052505786', 02, 28, 0, 0.00, ''),
('010218052505786', 02, 29, 3, 24.00, ''),
('010218052505786', 02, 30, 0, 0.00, ''),
('010218052505786', 02, 31, 0, 0.00, ''),
('010218052505786', 02, 32, 0, 0.00, ''),
('010218052505786', 02, 33, 0, 0.00, ''),
('010218052505786', 02, 34, 0, 0.00, ''),
('010218052505786', 02, 35, 0, 0.00, ''),
('010218052505786', 02, 36, 1, 5.00, ''),
('010218052505786', 02, 37, 1, 10.00, ''),
('010218052505786', 02, 38, 0, 0.00, ''),
('010218052505786', 02, 39, 0, 0.00, ''),
('010218052505786', 02, 40, 0, 0.00, ''),
('010218052505786', 02, 41, 0, 0.00, ''),
('010218052505786', 02, 42, 1, 12.00, ''),
('010218052505786', 02, 43, 1, 8.00, ''),
('010218052505786', 02, 44, 0, 0.00, ''),
('010218052505786', 02, 45, 0, 0.00, ''),
('010218052505786', 02, 46, 1, 8.00, ''),
('010218052505786', 02, 47, 0, 0.00, ''),
('010218052505786', 02, 48, 0, 0.00, ''),
('010218052505786', 02, 49, 0, 0.00, ''),
('010218052505786', 02, 50, 0, 0.00, ''),
('010218052505786', 02, 51, 0, 0.00, ''),
('010218052505786', 02, 52, 0, 0.00, ''),
('010218052505786', 02, 53, 0, 0.00, ''),
('010218052505786', 02, 54, 0, 0.00, ''),
('010218052505786', 02, 55, 0, 0.00, ''),
('010218052505786', 02, 56, 0, 0.00, ''),
('010218052505786', 02, 57, 0, 0.00, ''),
('010218052505786', 02, 58, 0, 0.00, ''),
('010218052505786', 02, 59, 0, 0.00, ''),
('010218052505786', 02, 60, 0, 0.00, ''),
('010218052505786', 02, 61, 0, 0.00, ''),
('010218052505786', 02, 62, 0, 0.00, ''),
('010218052505786', 02, 63, 0, 0.00, ''),
('010218052505786', 02, 64, 0, 0.00, ''),
('010218052505786', 02, 65, 0, 0.00, ''),
('010218052505786', 02, 66, 0, 0.00, ''),
('010118052605757', 01, 1, 16, 42.20, ''),
('010118052605757', 01, 2, 16, 42.20, ''),
('010218052605757', 02, 3, 0, 0.00, ''),
('010218052605757', 02, 4, 0, 0.00, ''),
('010218052605757', 02, 5, 3, 55.00, ''),
('010218052605757', 02, 6, 0, 0.00, ''),
('010218052605757', 02, 7, 2, 35.00, ''),
('010218052605757', 02, 8, 0, 0.00, ''),
('010218052605757', 02, 9, 0, 0.00, ''),
('010218052605757', 02, 10, 1, 20.00, ''),
('010218052605757', 02, 11, 0, 0.00, ''),
('010218052605757', 02, 12, 0, 0.00, ''),
('010218052605757', 02, 13, 0, 0.00, ''),
('010218052605757', 02, 14, 0, 0.00, ''),
('010218052605757', 02, 15, 0, 0.00, ''),
('010218052605757', 02, 16, 0, 0.00, ''),
('010218052605757', 02, 17, 0, 0.00, ''),
('010218052605757', 02, 18, 0, 0.00, ''),
('010218052605757', 02, 19, 0, 0.00, ''),
('010218052605757', 02, 20, 0, 0.00, ''),
('010218052605757', 02, 21, 0, 66.00, ''),
('010218052605757', 02, 22, 4, 40.00, ''),
('010218052605757', 02, 23, 0, 0.00, ''),
('010218052605757', 02, 24, 0, 0.00, ''),
('010218052605757', 02, 25, 0, 0.00, ''),
('010218052605757', 02, 26, 0, 0.00, ''),
('010218052605757', 02, 27, 1, 8.00, ''),
('010218052605757', 02, 28, 0, 0.00, ''),
('010218052605757', 02, 29, 1, 8.00, ''),
('010218052605757', 02, 30, 0, 0.00, ''),
('010218052605757', 02, 31, 0, 0.00, ''),
('010218052605757', 02, 32, 0, 0.00, ''),
('010218052605757', 02, 33, 0, 0.00, ''),
('010218052605757', 02, 34, 0, 0.00, ''),
('010218052605757', 02, 35, 0, 0.00, ''),
('010218052605757', 02, 36, 0, 0.00, ''),
('010218052605757', 02, 37, 0, 0.00, ''),
('010218052605757', 02, 38, 0, 0.00, ''),
('010218052605757', 02, 39, 0, 0.00, ''),
('010218052605757', 02, 40, 1, 10.00, ''),
('010218052605757', 02, 41, 0, 0.00, ''),
('010218052605757', 02, 42, 0, 0.00, ''),
('010218052605757', 02, 43, 0, 0.00, ''),
('010218052605757', 02, 44, 0, 0.00, ''),
('010218052605757', 02, 45, 0, 0.00, ''),
('010218052605757', 02, 46, 0, 0.00, ''),
('010218052605757', 02, 47, 0, 0.00, ''),
('010218052605757', 02, 48, 0, 0.00, ''),
('010218052605757', 02, 49, 0, 0.00, ''),
('010218052605757', 02, 50, 0, 0.00, ''),
('010218052605757', 02, 51, 0, 0.00, ''),
('010218052605757', 02, 52, 0, 0.00, ''),
('010218052605757', 02, 53, 0, 0.00, ''),
('010218052605757', 02, 54, 0, 0.00, ''),
('010218052605757', 02, 55, 0, 0.00, ''),
('010218052605757', 02, 56, 0, 0.00, ''),
('010218052605757', 02, 57, 0, 0.00, ''),
('010218052605757', 02, 58, 0, 0.00, ''),
('010218052605757', 02, 59, 0, 0.00, ''),
('010218052605757', 02, 60, 0, 0.00, ''),
('010218052605757', 02, 61, 0, 0.00, ''),
('010218052605757', 02, 62, 0, 0.00, ''),
('010218052605757', 02, 63, 0, 0.00, ''),
('010218052605757', 02, 64, 0, 0.00, ''),
('010218052605757', 02, 65, 0, 0.00, ''),
('010218052605757', 02, 66, 0, 0.00, ''),
('010118052305738', 01, 1, 3, 30.30, ''),
('010118052305738', 01, 2, 3, 30.30, ''),
('010218052305738', 02, 3, 0, 0.00, ''),
('010218052305738', 02, 4, 0, 0.00, ''),
('010218052305738', 02, 5, 3, 6.00, ''),
('010218052305738', 02, 6, 0, 0.00, ''),
('010218052305738', 02, 7, 0, 0.00, ''),
('010218052305738', 02, 8, 0, 0.00, ''),
('010218052305738', 02, 9, 0, 0.00, ''),
('010218052305738', 02, 10, 0, 0.00, ''),
('010218052305738', 02, 11, 0, 0.00, ''),
('010218052305738', 02, 12, 0, 0.00, ''),
('010218052305738', 02, 13, 0, 0.00, ''),
('010218052305738', 02, 14, 3, 6.00, ''),
('010218052305738', 02, 15, 0, 0.00, ''),
('010218052305738', 02, 16, 0, 0.00, ''),
('010218052305738', 02, 17, 0, 0.00, ''),
('010218052305738', 02, 18, 0, 0.00, ''),
('010218052305738', 02, 19, 0, 0.00, ''),
('010218052305738', 02, 20, 0, 0.00, ''),
('010218052305738', 02, 21, 0, 0.00, ''),
('010218052305738', 02, 22, 0, 0.00, ''),
('010218052305738', 02, 23, 0, 0.00, ''),
('010218052305738', 02, 24, 0, 0.00, ''),
('010218052305738', 02, 25, 0, 0.00, ''),
('010218052305738', 02, 26, 0, 0.00, ''),
('010218052305738', 02, 27, 0, 0.00, ''),
('010218052305738', 02, 28, 0, 0.00, ''),
('010218052305738', 02, 29, 0, 0.00, ''),
('010218052305738', 02, 30, 0, 0.00, ''),
('010218052305738', 02, 31, 0, 0.00, ''),
('010218052305738', 02, 32, 0, 0.00, ''),
('010218052305738', 02, 33, 0, 0.00, ''),
('010218052305738', 02, 34, 0, 0.00, ''),
('010218052305738', 02, 35, 0, 0.00, ''),
('010218052305738', 02, 36, 0, 0.00, ''),
('010218052305738', 02, 37, 0, 0.00, ''),
('010218052305738', 02, 38, 0, 0.00, ''),
('010218052305738', 02, 39, 0, 0.00, ''),
('010218052305738', 02, 40, 0, 0.00, ''),
('010218052305738', 02, 41, 0, 0.00, ''),
('010218052305738', 02, 42, 0, 0.00, ''),
('010218052305738', 02, 43, 0, 0.00, ''),
('010218052305738', 02, 44, 0, 0.00, ''),
('010218052305738', 02, 45, 0, 0.00, ''),
('010218052305738', 02, 46, 0, 0.00, ''),
('010218052305738', 02, 47, 0, 0.00, ''),
('010218052305738', 02, 48, 0, 0.00, ''),
('010218052305738', 02, 49, 0, 0.00, ''),
('010218052305738', 02, 50, 0, 0.00, ''),
('010218052305738', 02, 51, 0, 0.00, ''),
('010218052305738', 02, 52, 0, 0.00, ''),
('010218052305738', 02, 53, 0, 0.00, ''),
('010218052305738', 02, 54, 0, 0.00, ''),
('010218052305738', 02, 55, 0, 0.00, ''),
('010218052305738', 02, 56, 0, 0.00, ''),
('010218052305738', 02, 57, 0, 0.00, ''),
('010218052305738', 02, 58, 0, 0.00, ''),
('010218052305738', 02, 59, 0, 0.00, ''),
('010218052305738', 02, 60, 0, 0.00, ''),
('010218052305738', 02, 61, 0, 0.00, ''),
('010218052305738', 02, 62, 0, 0.00, ''),
('010218052305738', 02, 63, 0, 0.00, ''),
('010218052305738', 02, 64, 0, 0.00, ''),
('010218052305738', 02, 65, 0, 0.00, ''),
('010218052305738', 02, 66, 0, 0.00, ''),
('010118052805738', 01, 1, 2, 4.00, ''),
('010118052805738', 01, 2, 2, 4.00, ''),
('010218052805738', 02, 3, 0, 0.00, ''),
('010218052805738', 02, 4, 0, 0.00, ''),
('010218052805738', 02, 5, 1, 2.00, ''),
('010218052805738', 02, 6, 0, 0.00, ''),
('010218052805738', 02, 7, 0, 0.00, ''),
('010218052805738', 02, 8, 0, 0.00, ''),
('010218052805738', 02, 9, 0, 0.00, ''),
('010218052805738', 02, 10, 0, 0.00, ''),
('010218052805738', 02, 11, 0, 0.00, ''),
('010218052805738', 02, 12, 0, 0.00, ''),
('010218052805738', 02, 13, 0, 0.00, ''),
('010218052805738', 02, 14, 1, 2.00, ''),
('010218052805738', 02, 15, 0, 0.00, ''),
('010218052805738', 02, 16, 0, 0.00, ''),
('010218052805738', 02, 17, 0, 0.00, ''),
('010218052805738', 02, 18, 0, 0.00, ''),
('010218052805738', 02, 19, 0, 0.00, ''),
('010218052805738', 02, 20, 0, 0.00, ''),
('010218052805738', 02, 21, 0, 26.00, ''),
('010218052805738', 02, 22, 1, 8.00, ''),
('010218052805738', 02, 23, 0, 0.00, ''),
('010218052805738', 02, 24, 0, 0.00, ''),
('010218052805738', 02, 25, 0, 0.00, ''),
('010218052805738', 02, 26, 0, 0.00, ''),
('010218052805738', 02, 27, 1, 8.00, ''),
('010218052805738', 02, 28, 0, 0.00, ''),
('010218052805738', 02, 29, 0, 0.00, ''),
('010218052805738', 02, 30, 0, 0.00, ''),
('010218052805738', 02, 31, 0, 0.00, ''),
('010218052805738', 02, 32, 0, 0.00, ''),
('010218052805738', 02, 33, 0, 0.00, ''),
('010218052805738', 02, 34, 0, 0.00, ''),
('010218052805738', 02, 35, 0, 0.00, ''),
('010218052805738', 02, 36, 0, 0.00, ''),
('010218052805738', 02, 37, 1, 10.00, ''),
('010218052805738', 02, 38, 0, 0.00, ''),
('010218052805738', 02, 39, 0, 0.00, ''),
('010218052805738', 02, 40, 0, 0.00, ''),
('010218052805738', 02, 41, 0, 0.00, ''),
('010218052805738', 02, 42, 0, 0.00, ''),
('010218052805738', 02, 43, 0, 0.00, ''),
('010218052805738', 02, 44, 0, 0.00, ''),
('010218052805738', 02, 45, 0, 0.00, ''),
('010218052805738', 02, 46, 0, 0.00, ''),
('010218052805738', 02, 47, 0, 0.00, ''),
('010218052805738', 02, 48, 0, 0.00, ''),
('010218052805738', 02, 49, 0, 0.00, ''),
('010218052805738', 02, 50, 0, 0.00, ''),
('010218052805738', 02, 51, 0, 0.00, ''),
('010218052805738', 02, 52, 0, 0.00, ''),
('010218052805738', 02, 53, 0, 0.00, ''),
('010218052805738', 02, 54, 0, 0.00, ''),
('010218052805738', 02, 55, 0, 0.00, ''),
('010218052805738', 02, 56, 0, 0.00, ''),
('010218052805738', 02, 57, 0, 0.00, ''),
('010218052805738', 02, 58, 0, 0.00, ''),
('010218052805738', 02, 59, 0, 0.00, ''),
('010218052805738', 02, 60, 0, 0.00, ''),
('010218052805738', 02, 61, 0, 0.00, ''),
('010218052805738', 02, 62, 0, 0.00, ''),
('010218052805738', 02, 63, 0, 0.00, ''),
('010218052805738', 02, 64, 0, 0.00, ''),
('010218052805738', 02, 65, 0, 0.00, ''),
('010218052805738', 02, 66, 0, 0.00, ''),
('010118052505761', 01, 1, 3, 29.70, ''),
('010118052505761', 01, 2, 3, 29.70, ''),
('010218052505761', 02, 3, 0, 0.00, ''),
('010218052505761', 02, 4, 0, 0.00, ''),
('010218052505761', 02, 5, 1, 2.00, ''),
('010218052505761', 02, 6, 0, 0.00, ''),
('010218052505761', 02, 7, 0, 0.00, ''),
('010218052505761', 02, 8, 0, 0.00, ''),
('010218052505761', 02, 9, 0, 0.00, ''),
('010218052505761', 02, 10, 0, 0.00, ''),
('010218052505761', 02, 11, 0, 0.00, ''),
('010218052505761', 02, 12, 0, 0.00, ''),
('010218052505761', 02, 13, 0, 0.00, ''),
('010218052505761', 02, 14, 0, 0.00, ''),
('010218052505761', 02, 15, 0, 0.00, ''),
('010218052505761', 02, 16, 0, 0.00, ''),
('010218052505761', 02, 17, 1, 2.00, ''),
('010218052505761', 02, 18, 0, 0.00, ''),
('010218052505761', 02, 19, 0, 0.00, ''),
('010218052505761', 02, 20, 0, 0.00, ''),
('010218052505761', 02, 21, 0, 13.00, ''),
('010218052505761', 02, 22, 0, 0.00, ''),
('010218052505761', 02, 23, 0, 0.00, ''),
('010218052505761', 02, 24, 0, 0.00, ''),
('010218052505761', 02, 25, 0, 0.00, ''),
('010218052505761', 02, 26, 0, 0.00, ''),
('010218052505761', 02, 27, 0, 0.00, ''),
('010218052505761', 02, 28, 0, 0.00, ''),
('010218052505761', 02, 29, 0, 0.00, ''),
('010218052505761', 02, 30, 0, 0.00, ''),
('010218052505761', 02, 31, 0, 0.00, ''),
('010218052505761', 02, 32, 0, 0.00, ''),
('010218052505761', 02, 33, 0, 0.00, ''),
('010218052505761', 02, 34, 0, 0.00, ''),
('010218052505761', 02, 35, 0, 0.00, ''),
('010218052505761', 02, 36, 1, 3.00, ''),
('010218052505761', 02, 37, 0, 0.00, ''),
('010218052505761', 02, 38, 0, 0.00, ''),
('010218052505761', 02, 39, 0, 0.00, ''),
('010218052505761', 02, 40, 0, 0.00, ''),
('010218052505761', 02, 41, 0, 0.00, ''),
('010218052505761', 02, 42, 0, 0.00, ''),
('010218052505761', 02, 43, 1, 10.00, ''),
('010218052505761', 02, 44, 0, 0.00, '');
INSERT INTO `lrecaudacion_detalle` (`LRECAU_ID`, `LRECTIP_ID`, `IDITEM`, `CANTIDAD`, `MONTO`, `CELDA`) VALUES
('010218052505761', 02, 45, 0, 0.00, ''),
('010218052505761', 02, 46, 0, 0.00, ''),
('010218052505761', 02, 47, 0, 0.00, ''),
('010218052505761', 02, 48, 0, 0.00, ''),
('010218052505761', 02, 49, 0, 0.00, ''),
('010218052505761', 02, 50, 0, 0.00, ''),
('010218052505761', 02, 51, 0, 0.00, ''),
('010218052505761', 02, 52, 0, 0.00, ''),
('010218052505761', 02, 53, 0, 0.00, ''),
('010218052505761', 02, 54, 0, 0.00, ''),
('010218052505761', 02, 55, 0, 0.00, ''),
('010218052505761', 02, 56, 0, 0.00, ''),
('010218052505761', 02, 57, 0, 0.00, ''),
('010218052505761', 02, 58, 0, 0.00, ''),
('010218052505761', 02, 59, 0, 0.00, ''),
('010218052505761', 02, 60, 0, 0.00, ''),
('010218052505761', 02, 61, 0, 0.00, ''),
('010218052505761', 02, 62, 0, 0.00, ''),
('010218052505761', 02, 63, 0, 0.00, ''),
('010218052505761', 02, 64, 0, 0.00, ''),
('010218052505761', 02, 65, 0, 0.00, ''),
('010218052505761', 02, 66, 0, 0.00, ''),
('010118052805761', 01, 1, 8, 38.80, ''),
('010118052805761', 01, 2, 8, 38.80, ''),
('010218052805761', 02, 3, 0, 0.00, ''),
('010218052805761', 02, 4, 0, 0.00, ''),
('010218052805761', 02, 5, 1, 20.00, ''),
('010218052805761', 02, 6, 0, 0.00, ''),
('010218052805761', 02, 7, 0, 0.00, ''),
('010218052805761', 02, 8, 0, 0.00, ''),
('010218052805761', 02, 9, 0, 0.00, ''),
('010218052805761', 02, 10, 1, 20.00, ''),
('010218052805761', 02, 11, 0, 0.00, ''),
('010218052805761', 02, 12, 0, 0.00, ''),
('010218052805761', 02, 13, 0, 0.00, ''),
('010218052805761', 02, 14, 0, 0.00, ''),
('010218052805761', 02, 15, 0, 0.00, ''),
('010218052805761', 02, 16, 0, 0.00, ''),
('010218052805761', 02, 17, 0, 0.00, ''),
('010218052805761', 02, 18, 0, 0.00, ''),
('010218052805761', 02, 19, 0, 0.00, ''),
('010218052805761', 02, 20, 0, 0.00, ''),
('010218052805761', 02, 21, 0, 19.00, ''),
('010218052805761', 02, 22, 1, 8.00, ''),
('010218052805761', 02, 23, 0, 0.00, ''),
('010218052805761', 02, 24, 0, 0.00, ''),
('010218052805761', 02, 25, 0, 0.00, ''),
('010218052805761', 02, 26, 0, 0.00, ''),
('010218052805761', 02, 27, 0, 0.00, ''),
('010218052805761', 02, 28, 0, 0.00, ''),
('010218052805761', 02, 29, 0, 0.00, ''),
('010218052805761', 02, 30, 0, 0.00, ''),
('010218052805761', 02, 31, 0, 0.00, ''),
('010218052805761', 02, 32, 0, 0.00, ''),
('010218052805761', 02, 33, 0, 0.00, ''),
('010218052805761', 02, 34, 0, 0.00, ''),
('010218052805761', 02, 35, 0, 0.00, ''),
('010218052805761', 02, 36, 1, 3.00, ''),
('010218052805761', 02, 37, 0, 0.00, ''),
('010218052805761', 02, 38, 0, 0.00, ''),
('010218052805761', 02, 39, 0, 0.00, ''),
('010218052805761', 02, 40, 0, 0.00, ''),
('010218052805761', 02, 41, 0, 0.00, ''),
('010218052805761', 02, 42, 0, 0.00, ''),
('010218052805761', 02, 43, 1, 8.00, ''),
('010218052805761', 02, 44, 0, 0.00, ''),
('010218052805761', 02, 45, 0, 0.00, ''),
('010218052805761', 02, 46, 0, 0.00, ''),
('010218052805761', 02, 47, 0, 0.00, ''),
('010218052805761', 02, 48, 0, 0.00, ''),
('010218052805761', 02, 49, 0, 0.00, ''),
('010218052805761', 02, 50, 0, 0.00, ''),
('010218052805761', 02, 51, 0, 0.00, ''),
('010218052805761', 02, 52, 0, 0.00, ''),
('010218052805761', 02, 53, 0, 0.00, ''),
('010218052805761', 02, 54, 0, 0.00, ''),
('010218052805761', 02, 55, 0, 0.00, ''),
('010218052805761', 02, 56, 0, 0.00, ''),
('010218052805761', 02, 57, 0, 0.00, ''),
('010218052805761', 02, 58, 0, 0.00, ''),
('010218052805761', 02, 59, 0, 0.00, ''),
('010218052805761', 02, 60, 0, 0.00, ''),
('010218052805761', 02, 61, 0, 0.00, ''),
('010218052805761', 02, 62, 0, 0.00, ''),
('010218052805761', 02, 63, 0, 0.00, ''),
('010218052805761', 02, 64, 0, 0.00, ''),
('010218052805761', 02, 65, 0, 0.00, ''),
('010218052805761', 02, 66, 0, 0.00, ''),
('010118052805793', 01, 1, 2, 8.60, ''),
('010118052805793', 01, 2, 2, 8.60, ''),
('010218052805793', 02, 3, 0, 0.00, ''),
('010218052805793', 02, 4, 0, 0.00, ''),
('010218052805793', 02, 5, 1, 20.00, ''),
('010218052805793', 02, 6, 0, 0.00, ''),
('010218052805793', 02, 7, 0, 0.00, ''),
('010218052805793', 02, 8, 0, 0.00, ''),
('010218052805793', 02, 9, 0, 0.00, ''),
('010218052805793', 02, 10, 1, 20.00, ''),
('010218052805793', 02, 11, 0, 0.00, ''),
('010218052805793', 02, 12, 0, 0.00, ''),
('010218052805793', 02, 13, 0, 0.00, ''),
('010218052805793', 02, 14, 0, 0.00, ''),
('010218052805793', 02, 15, 0, 0.00, ''),
('010218052805793', 02, 16, 0, 0.00, ''),
('010218052805793', 02, 17, 0, 0.00, ''),
('010218052805793', 02, 18, 0, 0.00, ''),
('010218052805793', 02, 19, 0, 0.00, ''),
('010218052805793', 02, 20, 0, 0.00, ''),
('010218052805793', 02, 21, 0, 0.00, ''),
('010218052805793', 02, 22, 0, 0.00, ''),
('010218052805793', 02, 23, 0, 0.00, ''),
('010218052805793', 02, 24, 0, 0.00, ''),
('010218052805793', 02, 25, 0, 0.00, ''),
('010218052805793', 02, 26, 0, 0.00, ''),
('010218052805793', 02, 27, 0, 0.00, ''),
('010218052805793', 02, 28, 0, 0.00, ''),
('010218052805793', 02, 29, 0, 0.00, ''),
('010218052805793', 02, 30, 0, 0.00, ''),
('010218052805793', 02, 31, 0, 0.00, ''),
('010218052805793', 02, 32, 0, 0.00, ''),
('010218052805793', 02, 33, 0, 0.00, ''),
('010218052805793', 02, 34, 0, 0.00, ''),
('010218052805793', 02, 35, 0, 0.00, ''),
('010218052805793', 02, 36, 0, 0.00, ''),
('010218052805793', 02, 37, 0, 0.00, ''),
('010218052805793', 02, 38, 0, 0.00, ''),
('010218052805793', 02, 39, 0, 0.00, ''),
('010218052805793', 02, 40, 0, 0.00, ''),
('010218052805793', 02, 41, 0, 0.00, ''),
('010218052805793', 02, 42, 0, 0.00, ''),
('010218052805793', 02, 43, 0, 0.00, ''),
('010218052805793', 02, 44, 0, 0.00, ''),
('010218052805793', 02, 45, 0, 0.00, ''),
('010218052805793', 02, 46, 0, 0.00, ''),
('010218052805793', 02, 47, 0, 0.00, ''),
('010218052805793', 02, 48, 0, 0.00, ''),
('010218052805793', 02, 49, 0, 0.00, ''),
('010218052805793', 02, 50, 0, 0.00, ''),
('010218052805793', 02, 51, 0, 0.00, ''),
('010218052805793', 02, 52, 0, 0.00, ''),
('010218052805793', 02, 53, 0, 0.00, ''),
('010218052805793', 02, 54, 0, 0.00, ''),
('010218052805793', 02, 55, 0, 0.00, ''),
('010218052805793', 02, 56, 0, 0.00, ''),
('010218052805793', 02, 57, 0, 0.00, ''),
('010218052805793', 02, 58, 0, 0.00, ''),
('010218052805793', 02, 59, 0, 0.00, ''),
('010218052805793', 02, 60, 0, 0.00, ''),
('010218052805793', 02, 61, 0, 0.00, ''),
('010218052805793', 02, 62, 0, 0.00, ''),
('010218052805793', 02, 63, 0, 0.00, ''),
('010218052805793', 02, 64, 0, 0.00, ''),
('010218052805793', 02, 65, 0, 0.00, ''),
('010218052805793', 02, 66, 0, 0.00, ''),
('010118051805822', 01, 1, 10, 21.90, ''),
('010118051805822', 01, 2, 10, 21.90, ''),
('010218051805822', 02, 3, 0, 0.00, ''),
('010218051805822', 02, 4, 0, 0.00, ''),
('010218051805822', 02, 5, 2, 22.00, ''),
('010218051805822', 02, 6, 0, 0.00, ''),
('010218051805822', 02, 7, 0, 0.00, ''),
('010218051805822', 02, 8, 0, 0.00, ''),
('010218051805822', 02, 9, 0, 0.00, ''),
('010218051805822', 02, 10, 1, 20.00, ''),
('010218051805822', 02, 11, 0, 0.00, ''),
('010218051805822', 02, 12, 0, 0.00, ''),
('010218051805822', 02, 13, 0, 0.00, ''),
('010218051805822', 02, 14, 1, 2.00, ''),
('010218051805822', 02, 15, 0, 0.00, ''),
('010218051805822', 02, 16, 0, 0.00, ''),
('010218051805822', 02, 17, 0, 0.00, ''),
('010218051805822', 02, 18, 0, 0.00, ''),
('010218051805822', 02, 19, 0, 0.00, ''),
('010218051805822', 02, 20, 0, 0.00, ''),
('010218051805822', 02, 21, 0, 1.00, ''),
('010218051805822', 02, 22, 0, 0.00, ''),
('010218051805822', 02, 23, 0, 0.00, ''),
('010218051805822', 02, 24, 0, 0.00, ''),
('010218051805822', 02, 25, 0, 0.00, ''),
('010218051805822', 02, 26, 0, 0.00, ''),
('010218051805822', 02, 27, 0, 0.00, ''),
('010218051805822', 02, 28, 0, 0.00, ''),
('010218051805822', 02, 29, 0, 0.00, ''),
('010218051805822', 02, 30, 0, 0.00, ''),
('010218051805822', 02, 31, 0, 0.00, ''),
('010218051805822', 02, 32, 0, 0.00, ''),
('010218051805822', 02, 33, 10, 0.00, ''),
('010218051805822', 02, 34, 0, 0.00, ''),
('010218051805822', 02, 35, 0, 0.00, ''),
('010218051805822', 02, 36, 1, 1.00, ''),
('010218051805822', 02, 37, 0, 0.00, ''),
('010218051805822', 02, 38, 0, 0.00, ''),
('010218051805822', 02, 39, 0, 0.00, ''),
('010218051805822', 02, 40, 0, 0.00, ''),
('010218051805822', 02, 41, 0, 0.00, ''),
('010218051805822', 02, 42, 0, 0.00, ''),
('010218051805822', 02, 43, 0, 0.00, ''),
('010218051805822', 02, 44, 0, 0.00, ''),
('010218051805822', 02, 45, 0, 0.00, ''),
('010218051805822', 02, 46, 0, 0.00, ''),
('010218051805822', 02, 47, 0, 0.00, ''),
('010218051805822', 02, 48, 0, 0.00, ''),
('010218051805822', 02, 49, 0, 0.00, ''),
('010218051805822', 02, 50, 0, 0.00, ''),
('010218051805822', 02, 51, 0, 0.00, ''),
('010218051805822', 02, 52, 0, 0.00, ''),
('010218051805822', 02, 53, 0, 0.00, ''),
('010218051805822', 02, 54, 0, 0.00, ''),
('010218051805822', 02, 55, 0, 0.00, ''),
('010218051805822', 02, 56, 0, 0.00, ''),
('010218051805822', 02, 57, 0, 0.00, ''),
('010218051805822', 02, 58, 0, 0.00, ''),
('010218051805822', 02, 59, 0, 0.00, ''),
('010218051805822', 02, 60, 0, 0.00, ''),
('010218051805822', 02, 61, 0, 0.00, ''),
('010218051805822', 02, 62, 0, 0.00, ''),
('010218051805822', 02, 63, 0, 0.00, ''),
('010218051805822', 02, 64, 0, 0.00, ''),
('010218051805822', 02, 65, 0, 0.00, ''),
('010218051805822', 02, 66, 0, 0.00, ''),
('010118051605822', 01, 1, 7, 8.90, ''),
('010118051605822', 01, 2, 7, 8.90, ''),
('010218051605822', 02, 3, 0, 0.00, ''),
('010218051605822', 02, 4, 0, 0.00, ''),
('010218051605822', 02, 5, 0, 0.00, ''),
('010218051605822', 02, 6, 0, 0.00, ''),
('010218051605822', 02, 7, 0, 0.00, ''),
('010218051605822', 02, 8, 0, 0.00, ''),
('010218051605822', 02, 9, 0, 0.00, ''),
('010218051605822', 02, 10, 0, 0.00, ''),
('010218051605822', 02, 11, 0, 0.00, ''),
('010218051605822', 02, 12, 0, 0.00, ''),
('010218051605822', 02, 13, 0, 0.00, ''),
('010218051605822', 02, 14, 0, 0.00, ''),
('010218051605822', 02, 15, 0, 0.00, ''),
('010218051605822', 02, 16, 0, 0.00, ''),
('010218051605822', 02, 17, 0, 0.00, ''),
('010218051605822', 02, 18, 0, 0.00, ''),
('010218051605822', 02, 19, 0, 0.00, ''),
('010218051605822', 02, 20, 0, 0.00, ''),
('010218051605822', 02, 21, 0, 49.00, ''),
('010218051605822', 02, 22, 8, 42.00, ''),
('010218051605822', 02, 23, 0, 0.00, ''),
('010218051605822', 02, 24, 0, 0.00, ''),
('010218051605822', 02, 25, 0, 0.00, ''),
('010218051605822', 02, 26, 0, 0.00, ''),
('010218051605822', 02, 27, 0, 0.00, ''),
('010218051605822', 02, 28, 0, 0.00, ''),
('010218051605822', 02, 29, 0, 0.00, ''),
('010218051605822', 02, 30, 0, 0.00, ''),
('010218051605822', 02, 31, 0, 0.00, ''),
('010218051605822', 02, 32, 0, 0.00, ''),
('010218051605822', 02, 33, 0, 0.00, ''),
('010218051605822', 02, 34, 0, 0.00, ''),
('010218051605822', 02, 35, 0, 0.00, ''),
('010218051605822', 02, 36, 1, 1.00, ''),
('010218051605822', 02, 37, 0, 0.00, ''),
('010218051605822', 02, 38, 0, 0.00, ''),
('010218051605822', 02, 39, 0, 0.00, ''),
('010218051605822', 02, 40, 0, 0.00, ''),
('010218051605822', 02, 41, 0, 0.00, ''),
('010218051605822', 02, 42, 0, 0.00, ''),
('010218051605822', 02, 43, 0, 0.00, ''),
('010218051605822', 02, 44, 0, 0.00, ''),
('010218051605822', 02, 45, 0, 0.00, ''),
('010218051605822', 02, 46, 1, 6.00, ''),
('010218051605822', 02, 47, 0, 0.00, ''),
('010218051605822', 02, 48, 0, 0.00, ''),
('010218051605822', 02, 49, 0, 0.00, ''),
('010218051605822', 02, 50, 0, 0.00, ''),
('010218051605822', 02, 51, 0, 0.00, ''),
('010218051605822', 02, 52, 0, 0.00, ''),
('010218051605822', 02, 53, 0, 0.00, ''),
('010218051605822', 02, 54, 0, 0.00, ''),
('010218051605822', 02, 55, 0, 0.00, ''),
('010218051605822', 02, 56, 0, 0.00, ''),
('010218051605822', 02, 57, 0, 0.00, ''),
('010218051605822', 02, 58, 0, 0.00, ''),
('010218051605822', 02, 59, 0, 0.00, ''),
('010218051605822', 02, 60, 0, 0.00, ''),
('010218051605822', 02, 61, 0, 0.00, ''),
('010218051605822', 02, 62, 0, 0.00, ''),
('010218051605822', 02, 63, 0, 0.00, ''),
('010218051605822', 02, 64, 0, 0.00, ''),
('010218051605822', 02, 65, 0, 0.00, ''),
('010218051605822', 02, 66, 0, 0.00, ''),
('010118052905754', 01, 1, 23, 1.39, ''),
('010118052905754', 01, 2, 23, 1.39, ''),
('010218052905754', 02, 3, 0, 0.00, ''),
('010218052905754', 02, 4, 0, 0.00, ''),
('010218052905754', 02, 5, 0, 0.00, ''),
('010218052905754', 02, 6, 0, 0.00, ''),
('010218052905754', 02, 7, 0, 0.00, ''),
('010218052905754', 02, 8, 0, 0.00, ''),
('010218052905754', 02, 9, 0, 0.00, ''),
('010218052905754', 02, 10, 0, 0.00, ''),
('010218052905754', 02, 11, 0, 0.00, ''),
('010218052905754', 02, 12, 0, 0.00, ''),
('010218052905754', 02, 13, 0, 0.00, ''),
('010218052905754', 02, 14, 0, 0.00, ''),
('010218052905754', 02, 15, 0, 0.00, ''),
('010218052905754', 02, 16, 0, 0.00, ''),
('010218052905754', 02, 17, 0, 0.00, ''),
('010218052905754', 02, 18, 0, 0.00, ''),
('010218052905754', 02, 19, 0, 0.00, ''),
('010218052905754', 02, 20, 0, 0.00, ''),
('010218052905754', 02, 21, 0, 240.00, ''),
('010218052905754', 02, 22, 6, 48.00, ''),
('010218052905754', 02, 23, 0, 0.00, ''),
('010218052905754', 02, 24, 0, 0.00, ''),
('010218052905754', 02, 25, 0, 0.00, ''),
('010218052905754', 02, 26, 0, 0.00, ''),
('010218052905754', 02, 27, 2, 16.00, ''),
('010218052905754', 02, 28, 0, 0.00, ''),
('010218052905754', 02, 29, 5, 100.00, ''),
('010218052905754', 02, 30, 0, 0.00, ''),
('010218052905754', 02, 31, 0, 0.00, ''),
('010218052905754', 02, 32, 0, 0.00, ''),
('010218052905754', 02, 33, 0, 0.00, ''),
('010218052905754', 02, 34, 0, 0.00, ''),
('010218052905754', 02, 35, 0, 0.00, ''),
('010218052905754', 02, 36, 2, 6.00, ''),
('010218052905754', 02, 37, 0, 0.00, ''),
('010218052905754', 02, 38, 0, 0.00, ''),
('010218052905754', 02, 39, 0, 0.00, ''),
('010218052905754', 02, 40, 0, 0.00, ''),
('010218052905754', 02, 41, 0, 0.00, ''),
('010218052905754', 02, 42, 4, 32.00, ''),
('010218052905754', 02, 43, 0, 0.00, ''),
('010218052905754', 02, 44, 0, 0.00, ''),
('010218052905754', 02, 45, 0, 0.00, ''),
('010218052905754', 02, 46, 2, 38.00, ''),
('010218052905754', 02, 47, 0, 0.00, ''),
('010218052905754', 02, 48, 0, 0.00, ''),
('010218052905754', 02, 49, 0, 0.00, ''),
('010218052905754', 02, 50, 0, 0.00, ''),
('010218052905754', 02, 51, 0, 0.00, ''),
('010218052905754', 02, 52, 0, 0.00, ''),
('010218052905754', 02, 53, 0, 0.00, ''),
('010218052905754', 02, 54, 0, 0.00, ''),
('010218052905754', 02, 55, 0, 0.00, ''),
('010218052905754', 02, 56, 0, 0.00, ''),
('010218052905754', 02, 57, 0, 0.00, ''),
('010218052905754', 02, 58, 0, 0.00, ''),
('010218052905754', 02, 59, 0, 0.00, ''),
('010218052905754', 02, 60, 0, 0.00, ''),
('010218052905754', 02, 61, 0, 0.00, ''),
('010218052905754', 02, 62, 0, 0.00, ''),
('010218052905754', 02, 63, 0, 0.00, ''),
('010218052905754', 02, 64, 0, 0.00, ''),
('010218052905754', 02, 65, 0, 0.00, ''),
('010218052905754', 02, 66, 0, 0.00, ''),
('010118052216525', 01, 1, 10, 10.00, ''),
('010118052216525', 01, 2, 10, 10.00, ''),
('010218052216525', 02, 3, 0, 0.00, ''),
('010218052216525', 02, 4, 0, 0.00, ''),
('010218052216525', 02, 5, 2, 4.00, ''),
('010218052216525', 02, 6, 0, 0.00, ''),
('010218052216525', 02, 7, 0, 0.00, ''),
('010218052216525', 02, 8, 0, 0.00, ''),
('010218052216525', 02, 9, 0, 0.00, ''),
('010218052216525', 02, 10, 0, 0.00, ''),
('010218052216525', 02, 11, 0, 0.00, ''),
('010218052216525', 02, 12, 0, 0.00, ''),
('010218052216525', 02, 13, 0, 0.00, ''),
('010218052216525', 02, 14, 2, 4.00, ''),
('010218052216525', 02, 15, 0, 0.00, ''),
('010218052216525', 02, 16, 0, 0.00, ''),
('010218052216525', 02, 17, 0, 0.00, ''),
('010218052216525', 02, 18, 0, 0.00, ''),
('010218052216525', 02, 19, 0, 0.00, ''),
('010218052216525', 02, 20, 0, 0.00, ''),
('010218052216525', 02, 21, 0, 5.00, ''),
('010218052216525', 02, 22, 1, 5.00, ''),
('010218052216525', 02, 23, 0, 0.00, ''),
('010218052216525', 02, 24, 0, 0.00, ''),
('010218052216525', 02, 25, 0, 0.00, ''),
('010218052216525', 02, 26, 0, 0.00, ''),
('010218052216525', 02, 27, 0, 0.00, ''),
('010218052216525', 02, 28, 0, 0.00, ''),
('010218052216525', 02, 29, 0, 0.00, ''),
('010218052216525', 02, 30, 0, 0.00, ''),
('010218052216525', 02, 31, 0, 0.00, ''),
('010218052216525', 02, 32, 0, 0.00, ''),
('010218052216525', 02, 33, 0, 0.00, ''),
('010218052216525', 02, 34, 0, 0.00, ''),
('010218052216525', 02, 35, 0, 0.00, ''),
('010218052216525', 02, 36, 0, 0.00, ''),
('010218052216525', 02, 37, 0, 0.00, ''),
('010218052216525', 02, 38, 0, 0.00, ''),
('010218052216525', 02, 39, 0, 0.00, ''),
('010218052216525', 02, 40, 0, 0.00, ''),
('010218052216525', 02, 41, 0, 0.00, ''),
('010218052216525', 02, 42, 0, 0.00, ''),
('010218052216525', 02, 43, 0, 0.00, ''),
('010218052216525', 02, 44, 0, 0.00, ''),
('010218052216525', 02, 45, 0, 0.00, ''),
('010218052216525', 02, 46, 0, 0.00, ''),
('010218052216525', 02, 47, 0, 0.00, ''),
('010218052216525', 02, 48, 0, 0.00, ''),
('010218052216525', 02, 49, 0, 0.00, ''),
('010218052216525', 02, 50, 0, 0.00, ''),
('010218052216525', 02, 51, 0, 0.00, ''),
('010218052216525', 02, 52, 0, 0.00, ''),
('010218052216525', 02, 53, 0, 0.00, ''),
('010218052216525', 02, 54, 0, 0.00, ''),
('010218052216525', 02, 55, 0, 0.00, ''),
('010218052216525', 02, 56, 0, 0.00, ''),
('010218052216525', 02, 57, 0, 0.00, ''),
('010218052216525', 02, 58, 0, 0.00, ''),
('010218052216525', 02, 59, 0, 0.00, ''),
('010218052216525', 02, 60, 0, 0.00, ''),
('010218052216525', 02, 61, 0, 0.00, ''),
('010218052216525', 02, 62, 0, 0.00, ''),
('010218052216525', 02, 63, 0, 0.00, ''),
('010218052216525', 02, 64, 0, 0.00, ''),
('010218052216525', 02, 65, 0, 0.00, ''),
('010218052216525', 02, 66, 0, 0.00, ''),
('010118052605772', 01, 1, 40, 103.60, ''),
('010118052605772', 01, 2, 40, 103.60, ''),
('010218052605772', 02, 3, 0, 0.00, ''),
('010218052605772', 02, 4, 0, 0.00, ''),
('010218052605772', 02, 5, 10, 38.00, ''),
('010218052605772', 02, 6, 0, 0.00, ''),
('010218052605772', 02, 7, 0, 0.00, ''),
('010218052605772', 02, 8, 0, 0.00, ''),
('010218052605772', 02, 9, 0, 0.00, ''),
('010218052605772', 02, 10, 1, 20.00, ''),
('010218052605772', 02, 11, 0, 0.00, ''),
('010218052605772', 02, 12, 0, 0.00, ''),
('010218052605772', 02, 13, 0, 0.00, ''),
('010218052605772', 02, 14, 0, 0.00, ''),
('010218052605772', 02, 15, 0, 0.00, ''),
('010218052605772', 02, 16, 0, 0.00, ''),
('010218052605772', 02, 17, 9, 18.00, ''),
('010218052605772', 02, 18, 0, 0.00, ''),
('010218052605772', 02, 19, 0, 0.00, ''),
('010218052605772', 02, 20, 0, 0.00, ''),
('010218052605772', 02, 21, 0, 461.00, ''),
('010218052605772', 02, 22, 18, 200.00, ''),
('010218052605772', 02, 23, 0, 0.00, ''),
('010218052605772', 02, 24, 0, 0.00, ''),
('010218052605772', 02, 25, 0, 0.00, ''),
('010218052605772', 02, 26, 0, 0.00, ''),
('010218052605772', 02, 27, 2, 20.00, ''),
('010218052605772', 02, 28, 1, 20.00, ''),
('010218052605772', 02, 29, 2, 16.00, ''),
('010218052605772', 02, 30, 9, 72.00, ''),
('010218052605772', 02, 31, 0, 0.00, ''),
('010218052605772', 02, 32, 0, 0.00, ''),
('010218052605772', 02, 33, 0, 0.00, ''),
('010218052605772', 02, 34, 0, 0.00, ''),
('010218052605772', 02, 35, 0, 0.00, ''),
('010218052605772', 02, 36, 4, 12.00, ''),
('010218052605772', 02, 37, 0, 0.00, ''),
('010218052605772', 02, 38, 0, 0.00, ''),
('010218052605772', 02, 39, 0, 0.00, ''),
('010218052605772', 02, 40, 0, 0.00, ''),
('010218052605772', 02, 41, 0, 0.00, ''),
('010218052605772', 02, 42, 3, 28.00, ''),
('010218052605772', 02, 43, 1, 8.00, ''),
('010218052605772', 02, 44, 0, 0.00, ''),
('010218052605772', 02, 45, 1, 10.00, ''),
('010218052605772', 02, 46, 2, 35.00, ''),
('010218052605772', 02, 47, 0, 0.00, ''),
('010218052605772', 02, 48, 0, 0.00, ''),
('010218052605772', 02, 49, 2, 40.00, ''),
('010218052605772', 02, 50, 0, 0.00, ''),
('010218052605772', 02, 51, 0, 0.00, ''),
('010218052605772', 02, 52, 0, 0.00, ''),
('010218052605772', 02, 53, 0, 0.00, ''),
('010218052605772', 02, 54, 0, 0.00, ''),
('010218052605772', 02, 55, 0, 0.00, ''),
('010218052605772', 02, 56, 0, 0.00, ''),
('010218052605772', 02, 57, 0, 0.00, ''),
('010218052605772', 02, 58, 0, 0.00, ''),
('010218052605772', 02, 59, 0, 0.00, ''),
('010218052605772', 02, 60, 0, 0.00, ''),
('010218052605772', 02, 61, 0, 0.00, ''),
('010218052605772', 02, 62, 0, 0.00, ''),
('010218052605772', 02, 63, 0, 0.00, ''),
('010218052605772', 02, 64, 0, 0.00, ''),
('010218052605772', 02, 65, 0, 0.00, ''),
('010218052605772', 02, 66, 0, 0.00, ''),
('010118052705772', 01, 1, 25, 97.20, ''),
('010118052705772', 01, 2, 25, 97.20, ''),
('010218052705772', 02, 3, 0, 0.00, ''),
('010218052705772', 02, 4, 0, 0.00, ''),
('010218052705772', 02, 5, 3, 6.00, ''),
('010218052705772', 02, 6, 0, 0.00, ''),
('010218052705772', 02, 7, 0, 0.00, ''),
('010218052705772', 02, 8, 0, 0.00, ''),
('010218052705772', 02, 9, 0, 0.00, ''),
('010218052705772', 02, 10, 0, 0.00, ''),
('010218052705772', 02, 11, 0, 0.00, ''),
('010218052705772', 02, 12, 0, 0.00, ''),
('010218052705772', 02, 13, 0, 0.00, ''),
('010218052705772', 02, 14, 0, 0.00, ''),
('010218052705772', 02, 15, 0, 0.00, ''),
('010218052705772', 02, 16, 0, 0.00, ''),
('010218052705772', 02, 17, 3, 6.00, ''),
('010218052705772', 02, 18, 0, 0.00, ''),
('010218052705772', 02, 19, 0, 0.00, ''),
('010218052705772', 02, 20, 0, 0.00, ''),
('010218052705772', 02, 21, 0, 42.01, ''),
('010218052705772', 02, 22, 0, 0.00, ''),
('010218052705772', 02, 23, 0, 0.00, ''),
('010218052705772', 02, 24, 0, 0.00, ''),
('010218052705772', 02, 25, 0, 0.00, ''),
('010218052705772', 02, 26, 0, 0.00, ''),
('010218052705772', 02, 27, 0, 0.00, ''),
('010218052705772', 02, 28, 0, 0.00, ''),
('010218052705772', 02, 29, 0, 0.00, ''),
('010218052705772', 02, 30, 3, 24.00, ''),
('010218052705772', 02, 31, 0, 0.00, ''),
('010218052705772', 02, 32, 0, 0.00, ''),
('010218052705772', 02, 33, 0, 0.00, ''),
('010218052705772', 02, 34, 0, 0.00, ''),
('010218052705772', 02, 35, 0, 0.00, ''),
('010218052705772', 02, 36, 2, 8.00, ''),
('010218052705772', 02, 37, 0, 0.00, ''),
('010218052705772', 02, 38, 0, 0.00, ''),
('010218052705772', 02, 39, 0, 0.00, ''),
('010218052705772', 02, 40, 0, 0.01, ''),
('010218052705772', 02, 41, 1, 10.00, ''),
('010218052705772', 02, 42, 0, 0.00, ''),
('010218052705772', 02, 43, 0, 0.00, ''),
('010218052705772', 02, 44, 0, 0.00, ''),
('010218052705772', 02, 45, 0, 0.00, ''),
('010218052705772', 02, 46, 0, 0.00, ''),
('010218052705772', 02, 47, 0, 0.00, ''),
('010218052705772', 02, 48, 0, 0.00, ''),
('010218052705772', 02, 49, 0, 0.00, ''),
('010218052705772', 02, 50, 0, 0.00, ''),
('010218052705772', 02, 51, 0, 0.00, ''),
('010218052705772', 02, 52, 0, 0.00, ''),
('010218052705772', 02, 53, 0, 0.00, ''),
('010218052705772', 02, 54, 0, 0.00, ''),
('010218052705772', 02, 55, 0, 0.00, ''),
('010218052705772', 02, 56, 0, 0.00, ''),
('010218052705772', 02, 57, 0, 0.00, ''),
('010218052705772', 02, 58, 0, 0.00, ''),
('010218052705772', 02, 59, 0, 0.00, ''),
('010218052705772', 02, 60, 0, 0.00, ''),
('010218052705772', 02, 61, 0, 0.00, ''),
('010218052705772', 02, 62, 0, 0.00, ''),
('010218052705772', 02, 63, 0, 0.00, ''),
('010218052705772', 02, 64, 0, 0.00, ''),
('010218052705772', 02, 65, 0, 0.00, ''),
('010218052705772', 02, 66, 0, 0.00, ''),
('010118050305767', 01, 1, 16, 65.14, ''),
('010118050305767', 01, 2, 16, 65.14, ''),
('010218050305767', 02, 3, 0, 0.00, ''),
('010218050305767', 02, 4, 0, 0.00, ''),
('010218050305767', 02, 5, 26, 186.00, ''),
('010218050305767', 02, 6, 0, 0.00, ''),
('010218050305767', 02, 7, 1, 20.00, ''),
('010218050305767', 02, 8, 0, 0.00, ''),
('010218050305767', 02, 9, 0, 0.00, ''),
('010218050305767', 02, 10, 12, 120.00, ''),
('010218050305767', 02, 11, 0, 0.00, ''),
('010218050305767', 02, 12, 0, 0.00, ''),
('010218050305767', 02, 13, 0, 0.00, ''),
('010218050305767', 02, 14, 13, 46.00, ''),
('010218050305767', 02, 15, 0, 0.00, ''),
('010218050305767', 02, 16, 0, 0.00, ''),
('010218050305767', 02, 17, 0, 0.00, ''),
('010218050305767', 02, 18, 0, 0.00, ''),
('010218050305767', 02, 19, 0, 0.00, ''),
('010218050305767', 02, 20, 0, 0.00, ''),
('010218050305767', 02, 21, 0, 84.00, ''),
('010218050305767', 02, 22, 3, 24.00, ''),
('010218050305767', 02, 23, 0, 0.00, ''),
('010218050305767', 02, 24, 0, 0.00, ''),
('010218050305767', 02, 25, 0, 0.00, ''),
('010218050305767', 02, 26, 0, 0.00, ''),
('010218050305767', 02, 27, 1, 8.00, ''),
('010218050305767', 02, 28, 0, 0.00, ''),
('010218050305767', 02, 29, 0, 0.00, ''),
('010218050305767', 02, 30, 0, 0.00, ''),
('010218050305767', 02, 31, 0, 0.00, ''),
('010218050305767', 02, 32, 0, 0.00, ''),
('010218050305767', 02, 33, 0, 0.00, ''),
('010218050305767', 02, 34, 0, 0.00, ''),
('010218050305767', 02, 35, 0, 0.00, ''),
('010218050305767', 02, 36, 0, 0.00, ''),
('010218050305767', 02, 37, 0, 0.00, ''),
('010218050305767', 02, 38, 0, 0.00, ''),
('010218050305767', 02, 39, 0, 0.00, ''),
('010218050305767', 02, 40, 0, 0.00, ''),
('010218050305767', 02, 41, 0, 0.00, ''),
('010218050305767', 02, 42, 3, 24.00, ''),
('010218050305767', 02, 43, 1, 8.00, ''),
('010218050305767', 02, 44, 0, 0.00, ''),
('010218050305767', 02, 45, 0, 0.00, ''),
('010218050305767', 02, 46, 2, 20.00, ''),
('010218050305767', 02, 47, 0, 0.00, ''),
('010218050305767', 02, 48, 0, 0.00, ''),
('010218050305767', 02, 49, 0, 0.00, ''),
('010218050305767', 02, 50, 0, 0.00, ''),
('010218050305767', 02, 51, 0, 0.00, ''),
('010218050305767', 02, 52, 0, 0.00, ''),
('010218050305767', 02, 53, 0, 0.00, ''),
('010218050305767', 02, 54, 0, 0.00, ''),
('010218050305767', 02, 55, 0, 0.00, ''),
('010218050305767', 02, 56, 0, 0.00, ''),
('010218050305767', 02, 57, 0, 0.00, ''),
('010218050305767', 02, 58, 0, 0.00, ''),
('010218050305767', 02, 59, 0, 0.00, ''),
('010218050305767', 02, 60, 0, 0.00, ''),
('010218050305767', 02, 61, 0, 0.00, ''),
('010218050305767', 02, 62, 0, 0.00, ''),
('010218050305767', 02, 63, 0, 0.00, ''),
('010218050305767', 02, 64, 0, 0.00, ''),
('010218050305767', 02, 65, 0, 0.00, ''),
('010218050305767', 02, 66, 0, 0.00, ''),
('010118052805792', 01, 1, 25, 50.00, ''),
('010118052805792', 01, 2, 25, 50.00, ''),
('010218052805792', 02, 3, 0, 0.00, ''),
('010218052805792', 02, 4, 0, 0.00, ''),
('010218052805792', 02, 5, 1, 20.00, ''),
('010218052805792', 02, 6, 0, 0.00, ''),
('010218052805792', 02, 7, 0, 0.00, ''),
('010218052805792', 02, 8, 0, 0.00, ''),
('010218052805792', 02, 9, 0, 0.00, ''),
('010218052805792', 02, 10, 1, 20.00, ''),
('010218052805792', 02, 11, 0, 0.00, ''),
('010218052805792', 02, 12, 0, 0.00, ''),
('010218052805792', 02, 13, 0, 0.00, ''),
('010218052805792', 02, 14, 0, 0.00, ''),
('010218052805792', 02, 15, 0, 0.00, ''),
('010218052805792', 02, 16, 0, 0.00, ''),
('010218052805792', 02, 17, 0, 0.00, ''),
('010218052805792', 02, 18, 0, 0.00, ''),
('010218052805792', 02, 19, 0, 0.00, ''),
('010218052805792', 02, 20, 0, 0.00, ''),
('010218052805792', 02, 21, 0, 0.00, ''),
('010218052805792', 02, 22, 0, 0.00, ''),
('010218052805792', 02, 23, 0, 0.00, ''),
('010218052805792', 02, 24, 0, 0.00, ''),
('010218052805792', 02, 25, 0, 0.00, ''),
('010218052805792', 02, 26, 0, 0.00, ''),
('010218052805792', 02, 27, 0, 0.00, ''),
('010218052805792', 02, 28, 0, 0.00, ''),
('010218052805792', 02, 29, 0, 0.00, ''),
('010218052805792', 02, 30, 0, 0.00, ''),
('010218052805792', 02, 31, 0, 0.00, ''),
('010218052805792', 02, 32, 0, 0.00, ''),
('010218052805792', 02, 33, 0, 0.00, ''),
('010218052805792', 02, 34, 0, 0.00, ''),
('010218052805792', 02, 35, 0, 0.00, ''),
('010218052805792', 02, 36, 0, 0.00, ''),
('010218052805792', 02, 37, 0, 0.00, ''),
('010218052805792', 02, 38, 0, 0.00, ''),
('010218052805792', 02, 39, 0, 0.00, ''),
('010218052805792', 02, 40, 0, 0.00, ''),
('010218052805792', 02, 41, 0, 0.00, ''),
('010218052805792', 02, 42, 0, 0.00, ''),
('010218052805792', 02, 43, 0, 0.00, ''),
('010218052805792', 02, 44, 0, 0.00, ''),
('010218052805792', 02, 45, 0, 0.00, ''),
('010218052805792', 02, 46, 0, 0.00, ''),
('010218052805792', 02, 47, 0, 0.00, ''),
('010218052805792', 02, 48, 0, 0.00, ''),
('010218052805792', 02, 49, 0, 0.00, ''),
('010218052805792', 02, 50, 0, 0.00, ''),
('010218052805792', 02, 51, 0, 0.00, ''),
('010218052805792', 02, 52, 0, 0.00, ''),
('010218052805792', 02, 53, 0, 0.00, ''),
('010218052805792', 02, 54, 0, 0.00, ''),
('010218052805792', 02, 55, 0, 0.00, ''),
('010218052805792', 02, 56, 0, 0.00, ''),
('010218052805792', 02, 57, 0, 0.00, ''),
('010218052805792', 02, 58, 0, 0.00, ''),
('010218052805792', 02, 59, 0, 0.00, ''),
('010218052805792', 02, 60, 0, 0.00, ''),
('010218052805792', 02, 61, 0, 0.00, ''),
('010218052805792', 02, 62, 0, 0.00, ''),
('010218052805792', 02, 63, 0, 0.00, ''),
('010218052805792', 02, 64, 0, 0.00, ''),
('010218052805792', 02, 65, 0, 0.00, ''),
('010218052805792', 02, 66, 0, 0.00, ''),
('010118052305767', 01, 1, 10, 0.10, ''),
('010118052305767', 01, 2, 10, 0.10, ''),
('010218052305767', 02, 3, 0, 0.00, ''),
('010218052305767', 02, 4, 0, 0.00, ''),
('010218052305767', 02, 5, 10, 2.00, ''),
('010218052305767', 02, 6, 0, 0.00, ''),
('010218052305767', 02, 7, 0, 0.00, ''),
('010218052305767', 02, 8, 0, 0.00, ''),
('010218052305767', 02, 9, 0, 0.00, ''),
('010218052305767', 02, 10, 0, 0.00, ''),
('010218052305767', 02, 11, 0, 0.00, ''),
('010218052305767', 02, 12, 0, 0.00, ''),
('010218052305767', 02, 13, 0, 0.00, ''),
('010218052305767', 02, 14, 0, 0.00, ''),
('010218052305767', 02, 15, 0, 0.00, ''),
('010218052305767', 02, 16, 0, 0.00, ''),
('010218052305767', 02, 17, 0, 0.00, ''),
('010218052305767', 02, 18, 0, 0.00, ''),
('010218052305767', 02, 19, 10, 2.00, ''),
('010218052305767', 02, 20, 0, 0.00, ''),
('010218052305767', 02, 21, 0, 0.00, ''),
('010218052305767', 02, 22, 0, 0.00, ''),
('010218052305767', 02, 23, 0, 0.00, ''),
('010218052305767', 02, 24, 0, 0.00, ''),
('010218052305767', 02, 25, 0, 0.00, ''),
('010218052305767', 02, 26, 0, 0.00, ''),
('010218052305767', 02, 27, 0, 0.00, ''),
('010218052305767', 02, 28, 0, 0.00, ''),
('010218052305767', 02, 29, 0, 0.00, ''),
('010218052305767', 02, 30, 0, 0.00, ''),
('010218052305767', 02, 31, 0, 0.00, ''),
('010218052305767', 02, 32, 0, 0.00, ''),
('010218052305767', 02, 33, 0, 0.00, ''),
('010218052305767', 02, 34, 0, 0.00, ''),
('010218052305767', 02, 35, 0, 0.00, ''),
('010218052305767', 02, 36, 0, 0.00, ''),
('010218052305767', 02, 37, 0, 0.00, ''),
('010218052305767', 02, 38, 0, 0.00, ''),
('010218052305767', 02, 39, 0, 0.00, ''),
('010218052305767', 02, 40, 0, 0.00, ''),
('010218052305767', 02, 41, 0, 0.00, ''),
('010218052305767', 02, 42, 0, 0.00, ''),
('010218052305767', 02, 43, 0, 0.00, ''),
('010218052305767', 02, 44, 0, 0.00, ''),
('010218052305767', 02, 45, 0, 0.00, ''),
('010218052305767', 02, 46, 0, 0.00, ''),
('010218052305767', 02, 47, 0, 0.00, ''),
('010218052305767', 02, 48, 0, 0.00, ''),
('010218052305767', 02, 49, 0, 0.00, ''),
('010218052305767', 02, 50, 0, 0.00, ''),
('010218052305767', 02, 51, 0, 0.00, ''),
('010218052305767', 02, 52, 0, 0.00, ''),
('010218052305767', 02, 53, 0, 0.00, ''),
('010218052305767', 02, 54, 0, 0.00, ''),
('010218052305767', 02, 55, 0, 0.00, ''),
('010218052305767', 02, 56, 0, 0.00, ''),
('010218052305767', 02, 57, 0, 0.00, ''),
('010218052305767', 02, 58, 0, 0.00, ''),
('010218052305767', 02, 59, 0, 0.00, ''),
('010218052305767', 02, 60, 0, 0.00, ''),
('010218052305767', 02, 61, 0, 0.00, ''),
('010218052305767', 02, 62, 0, 0.00, ''),
('010218052305767', 02, 63, 0, 0.00, ''),
('010218052305767', 02, 64, 0, 0.00, ''),
('010218052305767', 02, 65, 0, 0.00, ''),
('010218052305767', 02, 66, 0, 0.00, ''),
('010118052105824', 01, 1, 7, 50.00, ''),
('010118052105824', 01, 2, 7, 50.00, ''),
('010218052105824', 02, 3, 0, 0.00, ''),
('010218052105824', 02, 4, 0, 0.00, ''),
('010218052105824', 02, 5, 0, 0.00, ''),
('010218052105824', 02, 6, 0, 0.00, ''),
('010218052105824', 02, 7, 0, 0.00, ''),
('010218052105824', 02, 8, 0, 0.00, ''),
('010218052105824', 02, 9, 0, 0.00, ''),
('010218052105824', 02, 10, 0, 0.00, ''),
('010218052105824', 02, 11, 0, 0.00, ''),
('010218052105824', 02, 12, 0, 0.00, ''),
('010218052105824', 02, 13, 0, 0.00, ''),
('010218052105824', 02, 14, 0, 0.00, ''),
('010218052105824', 02, 15, 0, 0.00, ''),
('010218052105824', 02, 16, 0, 0.00, ''),
('010218052105824', 02, 17, 0, 0.00, ''),
('010218052105824', 02, 18, 0, 0.00, ''),
('010218052105824', 02, 19, 0, 0.00, ''),
('010218052105824', 02, 20, 0, 0.00, ''),
('010218052105824', 02, 21, 0, 82.00, ''),
('010218052105824', 02, 22, 6, 36.00, ''),
('010218052105824', 02, 23, 0, 0.00, ''),
('010218052105824', 02, 24, 0, 0.00, ''),
('010218052105824', 02, 25, 0, 0.00, ''),
('010218052105824', 02, 26, 0, 0.00, ''),
('010218052105824', 02, 27, 0, 0.00, ''),
('010218052105824', 02, 28, 0, 0.00, ''),
('010218052105824', 02, 29, 0, 0.00, ''),
('010218052105824', 02, 30, 2, 14.00, ''),
('010218052105824', 02, 31, 0, 0.00, ''),
('010218052105824', 02, 32, 0, 0.00, ''),
('010218052105824', 02, 33, 0, 0.00, ''),
('010218052105824', 02, 34, 0, 0.00, ''),
('010218052105824', 02, 35, 0, 0.00, ''),
('010218052105824', 02, 36, 0, 0.00, ''),
('010218052105824', 02, 37, 0, 0.00, ''),
('010218052105824', 02, 38, 2, 2.00, ''),
('010218052105824', 02, 39, 0, 0.00, ''),
('010218052105824', 02, 40, 1, 5.00, ''),
('010218052105824', 02, 41, 0, 0.00, ''),
('010218052105824', 02, 42, 0, 0.00, ''),
('010218052105824', 02, 43, 0, 0.00, ''),
('010218052105824', 02, 44, 0, 0.00, ''),
('010218052105824', 02, 45, 0, 0.00, ''),
('010218052105824', 02, 46, 2, 25.00, ''),
('010218052105824', 02, 47, 0, 0.00, ''),
('010218052105824', 02, 48, 0, 0.00, ''),
('010218052105824', 02, 49, 0, 0.00, ''),
('010218052105824', 02, 50, 0, 0.00, ''),
('010218052105824', 02, 51, 0, 0.00, ''),
('010218052105824', 02, 52, 0, 0.00, ''),
('010218052105824', 02, 53, 0, 0.00, ''),
('010218052105824', 02, 54, 0, 0.00, ''),
('010218052105824', 02, 55, 0, 0.00, ''),
('010218052105824', 02, 56, 0, 0.00, ''),
('010218052105824', 02, 57, 0, 0.00, ''),
('010218052105824', 02, 58, 0, 0.00, ''),
('010218052105824', 02, 59, 0, 0.00, ''),
('010218052105824', 02, 60, 0, 0.00, ''),
('010218052105824', 02, 61, 0, 0.00, ''),
('010218052105824', 02, 62, 0, 0.00, ''),
('010218052105824', 02, 63, 0, 0.00, ''),
('010218052105824', 02, 64, 0, 0.00, ''),
('010218052105824', 02, 65, 0, 0.00, ''),
('010218052105824', 02, 66, 0, 0.00, ''),
('010118052305770', 01, 1, 2, 57.30, ''),
('010118052305770', 01, 2, 2, 57.30, ''),
('010218052305770', 02, 3, 0, 0.00, ''),
('010218052305770', 02, 4, 0, 0.00, ''),
('010218052305770', 02, 5, 0, 0.00, ''),
('010218052305770', 02, 6, 0, 0.00, ''),
('010218052305770', 02, 7, 0, 0.00, ''),
('010218052305770', 02, 8, 0, 0.00, ''),
('010218052305770', 02, 9, 0, 0.00, ''),
('010218052305770', 02, 10, 0, 0.00, ''),
('010218052305770', 02, 11, 0, 0.00, ''),
('010218052305770', 02, 12, 0, 0.00, ''),
('010218052305770', 02, 13, 0, 0.00, ''),
('010218052305770', 02, 14, 0, 0.00, ''),
('010218052305770', 02, 15, 0, 0.00, ''),
('010218052305770', 02, 16, 0, 0.00, ''),
('010218052305770', 02, 17, 0, 0.00, ''),
('010218052305770', 02, 18, 0, 0.00, ''),
('010218052305770', 02, 19, 0, 0.00, ''),
('010218052305770', 02, 20, 0, 0.00, ''),
('010218052305770', 02, 21, 0, 60.00, ''),
('010218052305770', 02, 22, 3, 32.00, ''),
('010218052305770', 02, 23, 0, 0.00, ''),
('010218052305770', 02, 24, 0, 0.00, ''),
('010218052305770', 02, 25, 0, 0.00, ''),
('010218052305770', 02, 26, 0, 0.00, ''),
('010218052305770', 02, 27, 0, 0.00, ''),
('010218052305770', 02, 28, 0, 0.00, ''),
('010218052305770', 02, 29, 0, 0.00, ''),
('010218052305770', 02, 30, 0, 0.00, ''),
('010218052305770', 02, 31, 0, 0.00, ''),
('010218052305770', 02, 32, 0, 0.00, ''),
('010218052305770', 02, 33, 0, 0.00, ''),
('010218052305770', 02, 34, 0, 0.00, ''),
('010218052305770', 02, 35, 0, 0.00, ''),
('010218052305770', 02, 36, 0, 0.00, ''),
('010218052305770', 02, 37, 0, 0.00, ''),
('010218052305770', 02, 38, 0, 0.00, ''),
('010218052305770', 02, 39, 0, 0.00, ''),
('010218052305770', 02, 40, 0, 0.00, ''),
('010218052305770', 02, 41, 0, 0.00, ''),
('010218052305770', 02, 42, 3, 28.00, ''),
('010218052305770', 02, 43, 0, 0.00, ''),
('010218052305770', 02, 44, 0, 0.00, ''),
('010218052305770', 02, 45, 0, 0.00, ''),
('010218052305770', 02, 46, 0, 0.00, ''),
('010218052305770', 02, 47, 0, 0.00, ''),
('010218052305770', 02, 48, 0, 0.00, ''),
('010218052305770', 02, 49, 0, 0.00, ''),
('010218052305770', 02, 50, 0, 0.00, ''),
('010218052305770', 02, 51, 0, 0.00, ''),
('010218052305770', 02, 52, 0, 0.00, ''),
('010218052305770', 02, 53, 0, 0.00, ''),
('010218052305770', 02, 54, 0, 0.00, ''),
('010218052305770', 02, 55, 0, 0.00, ''),
('010218052305770', 02, 56, 0, 0.00, ''),
('010218052305770', 02, 57, 0, 0.00, ''),
('010218052305770', 02, 58, 0, 0.00, ''),
('010218052305770', 02, 59, 0, 0.00, ''),
('010218052305770', 02, 60, 0, 0.00, ''),
('010218052305770', 02, 61, 0, 0.00, ''),
('010218052305770', 02, 62, 0, 0.00, ''),
('010218052305770', 02, 63, 0, 0.00, ''),
('010218052305770', 02, 64, 0, 0.00, ''),
('010218052305770', 02, 65, 0, 0.00, ''),
('010218052305770', 02, 66, 0, 0.00, ''),
('010118052905792', 01, 1, 16, 50.00, ''),
('010118052905792', 01, 2, 16, 50.00, ''),
('010218052905792', 02, 3, 0, 0.00, ''),
('010218052905792', 02, 4, 0, 0.00, ''),
('010218052905792', 02, 5, 0, 0.00, ''),
('010218052905792', 02, 6, 0, 0.00, ''),
('010218052905792', 02, 7, 0, 0.00, ''),
('010218052905792', 02, 8, 0, 0.00, ''),
('010218052905792', 02, 9, 0, 0.00, ''),
('010218052905792', 02, 10, 0, 0.00, ''),
('010218052905792', 02, 11, 0, 0.00, ''),
('010218052905792', 02, 12, 0, 0.00, ''),
('010218052905792', 02, 13, 0, 0.00, ''),
('010218052905792', 02, 14, 0, 0.00, ''),
('010218052905792', 02, 15, 0, 0.00, ''),
('010218052905792', 02, 16, 0, 0.00, ''),
('010218052905792', 02, 17, 0, 0.00, ''),
('010218052905792', 02, 18, 0, 0.00, ''),
('010218052905792', 02, 19, 0, 0.00, ''),
('010218052905792', 02, 20, 0, 0.00, ''),
('010218052905792', 02, 21, 0, 30.00, ''),
('010218052905792', 02, 22, 0, 0.00, ''),
('010218052905792', 02, 23, 0, 0.00, ''),
('010218052905792', 02, 24, 0, 0.00, ''),
('010218052905792', 02, 25, 0, 0.00, ''),
('010218052905792', 02, 26, 0, 0.00, ''),
('010218052905792', 02, 27, 0, 0.00, ''),
('010218052905792', 02, 28, 0, 0.00, ''),
('010218052905792', 02, 29, 0, 0.00, ''),
('010218052905792', 02, 30, 0, 0.00, ''),
('010218052905792', 02, 31, 0, 0.00, ''),
('010218052905792', 02, 32, 0, 0.00, ''),
('010218052905792', 02, 33, 0, 0.00, ''),
('010218052905792', 02, 34, 0, 0.00, ''),
('010218052905792', 02, 35, 0, 0.00, ''),
('010218052905792', 02, 36, 0, 0.00, ''),
('010218052905792', 02, 37, 0, 0.00, ''),
('010218052905792', 02, 38, 0, 0.00, ''),
('010218052905792', 02, 39, 0, 0.00, ''),
('010218052905792', 02, 40, 0, 0.00, ''),
('010218052905792', 02, 41, 0, 0.00, ''),
('010218052905792', 02, 42, 0, 0.00, ''),
('010218052905792', 02, 43, 0, 0.00, ''),
('010218052905792', 02, 44, 0, 0.00, ''),
('010218052905792', 02, 45, 0, 0.00, ''),
('010218052905792', 02, 46, 0, 0.00, ''),
('010218052905792', 02, 47, 0, 0.00, ''),
('010218052905792', 02, 48, 0, 0.00, ''),
('010218052905792', 02, 49, 0, 0.00, ''),
('010218052905792', 02, 50, 0, 0.00, ''),
('010218052905792', 02, 51, 1, 30.00, ''),
('010218052905792', 02, 52, 0, 0.00, ''),
('010218052905792', 02, 53, 0, 0.00, ''),
('010218052905792', 02, 54, 0, 0.00, ''),
('010218052905792', 02, 55, 0, 0.00, ''),
('010218052905792', 02, 56, 0, 0.00, ''),
('010218052905792', 02, 57, 0, 0.00, ''),
('010218052905792', 02, 58, 0, 0.00, ''),
('010218052905792', 02, 59, 0, 0.00, ''),
('010218052905792', 02, 60, 0, 0.00, ''),
('010218052905792', 02, 61, 0, 0.00, ''),
('010218052905792', 02, 62, 0, 0.00, ''),
('010218052905792', 02, 63, 0, 0.00, ''),
('010218052905792', 02, 64, 0, 0.00, ''),
('010218052905792', 02, 65, 0, 0.00, ''),
('010218052905792', 02, 66, 0, 0.00, ''),
('010118052505770', 01, 1, 2, 2.00, ''),
('010118052505770', 01, 2, 2, 2.00, ''),
('010218052505770', 02, 3, 0, 0.00, ''),
('010218052505770', 02, 4, 0, 0.00, ''),
('010218052505770', 02, 5, 0, 0.00, ''),
('010218052505770', 02, 6, 0, 0.00, ''),
('010218052505770', 02, 7, 0, 0.00, ''),
('010218052505770', 02, 8, 0, 0.00, ''),
('010218052505770', 02, 9, 0, 0.00, ''),
('010218052505770', 02, 10, 0, 0.00, ''),
('010218052505770', 02, 11, 0, 0.00, ''),
('010218052505770', 02, 12, 0, 0.00, ''),
('010218052505770', 02, 13, 0, 0.00, ''),
('010218052505770', 02, 14, 0, 0.00, ''),
('010218052505770', 02, 15, 0, 0.00, ''),
('010218052505770', 02, 16, 0, 0.00, ''),
('010218052505770', 02, 17, 0, 0.00, ''),
('010218052505770', 02, 18, 0, 0.00, ''),
('010218052505770', 02, 19, 0, 0.00, ''),
('010218052505770', 02, 20, 0, 0.00, ''),
('010218052505770', 02, 21, 0, 8.00, ''),
('010218052505770', 02, 22, 0, 0.00, ''),
('010218052505770', 02, 23, 0, 0.00, ''),
('010218052505770', 02, 24, 0, 0.00, ''),
('010218052505770', 02, 25, 0, 0.00, ''),
('010218052505770', 02, 26, 0, 0.00, ''),
('010218052505770', 02, 27, 0, 0.00, ''),
('010218052505770', 02, 28, 0, 0.00, ''),
('010218052505770', 02, 29, 0, 0.00, ''),
('010218052505770', 02, 30, 0, 0.00, ''),
('010218052505770', 02, 31, 0, 0.00, ''),
('010218052505770', 02, 32, 0, 0.00, ''),
('010218052505770', 02, 33, 0, 0.00, ''),
('010218052505770', 02, 34, 0, 0.00, ''),
('010218052505770', 02, 35, 0, 0.00, ''),
('010218052505770', 02, 36, 0, 0.00, ''),
('010218052505770', 02, 37, 0, 0.00, ''),
('010218052505770', 02, 38, 0, 0.00, ''),
('010218052505770', 02, 39, 0, 0.00, ''),
('010218052505770', 02, 40, 0, 0.00, ''),
('010218052505770', 02, 41, 0, 0.00, ''),
('010218052505770', 02, 42, 1, 8.00, ''),
('010218052505770', 02, 43, 0, 0.00, ''),
('010218052505770', 02, 44, 0, 0.00, ''),
('010218052505770', 02, 45, 0, 0.00, ''),
('010218052505770', 02, 46, 0, 0.00, ''),
('010218052505770', 02, 47, 0, 0.00, ''),
('010218052505770', 02, 48, 0, 0.00, ''),
('010218052505770', 02, 49, 0, 0.00, ''),
('010218052505770', 02, 50, 0, 0.00, ''),
('010218052505770', 02, 51, 0, 0.00, ''),
('010218052505770', 02, 52, 0, 0.00, ''),
('010218052505770', 02, 53, 0, 0.00, ''),
('010218052505770', 02, 54, 0, 0.00, ''),
('010218052505770', 02, 55, 0, 0.00, ''),
('010218052505770', 02, 56, 0, 0.00, ''),
('010218052505770', 02, 57, 0, 0.00, ''),
('010218052505770', 02, 58, 0, 0.00, ''),
('010218052505770', 02, 59, 0, 0.00, ''),
('010218052505770', 02, 60, 0, 0.00, ''),
('010218052505770', 02, 61, 0, 0.00, ''),
('010218052505770', 02, 62, 0, 0.00, ''),
('010218052505770', 02, 63, 0, 0.00, ''),
('010218052505770', 02, 64, 0, 0.00, ''),
('010218052505770', 02, 65, 0, 0.00, ''),
('010218052505770', 02, 66, 0, 0.00, ''),
('010118052210633', 01, 1, 3, 7.60, ''),
('010118052210633', 01, 2, 3, 7.60, ''),
('010218052210633', 02, 3, 0, 0.00, ''),
('010218052210633', 02, 4, 0, 0.00, ''),
('010218052210633', 02, 5, 3, 42.00, ''),
('010218052210633', 02, 6, 0, 0.00, ''),
('010218052210633', 02, 7, 0, 0.00, ''),
('010218052210633', 02, 8, 0, 0.00, ''),
('010218052210633', 02, 9, 0, 0.00, ''),
('010218052210633', 02, 10, 2, 40.00, ''),
('010218052210633', 02, 11, 0, 0.00, ''),
('010218052210633', 02, 12, 0, 0.00, ''),
('010218052210633', 02, 13, 0, 0.00, ''),
('010218052210633', 02, 14, 1, 2.00, ''),
('010218052210633', 02, 15, 0, 0.00, ''),
('010218052210633', 02, 16, 0, 0.00, ''),
('010218052210633', 02, 17, 0, 0.00, ''),
('010218052210633', 02, 18, 0, 0.00, ''),
('010218052210633', 02, 19, 0, 0.00, ''),
('010218052210633', 02, 20, 0, 0.00, ''),
('010218052210633', 02, 21, 0, 48.00, ''),
('010218052210633', 02, 22, 0, 0.00, ''),
('010218052210633', 02, 23, 0, 0.00, ''),
('010218052210633', 02, 24, 0, 0.00, ''),
('010218052210633', 02, 25, 0, 0.00, ''),
('010218052210633', 02, 26, 0, 0.00, ''),
('010218052210633', 02, 27, 0, 0.00, ''),
('010218052210633', 02, 28, 0, 0.00, ''),
('010218052210633', 02, 29, 2, 10.00, ''),
('010218052210633', 02, 30, 0, 0.00, ''),
('010218052210633', 02, 31, 0, 0.00, ''),
('010218052210633', 02, 32, 0, 0.00, ''),
('010218052210633', 02, 33, 0, 0.00, ''),
('010218052210633', 02, 34, 0, 0.00, ''),
('010218052210633', 02, 35, 0, 0.00, ''),
('010218052210633', 02, 36, 0, 0.00, ''),
('010218052210633', 02, 37, 0, 0.00, ''),
('010218052210633', 02, 38, 0, 0.00, ''),
('010218052210633', 02, 39, 0, 0.00, ''),
('010218052210633', 02, 40, 0, 0.00, ''),
('010218052210633', 02, 41, 0, 0.00, ''),
('010218052210633', 02, 42, 0, 0.00, ''),
('010218052210633', 02, 43, 0, 0.00, ''),
('010218052210633', 02, 44, 0, 0.00, ''),
('010218052210633', 02, 45, 0, 0.00, ''),
('010218052210633', 02, 46, 2, 38.00, ''),
('010218052210633', 02, 47, 0, 0.00, ''),
('010218052210633', 02, 48, 0, 0.00, ''),
('010218052210633', 02, 49, 0, 0.00, ''),
('010218052210633', 02, 50, 0, 0.00, ''),
('010218052210633', 02, 51, 0, 0.00, ''),
('010218052210633', 02, 52, 0, 0.00, ''),
('010218052210633', 02, 53, 0, 0.00, ''),
('010218052210633', 02, 54, 0, 0.00, ''),
('010218052210633', 02, 55, 0, 0.00, ''),
('010218052210633', 02, 56, 0, 0.00, ''),
('010218052210633', 02, 57, 0, 0.00, ''),
('010218052210633', 02, 58, 0, 0.00, ''),
('010218052210633', 02, 59, 0, 0.00, ''),
('010218052210633', 02, 60, 0, 0.00, ''),
('010218052210633', 02, 61, 0, 0.00, ''),
('010218052210633', 02, 62, 0, 0.00, ''),
('010218052210633', 02, 63, 0, 0.00, ''),
('010218052210633', 02, 64, 0, 0.00, ''),
('010218052210633', 02, 65, 0, 0.00, ''),
('010218052210633', 02, 66, 0, 0.00, ''),
('010118052105772', 01, 1, 10, 35.40, ''),
('010118052105772', 01, 2, 10, 35.40, ''),
('010218052105772', 02, 3, 0, 0.00, ''),
('010218052105772', 02, 4, 0, 0.00, ''),
('010218052105772', 02, 5, 0, 0.00, ''),
('010218052105772', 02, 6, 0, 0.00, ''),
('010218052105772', 02, 7, 0, 0.00, ''),
('010218052105772', 02, 8, 0, 0.00, ''),
('010218052105772', 02, 9, 0, 0.00, ''),
('010218052105772', 02, 10, 0, 0.00, ''),
('010218052105772', 02, 11, 0, 0.00, ''),
('010218052105772', 02, 12, 0, 0.00, ''),
('010218052105772', 02, 13, 0, 0.00, ''),
('010218052105772', 02, 14, 0, 0.00, ''),
('010218052105772', 02, 15, 0, 0.00, ''),
('010218052105772', 02, 16, 0, 0.00, ''),
('010218052105772', 02, 17, 0, 0.00, ''),
('010218052105772', 02, 18, 0, 0.00, ''),
('010218052105772', 02, 19, 0, 0.00, ''),
('010218052105772', 02, 20, 0, 0.00, ''),
('010218052105772', 02, 21, 0, 40.00, ''),
('010218052105772', 02, 22, 0, 0.00, ''),
('010218052105772', 02, 23, 0, 0.00, ''),
('010218052105772', 02, 24, 0, 0.00, ''),
('010218052105772', 02, 25, 0, 0.00, ''),
('010218052105772', 02, 26, 0, 0.00, ''),
('010218052105772', 02, 27, 0, 0.00, ''),
('010218052105772', 02, 28, 0, 0.00, ''),
('010218052105772', 02, 29, 0, 0.00, ''),
('010218052105772', 02, 30, 0, 0.00, ''),
('010218052105772', 02, 31, 0, 0.00, ''),
('010218052105772', 02, 32, 0, 0.00, ''),
('010218052105772', 02, 33, 0, 0.00, ''),
('010218052105772', 02, 34, 0, 0.00, ''),
('010218052105772', 02, 35, 0, 0.00, ''),
('010218052105772', 02, 36, 0, 0.00, ''),
('010218052105772', 02, 37, 0, 0.00, ''),
('010218052105772', 02, 38, 0, 0.00, ''),
('010218052105772', 02, 39, 0, 0.00, ''),
('010218052105772', 02, 40, 0, 0.00, ''),
('010218052105772', 02, 41, 0, 0.00, ''),
('010218052105772', 02, 42, 8, 40.00, ''),
('010218052105772', 02, 43, 0, 0.00, ''),
('010218052105772', 02, 44, 0, 0.00, ''),
('010218052105772', 02, 45, 0, 0.00, ''),
('010218052105772', 02, 46, 0, 0.00, ''),
('010218052105772', 02, 47, 0, 0.00, ''),
('010218052105772', 02, 48, 0, 0.00, ''),
('010218052105772', 02, 49, 0, 0.00, ''),
('010218052105772', 02, 50, 0, 0.00, ''),
('010218052105772', 02, 51, 0, 0.00, ''),
('010218052105772', 02, 52, 0, 0.00, ''),
('010218052105772', 02, 53, 0, 0.00, ''),
('010218052105772', 02, 54, 0, 0.00, ''),
('010218052105772', 02, 55, 0, 0.00, ''),
('010218052105772', 02, 56, 0, 0.00, ''),
('010218052105772', 02, 57, 0, 0.00, ''),
('010218052105772', 02, 58, 0, 0.00, ''),
('010218052105772', 02, 59, 0, 0.00, ''),
('010218052105772', 02, 60, 0, 0.00, ''),
('010218052105772', 02, 61, 0, 0.00, ''),
('010218052105772', 02, 62, 0, 0.00, ''),
('010218052105772', 02, 63, 0, 0.00, ''),
('010218052105772', 02, 64, 0, 0.00, ''),
('010218052105772', 02, 65, 0, 0.00, ''),
('010218052105772', 02, 66, 0, 0.00, ''),
('010118052505757', 01, 1, 8, 9.10, ''),
('010118052505757', 01, 2, 8, 9.10, ''),
('010218052505757', 02, 3, 0, 0.00, ''),
('010218052505757', 02, 4, 0, 0.00, ''),
('010218052505757', 02, 5, 1, 20.00, ''),
('010218052505757', 02, 6, 0, 0.00, ''),
('010218052505757', 02, 7, 0, 0.00, ''),
('010218052505757', 02, 8, 0, 0.00, ''),
('010218052505757', 02, 9, 0, 0.00, ''),
('010218052505757', 02, 10, 1, 20.00, ''),
('010218052505757', 02, 11, 0, 0.00, ''),
('010218052505757', 02, 12, 0, 0.00, ''),
('010218052505757', 02, 13, 0, 0.00, ''),
('010218052505757', 02, 14, 0, 0.00, ''),
('010218052505757', 02, 15, 0, 0.00, ''),
('010218052505757', 02, 16, 0, 0.00, ''),
('010218052505757', 02, 17, 0, 0.00, ''),
('010218052505757', 02, 18, 0, 0.00, ''),
('010218052505757', 02, 19, 0, 0.00, ''),
('010218052505757', 02, 20, 0, 0.00, ''),
('010218052505757', 02, 21, 0, 72.00, ''),
('010218052505757', 02, 22, 1, 8.00, ''),
('010218052505757', 02, 23, 0, 0.00, ''),
('010218052505757', 02, 24, 0, 0.00, ''),
('010218052505757', 02, 25, 0, 0.00, ''),
('010218052505757', 02, 26, 0, 0.00, ''),
('010218052505757', 02, 27, 0, 0.00, ''),
('010218052505757', 02, 28, 0, 0.00, ''),
('010218052505757', 02, 29, 4, 36.00, ''),
('010218052505757', 02, 30, 0, 0.00, ''),
('010218052505757', 02, 31, 0, 0.00, ''),
('010218052505757', 02, 32, 0, 0.00, ''),
('010218052505757', 02, 33, 0, 0.00, ''),
('010218052505757', 02, 34, 0, 0.00, ''),
('010218052505757', 02, 35, 0, 0.00, ''),
('010218052505757', 02, 36, 0, 0.00, ''),
('010218052505757', 02, 37, 0, 0.00, ''),
('010218052505757', 02, 38, 0, 0.00, ''),
('010218052505757', 02, 39, 0, 0.00, ''),
('010218052505757', 02, 40, 0, 0.00, ''),
('010218052505757', 02, 41, 0, 0.00, ''),
('010218052505757', 02, 42, 2, 20.00, ''),
('010218052505757', 02, 43, 1, 8.00, ''),
('010218052505757', 02, 44, 0, 0.00, ''),
('010218052505757', 02, 45, 0, 0.00, ''),
('010218052505757', 02, 46, 0, 0.00, ''),
('010218052505757', 02, 47, 0, 0.00, ''),
('010218052505757', 02, 48, 0, 0.00, ''),
('010218052505757', 02, 49, 0, 0.00, ''),
('010218052505757', 02, 50, 0, 0.00, ''),
('010218052505757', 02, 51, 0, 0.00, ''),
('010218052505757', 02, 52, 0, 0.00, ''),
('010218052505757', 02, 53, 0, 0.00, ''),
('010218052505757', 02, 54, 0, 0.00, ''),
('010218052505757', 02, 55, 0, 0.00, ''),
('010218052505757', 02, 56, 0, 0.00, ''),
('010218052505757', 02, 57, 0, 0.00, ''),
('010218052505757', 02, 58, 0, 0.00, ''),
('010218052505757', 02, 59, 0, 0.00, ''),
('010218052505757', 02, 60, 0, 0.00, ''),
('010218052505757', 02, 61, 0, 0.00, ''),
('010218052505757', 02, 62, 0, 0.00, ''),
('010218052505757', 02, 63, 0, 0.00, ''),
('010218052505757', 02, 64, 0, 0.00, ''),
('010218052505757', 02, 65, 0, 0.00, ''),
('010218052505757', 02, 66, 0, 0.00, ''),
('010118052905772', 01, 1, 30, 108.20, ''),
('010118052905772', 01, 2, 30, 108.20, ''),
('010218052905772', 02, 3, 0, 0.00, ''),
('010218052905772', 02, 4, 0, 0.00, ''),
('010218052905772', 02, 5, 0, 0.00, ''),
('010218052905772', 02, 6, 0, 0.00, ''),
('010218052905772', 02, 7, 0, 0.00, ''),
('010218052905772', 02, 8, 0, 0.00, ''),
('010218052905772', 02, 9, 0, 0.00, ''),
('010218052905772', 02, 10, 0, 0.00, ''),
('010218052905772', 02, 11, 0, 0.00, ''),
('010218052905772', 02, 12, 0, 0.00, ''),
('010218052905772', 02, 13, 0, 0.00, ''),
('010218052905772', 02, 14, 0, 0.00, ''),
('010218052905772', 02, 15, 0, 0.00, ''),
('010218052905772', 02, 16, 0, 0.00, ''),
('010218052905772', 02, 17, 0, 0.00, ''),
('010218052905772', 02, 18, 0, 0.00, ''),
('010218052905772', 02, 19, 0, 0.00, ''),
('010218052905772', 02, 20, 0, 0.00, ''),
('010218052905772', 02, 21, 0, 155.00, ''),
('010218052905772', 02, 22, 8, 76.00, ''),
('010218052905772', 02, 23, 0, 0.00, ''),
('010218052905772', 02, 24, 0, 0.00, ''),
('010218052905772', 02, 25, 0, 0.00, ''),
('010218052905772', 02, 26, 0, 0.00, ''),
('010218052905772', 02, 27, 0, 0.00, ''),
('010218052905772', 02, 28, 0, 0.00, ''),
('010218052905772', 02, 29, 0, 0.00, ''),
('010218052905772', 02, 30, 0, 0.00, ''),
('010218052905772', 02, 31, 0, 0.00, ''),
('010218052905772', 02, 32, 0, 0.00, ''),
('010218052905772', 02, 33, 0, 0.00, ''),
('010218052905772', 02, 34, 0, 0.00, ''),
('010218052905772', 02, 35, 0, 0.00, ''),
('010218052905772', 02, 36, 1, 3.00, ''),
('010218052905772', 02, 37, 0, 0.00, ''),
('010218052905772', 02, 38, 2, 4.00, '');
INSERT INTO `lrecaudacion_detalle` (`LRECAU_ID`, `LRECTIP_ID`, `IDITEM`, `CANTIDAD`, `MONTO`, `CELDA`) VALUES
('010218052905772', 02, 39, 0, 0.00, ''),
('010218052905772', 02, 40, 0, 0.00, ''),
('010218052905772', 02, 41, 0, 0.00, ''),
('010218052905772', 02, 42, 2, 16.00, ''),
('010218052905772', 02, 43, 2, 16.00, ''),
('010218052905772', 02, 44, 0, 0.00, ''),
('010218052905772', 02, 45, 0, 0.00, ''),
('010218052905772', 02, 46, 3, 40.00, ''),
('010218052905772', 02, 47, 0, 0.00, ''),
('010218052905772', 02, 48, 0, 0.00, ''),
('010218052905772', 02, 49, 0, 0.00, ''),
('010218052905772', 02, 50, 0, 0.00, ''),
('010218052905772', 02, 51, 0, 0.00, ''),
('010218052905772', 02, 52, 0, 0.00, ''),
('010218052905772', 02, 53, 0, 0.00, ''),
('010218052905772', 02, 54, 0, 0.00, ''),
('010218052905772', 02, 55, 0, 0.00, ''),
('010218052905772', 02, 56, 0, 0.00, ''),
('010218052905772', 02, 57, 0, 0.00, ''),
('010218052905772', 02, 58, 0, 0.00, ''),
('010218052905772', 02, 59, 0, 0.00, ''),
('010218052905772', 02, 60, 0, 0.00, ''),
('010218052905772', 02, 61, 0, 0.00, ''),
('010218052905772', 02, 62, 0, 0.00, ''),
('010218052905772', 02, 63, 0, 0.00, ''),
('010218052905772', 02, 64, 0, 0.00, ''),
('010218052905772', 02, 65, 0, 0.00, ''),
('010218052905772', 02, 66, 0, 0.00, ''),
('010118052105815', 01, 1, 4, 16.00, ''),
('010118052105815', 01, 2, 4, 16.00, ''),
('010218052105815', 02, 3, 0, 0.00, ''),
('010218052105815', 02, 4, 0, 0.00, ''),
('010218052105815', 02, 5, 2, 40.00, ''),
('010218052105815', 02, 6, 0, 0.00, ''),
('010218052105815', 02, 7, 0, 0.00, ''),
('010218052105815', 02, 8, 0, 0.00, ''),
('010218052105815', 02, 9, 0, 0.00, ''),
('010218052105815', 02, 10, 2, 40.00, ''),
('010218052105815', 02, 11, 0, 0.00, ''),
('010218052105815', 02, 12, 0, 0.00, ''),
('010218052105815', 02, 13, 0, 0.00, ''),
('010218052105815', 02, 14, 0, 0.00, ''),
('010218052105815', 02, 15, 0, 0.00, ''),
('010218052105815', 02, 16, 0, 0.00, ''),
('010218052105815', 02, 17, 0, 0.00, ''),
('010218052105815', 02, 18, 0, 0.00, ''),
('010218052105815', 02, 19, 0, 0.00, ''),
('010218052105815', 02, 20, 0, 0.00, ''),
('010218052105815', 02, 21, 0, 15.00, ''),
('010218052105815', 02, 22, 1, 15.00, ''),
('010218052105815', 02, 23, 0, 0.00, ''),
('010218052105815', 02, 24, 0, 0.00, ''),
('010218052105815', 02, 25, 0, 0.00, ''),
('010218052105815', 02, 26, 0, 0.00, ''),
('010218052105815', 02, 27, 0, 0.00, ''),
('010218052105815', 02, 28, 0, 0.00, ''),
('010218052105815', 02, 29, 0, 0.00, ''),
('010218052105815', 02, 30, 0, 0.00, ''),
('010218052105815', 02, 31, 0, 0.00, ''),
('010218052105815', 02, 32, 0, 0.00, ''),
('010218052105815', 02, 33, 0, 0.00, ''),
('010218052105815', 02, 34, 0, 0.00, ''),
('010218052105815', 02, 35, 0, 0.00, ''),
('010218052105815', 02, 36, 0, 0.00, ''),
('010218052105815', 02, 37, 0, 0.00, ''),
('010218052105815', 02, 38, 0, 0.00, ''),
('010218052105815', 02, 39, 0, 0.00, ''),
('010218052105815', 02, 40, 0, 0.00, ''),
('010218052105815', 02, 41, 0, 0.00, ''),
('010218052105815', 02, 42, 0, 0.00, ''),
('010218052105815', 02, 43, 0, 0.00, ''),
('010218052105815', 02, 44, 0, 0.00, ''),
('010218052105815', 02, 45, 0, 0.00, ''),
('010218052105815', 02, 46, 0, 0.00, ''),
('010218052105815', 02, 47, 0, 0.00, ''),
('010218052105815', 02, 48, 0, 0.00, ''),
('010218052105815', 02, 49, 0, 0.00, ''),
('010218052105815', 02, 50, 0, 0.00, ''),
('010218052105815', 02, 51, 0, 0.00, ''),
('010218052105815', 02, 52, 0, 0.00, ''),
('010218052105815', 02, 53, 0, 0.00, ''),
('010218052105815', 02, 54, 0, 0.00, ''),
('010218052105815', 02, 55, 0, 0.00, ''),
('010218052105815', 02, 56, 0, 0.00, ''),
('010218052105815', 02, 57, 0, 0.00, ''),
('010218052105815', 02, 58, 0, 0.00, ''),
('010218052105815', 02, 59, 0, 0.00, ''),
('010218052105815', 02, 60, 0, 0.00, ''),
('010218052105815', 02, 61, 0, 0.00, ''),
('010218052105815', 02, 62, 0, 0.00, ''),
('010218052105815', 02, 63, 0, 0.00, ''),
('010218052105815', 02, 64, 0, 0.00, ''),
('010218052105815', 02, 65, 0, 0.00, ''),
('010218052105815', 02, 66, 0, 0.00, ''),
('010118052905749', 01, 1, 50, 20.00, ''),
('010118052905749', 01, 2, 50, 20.00, ''),
('010218052905749', 02, 3, 0, 0.00, ''),
('010218052905749', 02, 4, 0, 0.00, ''),
('010218052905749', 02, 5, 2, 36.00, ''),
('010218052905749', 02, 6, 0, 0.00, ''),
('010218052905749', 02, 7, 0, 0.00, ''),
('010218052905749', 02, 8, 0, 0.00, ''),
('010218052905749', 02, 9, 0, 0.00, ''),
('010218052905749', 02, 10, 2, 36.00, ''),
('010218052905749', 02, 11, 0, 0.00, ''),
('010218052905749', 02, 12, 0, 0.00, ''),
('010218052905749', 02, 13, 0, 0.00, ''),
('010218052905749', 02, 14, 0, 0.00, ''),
('010218052905749', 02, 15, 0, 0.00, ''),
('010218052905749', 02, 16, 0, 0.00, ''),
('010218052905749', 02, 17, 0, 0.00, ''),
('010218052905749', 02, 18, 0, 0.00, ''),
('010218052905749', 02, 19, 0, 0.00, ''),
('010218052905749', 02, 20, 0, 0.00, ''),
('010218052905749', 02, 21, 0, 0.00, ''),
('010218052905749', 02, 22, 0, 0.00, ''),
('010218052905749', 02, 23, 0, 0.00, ''),
('010218052905749', 02, 24, 0, 0.00, ''),
('010218052905749', 02, 25, 0, 0.00, ''),
('010218052905749', 02, 26, 0, 0.00, ''),
('010218052905749', 02, 27, 0, 0.00, ''),
('010218052905749', 02, 28, 0, 0.00, ''),
('010218052905749', 02, 29, 0, 0.00, ''),
('010218052905749', 02, 30, 0, 0.00, ''),
('010218052905749', 02, 31, 0, 0.00, ''),
('010218052905749', 02, 32, 0, 0.00, ''),
('010218052905749', 02, 33, 0, 0.00, ''),
('010218052905749', 02, 34, 0, 0.00, ''),
('010218052905749', 02, 35, 0, 0.00, ''),
('010218052905749', 02, 36, 0, 0.00, ''),
('010218052905749', 02, 37, 0, 0.00, ''),
('010218052905749', 02, 38, 0, 0.00, ''),
('010218052905749', 02, 39, 0, 0.00, ''),
('010218052905749', 02, 40, 0, 0.00, ''),
('010218052905749', 02, 41, 0, 0.00, ''),
('010218052905749', 02, 42, 0, 0.00, ''),
('010218052905749', 02, 43, 0, 0.00, ''),
('010218052905749', 02, 44, 0, 0.00, ''),
('010218052905749', 02, 45, 0, 0.00, ''),
('010218052905749', 02, 46, 0, 0.00, ''),
('010218052905749', 02, 47, 0, 0.00, ''),
('010218052905749', 02, 48, 0, 0.00, ''),
('010218052905749', 02, 49, 0, 0.00, ''),
('010218052905749', 02, 50, 0, 0.00, ''),
('010218052905749', 02, 51, 0, 0.00, ''),
('010218052905749', 02, 52, 0, 0.00, ''),
('010218052905749', 02, 53, 0, 0.00, ''),
('010218052905749', 02, 54, 0, 0.00, ''),
('010218052905749', 02, 55, 0, 0.00, ''),
('010218052905749', 02, 56, 0, 0.00, ''),
('010218052905749', 02, 57, 0, 0.00, ''),
('010218052905749', 02, 58, 0, 0.00, ''),
('010218052905749', 02, 59, 0, 0.00, ''),
('010218052905749', 02, 60, 0, 0.00, ''),
('010218052905749', 02, 61, 0, 0.00, ''),
('010218052905749', 02, 62, 0, 0.00, ''),
('010218052905749', 02, 63, 0, 0.00, ''),
('010218052905749', 02, 64, 0, 0.00, ''),
('010218052905749', 02, 65, 0, 0.00, ''),
('010218052905749', 02, 66, 0, 0.00, ''),
('010118052805773', 01, 1, 1, 1.50, ''),
('010118052805773', 01, 2, 1, 1.50, ''),
('010218052805773', 02, 3, 0, 0.00, ''),
('010218052805773', 02, 4, 0, 0.00, ''),
('010218052805773', 02, 5, 0, 0.00, ''),
('010218052805773', 02, 6, 0, 0.00, ''),
('010218052805773', 02, 7, 0, 0.00, ''),
('010218052805773', 02, 8, 0, 0.00, ''),
('010218052805773', 02, 9, 0, 0.00, ''),
('010218052805773', 02, 10, 0, 0.00, ''),
('010218052805773', 02, 11, 0, 0.00, ''),
('010218052805773', 02, 12, 0, 0.00, ''),
('010218052805773', 02, 13, 0, 0.00, ''),
('010218052805773', 02, 14, 0, 0.00, ''),
('010218052805773', 02, 15, 0, 0.00, ''),
('010218052805773', 02, 16, 0, 0.00, ''),
('010218052805773', 02, 17, 0, 0.00, ''),
('010218052805773', 02, 18, 0, 0.00, ''),
('010218052805773', 02, 19, 0, 0.00, ''),
('010218052805773', 02, 20, 0, 0.00, ''),
('010218052805773', 02, 21, 0, 8.00, ''),
('010218052805773', 02, 22, 1, 8.00, ''),
('010218052805773', 02, 23, 0, 0.00, ''),
('010218052805773', 02, 24, 0, 0.00, ''),
('010218052805773', 02, 25, 0, 0.00, ''),
('010218052805773', 02, 26, 0, 0.00, ''),
('010218052805773', 02, 27, 0, 0.00, ''),
('010218052805773', 02, 28, 0, 0.00, ''),
('010218052805773', 02, 29, 0, 0.00, ''),
('010218052805773', 02, 30, 0, 0.00, ''),
('010218052805773', 02, 31, 0, 0.00, ''),
('010218052805773', 02, 32, 0, 0.00, ''),
('010218052805773', 02, 33, 0, 0.00, ''),
('010218052805773', 02, 34, 0, 0.00, ''),
('010218052805773', 02, 35, 0, 0.00, ''),
('010218052805773', 02, 36, 0, 0.00, ''),
('010218052805773', 02, 37, 0, 0.00, ''),
('010218052805773', 02, 38, 0, 0.00, ''),
('010218052805773', 02, 39, 0, 0.00, ''),
('010218052805773', 02, 40, 0, 0.00, ''),
('010218052805773', 02, 41, 0, 0.00, ''),
('010218052805773', 02, 42, 0, 0.00, ''),
('010218052805773', 02, 43, 0, 0.00, ''),
('010218052805773', 02, 44, 0, 0.00, ''),
('010218052805773', 02, 45, 0, 0.00, ''),
('010218052805773', 02, 46, 0, 0.00, ''),
('010218052805773', 02, 47, 0, 0.00, ''),
('010218052805773', 02, 48, 0, 0.00, ''),
('010218052805773', 02, 49, 0, 0.00, ''),
('010218052805773', 02, 50, 0, 0.00, ''),
('010218052805773', 02, 51, 0, 0.00, ''),
('010218052805773', 02, 52, 0, 0.00, ''),
('010218052805773', 02, 53, 0, 0.00, ''),
('010218052805773', 02, 54, 0, 0.00, ''),
('010218052805773', 02, 55, 0, 0.00, ''),
('010218052805773', 02, 56, 0, 0.00, ''),
('010218052805773', 02, 57, 0, 0.00, ''),
('010218052805773', 02, 58, 0, 0.00, ''),
('010218052805773', 02, 59, 0, 0.00, ''),
('010218052805773', 02, 60, 0, 0.00, ''),
('010218052805773', 02, 61, 0, 0.00, ''),
('010218052805773', 02, 62, 0, 0.00, ''),
('010218052805773', 02, 63, 0, 0.00, ''),
('010218052805773', 02, 64, 0, 0.00, ''),
('010218052805773', 02, 65, 0, 0.00, ''),
('010218052805773', 02, 66, 0, 0.00, ''),
('010118052905734', 01, 1, 10, 53.50, ''),
('010118052905734', 01, 2, 10, 53.50, ''),
('010218052905734', 02, 3, 0, 0.00, ''),
('010218052905734', 02, 4, 0, 0.00, ''),
('010218052905734', 02, 5, 2, 2.00, ''),
('010218052905734', 02, 6, 0, 0.00, ''),
('010218052905734', 02, 7, 0, 0.00, ''),
('010218052905734', 02, 8, 0, 0.00, ''),
('010218052905734', 02, 9, 0, 0.00, ''),
('010218052905734', 02, 10, 0, 0.00, ''),
('010218052905734', 02, 11, 0, 0.00, ''),
('010218052905734', 02, 12, 0, 0.00, ''),
('010218052905734', 02, 13, 0, 0.00, ''),
('010218052905734', 02, 14, 2, 2.00, ''),
('010218052905734', 02, 15, 0, 0.00, ''),
('010218052905734', 02, 16, 0, 0.00, ''),
('010218052905734', 02, 17, 0, 0.00, ''),
('010218052905734', 02, 18, 0, 0.00, ''),
('010218052905734', 02, 19, 0, 0.00, ''),
('010218052905734', 02, 20, 0, 0.00, ''),
('010218052905734', 02, 21, 0, 189.00, ''),
('010218052905734', 02, 22, 5, 52.00, ''),
('010218052905734', 02, 23, 0, 0.00, ''),
('010218052905734', 02, 24, 0, 0.00, ''),
('010218052905734', 02, 25, 0, 0.00, ''),
('010218052905734', 02, 26, 0, 0.00, ''),
('010218052905734', 02, 27, 0, 0.00, ''),
('010218052905734', 02, 28, 0, 0.00, ''),
('010218052905734', 02, 29, 1, 8.00, ''),
('010218052905734', 02, 30, 0, 0.00, ''),
('010218052905734', 02, 31, 0, 0.00, ''),
('010218052905734', 02, 32, 0, 0.00, ''),
('010218052905734', 02, 33, 0, 0.00, ''),
('010218052905734', 02, 34, 0, 0.00, ''),
('010218052905734', 02, 35, 0, 0.00, ''),
('010218052905734', 02, 36, 3, 11.00, ''),
('010218052905734', 02, 37, 0, 0.00, ''),
('010218052905734', 02, 38, 1, 2.00, ''),
('010218052905734', 02, 39, 1, 10.00, ''),
('010218052905734', 02, 40, 0, 0.00, ''),
('010218052905734', 02, 41, 0, 0.00, ''),
('010218052905734', 02, 42, 6, 48.00, ''),
('010218052905734', 02, 43, 1, 8.00, ''),
('010218052905734', 02, 44, 0, 0.00, ''),
('010218052905734', 02, 45, 0, 0.00, ''),
('010218052905734', 02, 46, 1, 10.00, ''),
('010218052905734', 02, 47, 0, 0.00, ''),
('010218052905734', 02, 48, 0, 0.00, ''),
('010218052905734', 02, 49, 0, 0.00, ''),
('010218052905734', 02, 50, 0, 0.00, ''),
('010218052905734', 02, 51, 0, 0.00, ''),
('010218052905734', 02, 52, 4, 40.00, ''),
('010218052905734', 02, 53, 0, 0.00, ''),
('010218052905734', 02, 54, 0, 0.00, ''),
('010218052905734', 02, 55, 0, 0.00, ''),
('010218052905734', 02, 56, 0, 0.00, ''),
('010218052905734', 02, 57, 0, 0.00, ''),
('010218052905734', 02, 58, 0, 0.00, ''),
('010218052905734', 02, 59, 0, 0.00, ''),
('010218052905734', 02, 60, 0, 0.00, ''),
('010218052905734', 02, 61, 0, 0.00, ''),
('010218052905734', 02, 62, 0, 0.00, ''),
('010218052905734', 02, 63, 0, 0.00, ''),
('010218052905734', 02, 64, 0, 0.00, ''),
('010218052905734', 02, 65, 0, 0.00, ''),
('010218052905734', 02, 66, 0, 0.00, ''),
('010118052505734', 01, 1, 3, 28.50, ''),
('010118052505734', 01, 2, 3, 28.50, ''),
('010218052505734', 02, 3, 0, 0.00, ''),
('010218052505734', 02, 4, 0, 0.00, ''),
('010218052505734', 02, 5, 0, 0.00, ''),
('010218052505734', 02, 6, 0, 0.00, ''),
('010218052505734', 02, 7, 0, 0.00, ''),
('010218052505734', 02, 8, 0, 0.00, ''),
('010218052505734', 02, 9, 0, 0.00, ''),
('010218052505734', 02, 10, 0, 0.00, ''),
('010218052505734', 02, 11, 0, 0.00, ''),
('010218052505734', 02, 12, 0, 0.00, ''),
('010218052505734', 02, 13, 0, 0.00, ''),
('010218052505734', 02, 14, 0, 0.00, ''),
('010218052505734', 02, 15, 0, 0.00, ''),
('010218052505734', 02, 16, 0, 0.00, ''),
('010218052505734', 02, 17, 0, 0.00, ''),
('010218052505734', 02, 18, 0, 0.00, ''),
('010218052505734', 02, 19, 0, 0.00, ''),
('010218052505734', 02, 20, 0, 0.00, ''),
('010218052505734', 02, 21, 0, 134.00, ''),
('010218052505734', 02, 22, 3, 28.00, ''),
('010218052505734', 02, 23, 0, 0.00, ''),
('010218052505734', 02, 24, 0, 0.00, ''),
('010218052505734', 02, 25, 0, 0.00, ''),
('010218052505734', 02, 26, 0, 0.00, ''),
('010218052505734', 02, 27, 3, 28.00, ''),
('010218052505734', 02, 28, 1, 20.00, ''),
('010218052505734', 02, 29, 0, 0.00, ''),
('010218052505734', 02, 30, 0, 0.00, ''),
('010218052505734', 02, 31, 0, 0.00, ''),
('010218052505734', 02, 32, 0, 0.00, ''),
('010218052505734', 02, 33, 0, 0.00, ''),
('010218052505734', 02, 34, 0, 0.00, ''),
('010218052505734', 02, 35, 0, 0.00, ''),
('010218052505734', 02, 36, 0, 0.00, ''),
('010218052505734', 02, 37, 0, 0.00, ''),
('010218052505734', 02, 38, 0, 0.00, ''),
('010218052505734', 02, 39, 0, 0.00, ''),
('010218052505734', 02, 40, 0, 0.00, ''),
('010218052505734', 02, 41, 0, 0.00, ''),
('010218052505734', 02, 42, 1, 12.00, ''),
('010218052505734', 02, 43, 2, 16.00, ''),
('010218052505734', 02, 44, 0, 0.00, ''),
('010218052505734', 02, 45, 0, 0.00, ''),
('010218052505734', 02, 46, 0, 0.00, ''),
('010218052505734', 02, 47, 0, 0.00, ''),
('010218052505734', 02, 48, 0, 0.00, ''),
('010218052505734', 02, 49, 0, 0.00, ''),
('010218052505734', 02, 50, 0, 0.00, ''),
('010218052505734', 02, 51, 0, 0.00, ''),
('010218052505734', 02, 52, 3, 30.00, ''),
('010218052505734', 02, 53, 0, 0.00, ''),
('010218052505734', 02, 54, 0, 0.00, ''),
('010218052505734', 02, 55, 0, 0.00, ''),
('010218052505734', 02, 56, 0, 0.00, ''),
('010218052505734', 02, 57, 0, 0.00, ''),
('010218052505734', 02, 58, 0, 0.00, ''),
('010218052505734', 02, 59, 0, 0.00, ''),
('010218052505734', 02, 60, 0, 0.00, ''),
('010218052505734', 02, 61, 0, 0.00, ''),
('010218052505734', 02, 62, 0, 0.00, ''),
('010218052505734', 02, 63, 0, 0.00, ''),
('010218052505734', 02, 64, 0, 0.00, ''),
('010218052505734', 02, 65, 0, 0.00, ''),
('010218052505734', 02, 66, 0, 0.00, ''),
('010118052405734', 01, 1, 3, 32.40, ''),
('010118052405734', 01, 2, 3, 32.40, ''),
('010218052405734', 02, 3, 0, 0.00, ''),
('010218052405734', 02, 4, 0, 0.00, ''),
('010218052405734', 02, 5, 1, 20.00, ''),
('010218052405734', 02, 6, 0, 0.00, ''),
('010218052405734', 02, 7, 0, 0.00, ''),
('010218052405734', 02, 8, 0, 0.00, ''),
('010218052405734', 02, 9, 0, 0.00, ''),
('010218052405734', 02, 10, 1, 20.00, ''),
('010218052405734', 02, 11, 0, 0.00, ''),
('010218052405734', 02, 12, 0, 0.00, ''),
('010218052405734', 02, 13, 0, 0.00, ''),
('010218052405734', 02, 14, 0, 0.00, ''),
('010218052405734', 02, 15, 0, 0.00, ''),
('010218052405734', 02, 16, 0, 0.00, ''),
('010218052405734', 02, 17, 0, 0.00, ''),
('010218052405734', 02, 18, 0, 0.00, ''),
('010218052405734', 02, 19, 0, 0.00, ''),
('010218052405734', 02, 20, 0, 0.00, ''),
('010218052405734', 02, 21, 0, 89.00, ''),
('010218052405734', 02, 22, 1, 12.00, ''),
('010218052405734', 02, 23, 0, 0.00, ''),
('010218052405734', 02, 24, 0, 0.00, ''),
('010218052405734', 02, 25, 0, 0.00, ''),
('010218052405734', 02, 26, 0, 0.00, ''),
('010218052405734', 02, 27, 1, 12.00, ''),
('010218052405734', 02, 28, 0, 0.00, ''),
('010218052405734', 02, 29, 0, 0.00, ''),
('010218052405734', 02, 30, 0, 0.00, ''),
('010218052405734', 02, 31, 0, 0.00, ''),
('010218052405734', 02, 32, 0, 0.00, ''),
('010218052405734', 02, 33, 0, 0.00, ''),
('010218052405734', 02, 34, 0, 0.00, ''),
('010218052405734', 02, 35, 0, 0.00, ''),
('010218052405734', 02, 36, 1, 5.00, ''),
('010218052405734', 02, 37, 0, 0.00, ''),
('010218052405734', 02, 38, 2, 4.00, ''),
('010218052405734', 02, 39, 0, 0.00, ''),
('010218052405734', 02, 40, 0, 0.00, ''),
('010218052405734', 02, 41, 0, 0.00, ''),
('010218052405734', 02, 42, 1, 8.00, ''),
('010218052405734', 02, 43, 0, 0.00, ''),
('010218052405734', 02, 44, 0, 0.00, ''),
('010218052405734', 02, 45, 0, 0.00, ''),
('010218052405734', 02, 46, 2, 18.00, ''),
('010218052405734', 02, 47, 0, 0.00, ''),
('010218052405734', 02, 48, 0, 0.00, ''),
('010218052405734', 02, 49, 0, 0.00, ''),
('010218052405734', 02, 50, 0, 0.00, ''),
('010218052405734', 02, 51, 0, 0.00, ''),
('010218052405734', 02, 52, 3, 30.00, ''),
('010218052405734', 02, 53, 0, 0.00, ''),
('010218052405734', 02, 54, 0, 0.00, ''),
('010218052405734', 02, 55, 0, 0.00, ''),
('010218052405734', 02, 56, 0, 0.00, ''),
('010218052405734', 02, 57, 0, 0.00, ''),
('010218052405734', 02, 58, 0, 0.00, ''),
('010218052405734', 02, 59, 0, 0.00, ''),
('010218052405734', 02, 60, 0, 0.00, ''),
('010218052405734', 02, 61, 0, 0.00, ''),
('010218052405734', 02, 62, 0, 0.00, ''),
('010218052405734', 02, 63, 0, 0.00, ''),
('010218052405734', 02, 64, 0, 0.00, ''),
('010218052405734', 02, 65, 0, 0.00, ''),
('010218052405734', 02, 66, 0, 0.00, ''),
('010118053005772', 01, 1, 57, 148.40, ''),
('010118053005772', 01, 2, 57, 148.40, ''),
('010218053005772', 02, 3, 0, 0.00, ''),
('010218053005772', 02, 4, 0, 0.00, ''),
('010218053005772', 02, 5, 8, 52.00, ''),
('010218053005772', 02, 6, 0, 0.00, ''),
('010218053005772', 02, 7, 0, 0.00, ''),
('010218053005772', 02, 8, 0, 0.00, ''),
('010218053005772', 02, 9, 0, 0.00, ''),
('010218053005772', 02, 10, 2, 40.00, ''),
('010218053005772', 02, 11, 0, 0.00, ''),
('010218053005772', 02, 12, 0, 0.00, ''),
('010218053005772', 02, 13, 0, 0.00, ''),
('010218053005772', 02, 14, 6, 12.00, ''),
('010218053005772', 02, 15, 0, 0.00, ''),
('010218053005772', 02, 16, 0, 0.00, ''),
('010218053005772', 02, 17, 0, 0.00, ''),
('010218053005772', 02, 18, 0, 0.00, ''),
('010218053005772', 02, 19, 0, 0.00, ''),
('010218053005772', 02, 20, 0, 0.00, ''),
('010218053005772', 02, 21, 0, 465.00, ''),
('010218053005772', 02, 22, 15, 156.00, ''),
('010218053005772', 02, 23, 0, 0.00, ''),
('010218053005772', 02, 24, 0, 0.00, ''),
('010218053005772', 02, 25, 0, 0.00, ''),
('010218053005772', 02, 26, 0, 0.00, ''),
('010218053005772', 02, 27, 0, 0.00, ''),
('010218053005772', 02, 28, 0, 0.00, ''),
('010218053005772', 02, 29, 3, 28.00, ''),
('010218053005772', 02, 30, 5, 40.00, ''),
('010218053005772', 02, 31, 0, 0.00, ''),
('010218053005772', 02, 32, 0, 0.00, ''),
('010218053005772', 02, 33, 0, 0.00, ''),
('010218053005772', 02, 34, 0, 0.00, ''),
('010218053005772', 02, 35, 0, 0.00, ''),
('010218053005772', 02, 36, 3, 9.00, ''),
('010218053005772', 02, 37, 0, 0.00, ''),
('010218053005772', 02, 38, 0, 0.00, ''),
('010218053005772', 02, 39, 0, 0.00, ''),
('010218053005772', 02, 40, 0, 0.00, ''),
('010218053005772', 02, 41, 0, 0.00, ''),
('010218053005772', 02, 42, 2, 16.00, ''),
('010218053005772', 02, 43, 5, 48.00, ''),
('010218053005772', 02, 44, 0, 0.00, ''),
('010218053005772', 02, 45, 0, 0.00, ''),
('010218053005772', 02, 46, 9, 123.00, ''),
('010218053005772', 02, 47, 0, 0.00, ''),
('010218053005772', 02, 48, 0, 0.00, ''),
('010218053005772', 02, 49, 2, 45.00, ''),
('010218053005772', 02, 50, 0, 0.00, ''),
('010218053005772', 02, 51, 0, 0.00, ''),
('010218053005772', 02, 52, 0, 0.00, ''),
('010218053005772', 02, 53, 0, 0.00, ''),
('010218053005772', 02, 54, 0, 0.00, ''),
('010218053005772', 02, 55, 0, 0.00, ''),
('010218053005772', 02, 56, 0, 0.00, ''),
('010218053005772', 02, 57, 0, 0.00, ''),
('010218053005772', 02, 58, 0, 0.00, ''),
('010218053005772', 02, 59, 0, 0.00, ''),
('010218053005772', 02, 60, 0, 0.00, ''),
('010218053005772', 02, 61, 0, 0.00, ''),
('010218053005772', 02, 62, 0, 0.00, ''),
('010218053005772', 02, 63, 0, 0.00, ''),
('010218053005772', 02, 64, 0, 0.00, ''),
('010218053005772', 02, 65, 0, 0.00, ''),
('010218053005772', 02, 66, 0, 0.00, ''),
('010118050306886', 01, 1, 70, 32.30, ''),
('010118050306886', 01, 2, 70, 32.30, ''),
('010218050306886', 02, 3, 0, 0.00, ''),
('010218050306886', 02, 4, 0, 0.00, ''),
('010218050306886', 02, 5, 6, 12.00, ''),
('010218050306886', 02, 6, 0, 0.00, ''),
('010218050306886', 02, 7, 0, 0.00, ''),
('010218050306886', 02, 8, 0, 0.00, ''),
('010218050306886', 02, 9, 0, 0.00, ''),
('010218050306886', 02, 10, 0, 0.00, ''),
('010218050306886', 02, 11, 0, 0.00, ''),
('010218050306886', 02, 12, 0, 0.00, ''),
('010218050306886', 02, 13, 0, 0.00, ''),
('010218050306886', 02, 14, 6, 12.00, ''),
('010218050306886', 02, 15, 0, 0.00, ''),
('010218050306886', 02, 16, 0, 0.00, ''),
('010218050306886', 02, 17, 0, 0.00, ''),
('010218050306886', 02, 18, 0, 0.00, ''),
('010218050306886', 02, 19, 0, 0.00, ''),
('010218050306886', 02, 20, 0, 0.00, ''),
('010218050306886', 02, 21, 0, 78.00, ''),
('010218050306886', 02, 22, 1, 8.00, ''),
('010218050306886', 02, 23, 0, 0.00, ''),
('010218050306886', 02, 24, 0, 0.00, ''),
('010218050306886', 02, 25, 0, 0.00, ''),
('010218050306886', 02, 26, 0, 0.00, ''),
('010218050306886', 02, 27, 0, 0.00, ''),
('010218050306886', 02, 28, 0, 0.00, ''),
('010218050306886', 02, 29, 1, 8.00, ''),
('010218050306886', 02, 30, 0, 0.00, ''),
('010218050306886', 02, 31, 0, 0.00, ''),
('010218050306886', 02, 32, 0, 0.00, ''),
('010218050306886', 02, 33, 0, 0.00, ''),
('010218050306886', 02, 34, 0, 0.00, ''),
('010218050306886', 02, 35, 0, 0.00, ''),
('010218050306886', 02, 36, 0, 0.00, ''),
('010218050306886', 02, 37, 0, 0.00, ''),
('010218050306886', 02, 38, 1, 2.00, ''),
('010218050306886', 02, 39, 0, 0.00, ''),
('010218050306886', 02, 40, 0, 0.00, ''),
('010218050306886', 02, 41, 0, 0.00, ''),
('010218050306886', 02, 42, 2, 16.00, ''),
('010218050306886', 02, 43, 1, 8.00, ''),
('010218050306886', 02, 44, 0, 0.00, ''),
('010218050306886', 02, 45, 0, 0.00, ''),
('010218050306886', 02, 46, 3, 36.00, ''),
('010218050306886', 02, 47, 0, 0.00, ''),
('010218050306886', 02, 48, 0, 0.00, ''),
('010218050306886', 02, 49, 0, 0.00, ''),
('010218050306886', 02, 50, 0, 0.00, ''),
('010218050306886', 02, 51, 0, 0.00, ''),
('010218050306886', 02, 52, 0, 0.00, ''),
('010218050306886', 02, 53, 0, 0.00, ''),
('010218050306886', 02, 54, 0, 0.00, ''),
('010218050306886', 02, 55, 0, 0.00, ''),
('010218050306886', 02, 56, 0, 0.00, ''),
('010218050306886', 02, 57, 0, 0.00, ''),
('010218050306886', 02, 58, 0, 0.00, ''),
('010218050306886', 02, 59, 0, 0.00, ''),
('010218050306886', 02, 60, 0, 0.00, ''),
('010218050306886', 02, 61, 0, 0.00, ''),
('010218050306886', 02, 62, 0, 0.00, ''),
('010218050306886', 02, 63, 0, 0.00, ''),
('010218050306886', 02, 64, 0, 0.00, ''),
('010218050306886', 02, 65, 0, 0.00, ''),
('010218050306886', 02, 66, 0, 0.00, ''),
('010118052605770', 01, 1, 6, 28.80, ''),
('010118052605770', 01, 2, 6, 28.80, ''),
('010218052605770', 02, 3, 0, 0.00, ''),
('010218052605770', 02, 4, 0, 0.00, ''),
('010218052605770', 02, 5, 0, 0.00, ''),
('010218052605770', 02, 6, 0, 0.00, ''),
('010218052605770', 02, 7, 0, 0.00, ''),
('010218052605770', 02, 8, 0, 0.00, ''),
('010218052605770', 02, 9, 0, 0.00, ''),
('010218052605770', 02, 10, 0, 0.00, ''),
('010218052605770', 02, 11, 0, 0.00, ''),
('010218052605770', 02, 12, 0, 0.00, ''),
('010218052605770', 02, 13, 0, 0.00, ''),
('010218052605770', 02, 14, 0, 0.00, ''),
('010218052605770', 02, 15, 0, 0.00, ''),
('010218052605770', 02, 16, 0, 0.00, ''),
('010218052605770', 02, 17, 0, 0.00, ''),
('010218052605770', 02, 18, 0, 0.00, ''),
('010218052605770', 02, 19, 0, 0.00, ''),
('010218052605770', 02, 20, 0, 0.00, ''),
('010218052605770', 02, 21, 0, 40.00, ''),
('010218052605770', 02, 22, 0, 0.00, ''),
('010218052605770', 02, 23, 0, 0.00, ''),
('010218052605770', 02, 24, 0, 0.00, ''),
('010218052605770', 02, 25, 0, 0.00, ''),
('010218052605770', 02, 26, 0, 0.00, ''),
('010218052605770', 02, 27, 1, 8.00, ''),
('010218052605770', 02, 28, 0, 0.00, ''),
('010218052605770', 02, 29, 0, 0.00, ''),
('010218052605770', 02, 30, 0, 0.00, ''),
('010218052605770', 02, 31, 0, 0.00, ''),
('010218052605770', 02, 32, 0, 0.00, ''),
('010218052605770', 02, 33, 0, 0.00, ''),
('010218052605770', 02, 34, 0, 0.00, ''),
('010218052605770', 02, 35, 0, 0.00, ''),
('010218052605770', 02, 36, 0, 0.00, ''),
('010218052605770', 02, 37, 0, 0.00, ''),
('010218052605770', 02, 38, 0, 0.00, ''),
('010218052605770', 02, 39, 0, 0.00, ''),
('010218052605770', 02, 40, 0, 0.00, ''),
('010218052605770', 02, 41, 0, 0.00, ''),
('010218052605770', 02, 42, 3, 24.00, ''),
('010218052605770', 02, 43, 0, 0.00, ''),
('010218052605770', 02, 44, 1, 8.00, ''),
('010218052605770', 02, 45, 0, 0.00, ''),
('010218052605770', 02, 46, 0, 0.00, ''),
('010218052605770', 02, 47, 0, 0.00, ''),
('010218052605770', 02, 48, 0, 0.00, ''),
('010218052605770', 02, 49, 0, 0.00, ''),
('010218052605770', 02, 50, 0, 0.00, ''),
('010218052605770', 02, 51, 0, 0.00, ''),
('010218052605770', 02, 52, 0, 0.00, ''),
('010218052605770', 02, 53, 0, 0.00, ''),
('010218052605770', 02, 54, 0, 0.00, ''),
('010218052605770', 02, 55, 0, 0.00, ''),
('010218052605770', 02, 56, 0, 0.00, ''),
('010218052605770', 02, 57, 0, 0.00, ''),
('010218052605770', 02, 58, 0, 0.00, ''),
('010218052605770', 02, 59, 0, 0.00, ''),
('010218052605770', 02, 60, 0, 0.00, ''),
('010218052605770', 02, 61, 0, 0.00, ''),
('010218052605770', 02, 62, 0, 0.00, ''),
('010218052605770', 02, 63, 0, 0.00, ''),
('010218052605770', 02, 64, 0, 0.00, ''),
('010218052605770', 02, 65, 0, 0.00, ''),
('010218052605770', 02, 66, 0, 0.00, ''),
('010118050206886', 01, 1, 0, 0.00, ''),
('010118050206886', 01, 2, 0, 0.00, ''),
('010218050206886', 02, 3, 0, 0.00, ''),
('010218050206886', 02, 4, 0, 0.00, ''),
('010218050206886', 02, 5, 4, 24.00, ''),
('010218050206886', 02, 6, 0, 0.00, ''),
('010218050206886', 02, 7, 2, 20.00, ''),
('010218050206886', 02, 8, 0, 0.00, ''),
('010218050206886', 02, 9, 0, 0.00, ''),
('010218050206886', 02, 10, 0, 0.00, ''),
('010218050206886', 02, 11, 0, 0.00, ''),
('010218050206886', 02, 12, 0, 0.00, ''),
('010218050206886', 02, 13, 0, 0.00, ''),
('010218050206886', 02, 14, 2, 4.00, ''),
('010218050206886', 02, 15, 0, 0.00, ''),
('010218050206886', 02, 16, 0, 0.00, ''),
('010218050206886', 02, 17, 0, 0.00, ''),
('010218050206886', 02, 18, 0, 0.00, ''),
('010218050206886', 02, 19, 0, 0.00, ''),
('010218050206886', 02, 20, 0, 0.00, ''),
('010218050206886', 02, 21, 0, 35.00, ''),
('010218050206886', 02, 22, 0, 0.00, ''),
('010218050206886', 02, 23, 0, 0.00, ''),
('010218050206886', 02, 24, 0, 0.00, ''),
('010218050206886', 02, 25, 0, 0.00, ''),
('010218050206886', 02, 26, 0, 0.00, ''),
('010218050206886', 02, 27, 0, 0.00, ''),
('010218050206886', 02, 28, 0, 0.00, ''),
('010218050206886', 02, 29, 0, 0.00, ''),
('010218050206886', 02, 30, 0, 0.00, ''),
('010218050206886', 02, 31, 0, 0.00, ''),
('010218050206886', 02, 32, 0, 0.00, ''),
('010218050206886', 02, 33, 0, 0.00, ''),
('010218050206886', 02, 34, 0, 0.00, ''),
('010218050206886', 02, 35, 0, 0.00, ''),
('010218050206886', 02, 36, 1, 3.00, ''),
('010218050206886', 02, 37, 0, 0.00, ''),
('010218050206886', 02, 38, 0, 0.00, ''),
('010218050206886', 02, 39, 0, 0.00, ''),
('010218050206886', 02, 40, 0, 0.00, ''),
('010218050206886', 02, 41, 0, 0.00, ''),
('010218050206886', 02, 42, 1, 8.00, ''),
('010218050206886', 02, 43, 2, 16.00, ''),
('010218050206886', 02, 44, 0, 0.00, ''),
('010218050206886', 02, 45, 0, 0.00, ''),
('010218050206886', 02, 46, 1, 8.00, ''),
('010218050206886', 02, 47, 0, 0.00, ''),
('010218050206886', 02, 48, 0, 0.00, ''),
('010218050206886', 02, 49, 0, 0.00, ''),
('010218050206886', 02, 50, 0, 0.00, ''),
('010218050206886', 02, 51, 0, 0.00, ''),
('010218050206886', 02, 52, 0, 0.00, ''),
('010218050206886', 02, 53, 0, 0.00, ''),
('010218050206886', 02, 54, 0, 0.00, ''),
('010218050206886', 02, 55, 0, 0.00, ''),
('010218050206886', 02, 56, 0, 0.00, ''),
('010218050206886', 02, 57, 0, 0.00, ''),
('010218050206886', 02, 58, 0, 0.00, ''),
('010218050206886', 02, 59, 0, 0.00, ''),
('010218050206886', 02, 60, 0, 0.00, ''),
('010218050206886', 02, 61, 0, 0.00, ''),
('010218050206886', 02, 62, 0, 0.00, ''),
('010218050206886', 02, 63, 0, 0.00, ''),
('010218050206886', 02, 64, 0, 0.00, ''),
('010218050206886', 02, 65, 0, 0.00, ''),
('010218050206886', 02, 66, 0, 0.00, ''),
('010118050406886', 01, 1, 5, 30.00, ''),
('010118050406886', 01, 2, 5, 30.00, ''),
('010218050406886', 02, 3, 0, 0.00, ''),
('010218050406886', 02, 4, 0, 0.00, ''),
('010218050406886', 02, 5, 1, 20.00, ''),
('010218050406886', 02, 6, 0, 0.00, ''),
('010218050406886', 02, 7, 0, 0.00, ''),
('010218050406886', 02, 8, 0, 0.00, ''),
('010218050406886', 02, 9, 0, 0.00, ''),
('010218050406886', 02, 10, 1, 20.00, ''),
('010218050406886', 02, 11, 0, 0.00, ''),
('010218050406886', 02, 12, 0, 0.00, ''),
('010218050406886', 02, 13, 0, 0.00, ''),
('010218050406886', 02, 14, 0, 0.00, ''),
('010218050406886', 02, 15, 0, 0.00, ''),
('010218050406886', 02, 16, 0, 0.00, ''),
('010218050406886', 02, 17, 0, 0.00, ''),
('010218050406886', 02, 18, 0, 0.00, ''),
('010218050406886', 02, 19, 0, 0.00, ''),
('010218050406886', 02, 20, 0, 0.00, ''),
('010218050406886', 02, 21, 0, 16.00, ''),
('010218050406886', 02, 22, 0, 0.00, ''),
('010218050406886', 02, 23, 0, 0.00, ''),
('010218050406886', 02, 24, 0, 0.00, ''),
('010218050406886', 02, 25, 0, 0.00, ''),
('010218050406886', 02, 26, 0, 0.00, ''),
('010218050406886', 02, 27, 0, 0.00, ''),
('010218050406886', 02, 28, 0, 0.00, ''),
('010218050406886', 02, 29, 2, 16.00, ''),
('010218050406886', 02, 30, 0, 0.00, ''),
('010218050406886', 02, 31, 0, 0.00, ''),
('010218050406886', 02, 32, 0, 0.00, ''),
('010218050406886', 02, 33, 0, 0.00, ''),
('010218050406886', 02, 34, 0, 0.00, ''),
('010218050406886', 02, 35, 0, 0.00, ''),
('010218050406886', 02, 36, 0, 0.00, ''),
('010218050406886', 02, 37, 0, 0.00, ''),
('010218050406886', 02, 38, 0, 0.00, ''),
('010218050406886', 02, 39, 0, 0.00, ''),
('010218050406886', 02, 40, 0, 0.00, ''),
('010218050406886', 02, 41, 0, 0.00, ''),
('010218050406886', 02, 42, 0, 0.00, ''),
('010218050406886', 02, 43, 0, 0.00, ''),
('010218050406886', 02, 44, 0, 0.00, ''),
('010218050406886', 02, 45, 0, 0.00, ''),
('010218050406886', 02, 46, 0, 0.00, ''),
('010218050406886', 02, 47, 0, 0.00, ''),
('010218050406886', 02, 48, 0, 0.00, ''),
('010218050406886', 02, 49, 0, 0.00, ''),
('010218050406886', 02, 50, 0, 0.00, ''),
('010218050406886', 02, 51, 0, 0.00, ''),
('010218050406886', 02, 52, 0, 0.00, ''),
('010218050406886', 02, 53, 0, 0.00, ''),
('010218050406886', 02, 54, 0, 0.00, ''),
('010218050406886', 02, 55, 0, 0.00, ''),
('010218050406886', 02, 56, 0, 0.00, ''),
('010218050406886', 02, 57, 0, 0.00, ''),
('010218050406886', 02, 58, 0, 0.00, ''),
('010218050406886', 02, 59, 0, 0.00, ''),
('010218050406886', 02, 60, 0, 0.00, ''),
('010218050406886', 02, 61, 0, 0.00, ''),
('010218050406886', 02, 62, 0, 0.00, ''),
('010218050406886', 02, 63, 0, 0.00, ''),
('010218050406886', 02, 64, 0, 0.00, ''),
('010218050406886', 02, 65, 0, 0.00, ''),
('010218050406886', 02, 66, 0, 0.00, ''),
('010118053005786', 01, 1, 11, 47.30, ''),
('010118053005786', 01, 2, 11, 47.30, ''),
('010218053005786', 02, 3, 0, 0.00, ''),
('010218053005786', 02, 4, 0, 0.00, ''),
('010218053005786', 02, 5, 16, 16.00, ''),
('010218053005786', 02, 6, 0, 0.00, ''),
('010218053005786', 02, 7, 0, 0.00, ''),
('010218053005786', 02, 8, 0, 0.00, ''),
('010218053005786', 02, 9, 0, 0.00, ''),
('010218053005786', 02, 10, 0, 0.00, ''),
('010218053005786', 02, 11, 0, 0.00, ''),
('010218053005786', 02, 12, 0, 0.00, ''),
('010218053005786', 02, 13, 0, 0.00, ''),
('010218053005786', 02, 14, 16, 16.00, ''),
('010218053005786', 02, 15, 0, 0.00, ''),
('010218053005786', 02, 16, 0, 0.00, ''),
('010218053005786', 02, 17, 0, 0.00, ''),
('010218053005786', 02, 18, 0, 0.00, ''),
('010218053005786', 02, 19, 0, 0.00, ''),
('010218053005786', 02, 20, 0, 0.00, ''),
('010218053005786', 02, 21, 0, 180.00, ''),
('010218053005786', 02, 22, 3, 28.00, ''),
('010218053005786', 02, 23, 0, 0.00, ''),
('010218053005786', 02, 24, 0, 0.00, ''),
('010218053005786', 02, 25, 0, 0.00, ''),
('010218053005786', 02, 26, 0, 0.00, ''),
('010218053005786', 02, 27, 2, 16.00, ''),
('010218053005786', 02, 28, 1, 20.00, ''),
('010218053005786', 02, 29, 2, 16.00, ''),
('010218053005786', 02, 30, 0, 0.00, ''),
('010218053005786', 02, 31, 0, 0.00, ''),
('010218053005786', 02, 32, 0, 0.00, ''),
('010218053005786', 02, 33, 0, 0.00, ''),
('010218053005786', 02, 34, 0, 0.00, ''),
('010218053005786', 02, 35, 0, 0.00, ''),
('010218053005786', 02, 36, 2, 6.00, ''),
('010218053005786', 02, 37, 1, 10.00, ''),
('010218053005786', 02, 38, 0, 0.00, ''),
('010218053005786', 02, 39, 0, 0.00, ''),
('010218053005786', 02, 40, 0, 0.00, ''),
('010218053005786', 02, 41, 0, 0.00, ''),
('010218053005786', 02, 42, 4, 36.00, ''),
('010218053005786', 02, 43, 4, 32.00, ''),
('010218053005786', 02, 44, 0, 0.00, ''),
('010218053005786', 02, 45, 0, 0.00, ''),
('010218053005786', 02, 46, 2, 16.00, ''),
('010218053005786', 02, 47, 0, 0.00, ''),
('010218053005786', 02, 48, 0, 0.00, ''),
('010218053005786', 02, 49, 0, 0.00, ''),
('010218053005786', 02, 50, 0, 0.00, ''),
('010218053005786', 02, 51, 0, 0.00, ''),
('010218053005786', 02, 52, 0, 0.00, ''),
('010218053005786', 02, 53, 0, 0.00, ''),
('010218053005786', 02, 54, 0, 0.00, ''),
('010218053005786', 02, 55, 0, 0.00, ''),
('010218053005786', 02, 56, 0, 0.00, ''),
('010218053005786', 02, 57, 0, 0.00, ''),
('010218053005786', 02, 58, 0, 0.00, ''),
('010218053005786', 02, 59, 0, 0.00, ''),
('010218053005786', 02, 60, 0, 0.00, ''),
('010218053005786', 02, 61, 0, 0.00, ''),
('010218053005786', 02, 62, 0, 0.00, ''),
('010218053005786', 02, 63, 0, 0.00, ''),
('010218053005786', 02, 64, 0, 0.00, ''),
('010218053005786', 02, 65, 0, 0.00, ''),
('010218053005786', 02, 66, 0, 0.00, ''),
('010118052805739', 01, 1, 2, 19.60, ''),
('010118052805739', 01, 2, 2, 19.60, ''),
('010218052805739', 02, 3, 0, 0.00, ''),
('010218052805739', 02, 4, 0, 0.00, ''),
('010218052805739', 02, 5, 1, 2.00, ''),
('010218052805739', 02, 6, 0, 0.00, ''),
('010218052805739', 02, 7, 0, 0.00, ''),
('010218052805739', 02, 8, 0, 0.00, ''),
('010218052805739', 02, 9, 0, 0.00, ''),
('010218052805739', 02, 10, 0, 0.00, ''),
('010218052805739', 02, 11, 0, 0.00, ''),
('010218052805739', 02, 12, 0, 0.00, ''),
('010218052805739', 02, 13, 0, 0.00, ''),
('010218052805739', 02, 14, 1, 2.00, ''),
('010218052805739', 02, 15, 0, 0.00, ''),
('010218052805739', 02, 16, 0, 0.00, ''),
('010218052805739', 02, 17, 0, 0.00, ''),
('010218052805739', 02, 18, 0, 0.00, ''),
('010218052805739', 02, 19, 0, 0.00, ''),
('010218052805739', 02, 20, 0, 0.00, ''),
('010218052805739', 02, 21, 0, 28.00, ''),
('010218052805739', 02, 22, 0, 0.00, ''),
('010218052805739', 02, 23, 0, 0.00, ''),
('010218052805739', 02, 24, 0, 0.00, ''),
('010218052805739', 02, 25, 0, 0.00, ''),
('010218052805739', 02, 26, 0, 0.00, ''),
('010218052805739', 02, 27, 0, 0.00, ''),
('010218052805739', 02, 28, 0, 0.00, ''),
('010218052805739', 02, 29, 0, 0.00, ''),
('010218052805739', 02, 30, 0, 0.00, ''),
('010218052805739', 02, 31, 0, 0.00, ''),
('010218052805739', 02, 32, 0, 0.00, ''),
('010218052805739', 02, 33, 0, 0.00, ''),
('010218052805739', 02, 34, 0, 0.00, ''),
('010218052805739', 02, 35, 0, 0.00, ''),
('010218052805739', 02, 36, 0, 0.00, ''),
('010218052805739', 02, 37, 0, 0.00, ''),
('010218052805739', 02, 38, 0, 0.00, ''),
('010218052805739', 02, 39, 0, 0.00, ''),
('010218052805739', 02, 40, 0, 0.00, ''),
('010218052805739', 02, 41, 0, 0.00, ''),
('010218052805739', 02, 42, 2, 16.00, ''),
('010218052805739', 02, 43, 1, 12.00, ''),
('010218052805739', 02, 44, 0, 0.00, ''),
('010218052805739', 02, 45, 0, 0.00, ''),
('010218052805739', 02, 46, 0, 0.00, ''),
('010218052805739', 02, 47, 0, 0.00, ''),
('010218052805739', 02, 48, 0, 0.00, ''),
('010218052805739', 02, 49, 0, 0.00, ''),
('010218052805739', 02, 50, 0, 0.00, ''),
('010218052805739', 02, 51, 0, 0.00, ''),
('010218052805739', 02, 52, 0, 0.00, ''),
('010218052805739', 02, 53, 0, 0.00, ''),
('010218052805739', 02, 54, 0, 0.00, ''),
('010218052805739', 02, 55, 0, 0.00, ''),
('010218052805739', 02, 56, 0, 0.00, ''),
('010218052805739', 02, 57, 0, 0.00, ''),
('010218052805739', 02, 58, 0, 0.00, ''),
('010218052805739', 02, 59, 0, 0.00, ''),
('010218052805739', 02, 60, 0, 0.00, ''),
('010218052805739', 02, 61, 0, 0.00, ''),
('010218052805739', 02, 62, 0, 0.00, ''),
('010218052805739', 02, 63, 0, 0.00, ''),
('010218052805739', 02, 64, 0, 0.00, ''),
('010218052805739', 02, 65, 0, 0.00, ''),
('010218052805739', 02, 66, 0, 0.00, ''),
('010118052905644', 01, 1, 5, 8.50, ''),
('010118052905644', 01, 2, 5, 8.50, ''),
('010218052905644', 02, 3, 0, 0.00, ''),
('010218052905644', 02, 4, 0, 0.00, ''),
('010218052905644', 02, 5, 2, 40.00, ''),
('010218052905644', 02, 6, 0, 0.00, ''),
('010218052905644', 02, 7, 0, 0.00, ''),
('010218052905644', 02, 8, 0, 0.00, ''),
('010218052905644', 02, 9, 0, 0.00, ''),
('010218052905644', 02, 10, 2, 40.00, ''),
('010218052905644', 02, 11, 0, 0.00, ''),
('010218052905644', 02, 12, 0, 0.00, ''),
('010218052905644', 02, 13, 0, 0.00, ''),
('010218052905644', 02, 14, 0, 0.00, ''),
('010218052905644', 02, 15, 0, 0.00, ''),
('010218052905644', 02, 16, 0, 0.00, ''),
('010218052905644', 02, 17, 0, 0.00, ''),
('010218052905644', 02, 18, 0, 0.00, ''),
('010218052905644', 02, 19, 0, 0.00, ''),
('010218052905644', 02, 20, 0, 0.00, ''),
('010218052905644', 02, 21, 0, 0.00, ''),
('010218052905644', 02, 22, 0, 0.00, ''),
('010218052905644', 02, 23, 0, 0.00, ''),
('010218052905644', 02, 24, 0, 0.00, ''),
('010218052905644', 02, 25, 0, 0.00, ''),
('010218052905644', 02, 26, 0, 0.00, ''),
('010218052905644', 02, 27, 0, 0.00, ''),
('010218052905644', 02, 28, 0, 0.00, ''),
('010218052905644', 02, 29, 0, 0.00, ''),
('010218052905644', 02, 30, 0, 0.00, ''),
('010218052905644', 02, 31, 0, 0.00, ''),
('010218052905644', 02, 32, 0, 0.00, ''),
('010218052905644', 02, 33, 0, 0.00, ''),
('010218052905644', 02, 34, 0, 0.00, ''),
('010218052905644', 02, 35, 0, 0.00, ''),
('010218052905644', 02, 36, 0, 0.00, ''),
('010218052905644', 02, 37, 0, 0.00, ''),
('010218052905644', 02, 38, 0, 0.00, ''),
('010218052905644', 02, 39, 0, 0.00, ''),
('010218052905644', 02, 40, 0, 0.00, ''),
('010218052905644', 02, 41, 0, 0.00, ''),
('010218052905644', 02, 42, 0, 0.00, ''),
('010218052905644', 02, 43, 0, 0.00, ''),
('010218052905644', 02, 44, 0, 0.00, ''),
('010218052905644', 02, 45, 0, 0.00, ''),
('010218052905644', 02, 46, 0, 0.00, ''),
('010218052905644', 02, 47, 0, 0.00, ''),
('010218052905644', 02, 48, 0, 0.00, ''),
('010218052905644', 02, 49, 0, 0.00, ''),
('010218052905644', 02, 50, 0, 0.00, ''),
('010218052905644', 02, 51, 0, 0.00, ''),
('010218052905644', 02, 52, 0, 0.00, ''),
('010218052905644', 02, 53, 0, 0.00, ''),
('010218052905644', 02, 54, 0, 0.00, ''),
('010218052905644', 02, 55, 0, 0.00, ''),
('010218052905644', 02, 56, 0, 0.00, ''),
('010218052905644', 02, 57, 0, 0.00, ''),
('010218052905644', 02, 58, 0, 0.00, ''),
('010218052905644', 02, 59, 0, 0.00, ''),
('010218052905644', 02, 60, 0, 0.00, ''),
('010218052905644', 02, 61, 0, 0.00, ''),
('010218052905644', 02, 62, 0, 0.00, ''),
('010218052905644', 02, 63, 0, 0.00, ''),
('010218052905644', 02, 64, 0, 0.00, ''),
('010218052905644', 02, 65, 0, 0.00, ''),
('010218052905644', 02, 66, 0, 0.00, ''),
('010118051705786', 01, 1, 9, 45.10, ''),
('010118051705786', 01, 2, 9, 45.10, ''),
('010218051705786', 02, 3, 0, 0.00, ''),
('010218051705786', 02, 4, 0, 0.00, ''),
('010218051705786', 02, 5, 9, 47.00, ''),
('010218051705786', 02, 6, 0, 0.00, ''),
('010218051705786', 02, 7, 0, 0.00, ''),
('010218051705786', 02, 8, 0, 0.00, ''),
('010218051705786', 02, 9, 0, 0.00, ''),
('010218051705786', 02, 10, 2, 40.00, ''),
('010218051705786', 02, 11, 0, 0.00, ''),
('010218051705786', 02, 12, 0, 0.00, ''),
('010218051705786', 02, 13, 0, 0.00, ''),
('010218051705786', 02, 14, 7, 7.00, ''),
('010218051705786', 02, 15, 0, 0.00, ''),
('010218051705786', 02, 16, 0, 0.00, ''),
('010218051705786', 02, 17, 0, 0.00, ''),
('010218051705786', 02, 18, 0, 0.00, ''),
('010218051705786', 02, 19, 0, 0.00, ''),
('010218051705786', 02, 20, 0, 0.00, ''),
('010218051705786', 02, 21, 0, 81.00, ''),
('010218051705786', 02, 22, 1, 8.00, ''),
('010218051705786', 02, 23, 0, 0.00, ''),
('010218051705786', 02, 24, 0, 0.00, ''),
('010218051705786', 02, 25, 0, 0.00, ''),
('010218051705786', 02, 26, 0, 0.00, ''),
('010218051705786', 02, 27, 1, 8.00, ''),
('010218051705786', 02, 28, 0, 0.00, ''),
('010218051705786', 02, 29, 2, 16.00, ''),
('010218051705786', 02, 30, 0, 0.00, ''),
('010218051705786', 02, 31, 0, 0.00, ''),
('010218051705786', 02, 32, 0, 0.00, ''),
('010218051705786', 02, 33, 0, 0.00, ''),
('010218051705786', 02, 34, 0, 0.00, ''),
('010218051705786', 02, 35, 0, 0.00, ''),
('010218051705786', 02, 36, 3, 9.00, ''),
('010218051705786', 02, 37, 0, 0.00, ''),
('010218051705786', 02, 38, 0, 0.00, ''),
('010218051705786', 02, 39, 0, 0.00, ''),
('010218051705786', 02, 40, 0, 0.00, ''),
('010218051705786', 02, 41, 0, 0.00, ''),
('010218051705786', 02, 42, 2, 16.00, ''),
('010218051705786', 02, 43, 0, 0.00, ''),
('010218051705786', 02, 44, 0, 0.00, ''),
('010218051705786', 02, 45, 0, 0.00, ''),
('010218051705786', 02, 46, 3, 24.00, ''),
('010218051705786', 02, 47, 0, 0.00, ''),
('010218051705786', 02, 48, 0, 0.00, ''),
('010218051705786', 02, 49, 0, 0.00, ''),
('010218051705786', 02, 50, 0, 0.00, ''),
('010218051705786', 02, 51, 0, 0.00, ''),
('010218051705786', 02, 52, 0, 0.00, ''),
('010218051705786', 02, 53, 0, 0.00, ''),
('010218051705786', 02, 54, 0, 0.00, ''),
('010218051705786', 02, 55, 0, 0.00, ''),
('010218051705786', 02, 56, 0, 0.00, ''),
('010218051705786', 02, 57, 0, 0.00, ''),
('010218051705786', 02, 58, 0, 0.00, ''),
('010218051705786', 02, 59, 0, 0.00, ''),
('010218051705786', 02, 60, 0, 0.00, ''),
('010218051705786', 02, 61, 0, 0.00, ''),
('010218051705786', 02, 62, 0, 0.00, ''),
('010218051705786', 02, 63, 0, 0.00, ''),
('010218051705786', 02, 64, 0, 0.00, ''),
('010218051705786', 02, 65, 0, 0.00, ''),
('010218051705786', 02, 66, 0, 0.00, ''),
('010118052605820', 01, 1, 5, 22.20, ''),
('010118052605820', 01, 2, 5, 22.20, ''),
('010218052605820', 02, 3, 0, 0.00, ''),
('010218052605820', 02, 4, 0, 0.00, ''),
('010218052605820', 02, 5, 9, 18.00, ''),
('010218052605820', 02, 6, 0, 0.00, ''),
('010218052605820', 02, 7, 0, 0.00, ''),
('010218052605820', 02, 8, 0, 0.00, ''),
('010218052605820', 02, 9, 0, 0.00, ''),
('010218052605820', 02, 10, 0, 0.00, ''),
('010218052605820', 02, 11, 0, 0.00, ''),
('010218052605820', 02, 12, 0, 0.00, ''),
('010218052605820', 02, 13, 0, 0.00, ''),
('010218052605820', 02, 14, 9, 18.00, ''),
('010218052605820', 02, 15, 0, 0.00, ''),
('010218052605820', 02, 16, 0, 0.00, ''),
('010218052605820', 02, 17, 0, 0.00, ''),
('010218052605820', 02, 18, 0, 0.00, ''),
('010218052605820', 02, 19, 0, 0.00, ''),
('010218052605820', 02, 20, 0, 0.00, ''),
('010218052605820', 02, 21, 0, 74.00, ''),
('010218052605820', 02, 22, 5, 30.00, ''),
('010218052605820', 02, 23, 0, 0.00, ''),
('010218052605820', 02, 24, 0, 0.00, ''),
('010218052605820', 02, 25, 0, 0.00, ''),
('010218052605820', 02, 26, 0, 0.00, ''),
('010218052605820', 02, 27, 0, 0.00, ''),
('010218052605820', 02, 28, 0, 0.00, ''),
('010218052605820', 02, 29, 0, 0.00, ''),
('010218052605820', 02, 30, 1, 7.00, ''),
('010218052605820', 02, 31, 0, 0.00, ''),
('010218052605820', 02, 32, 0, 0.00, ''),
('010218052605820', 02, 33, 0, 0.00, ''),
('010218052605820', 02, 34, 0, 0.00, ''),
('010218052605820', 02, 35, 0, 0.00, ''),
('010218052605820', 02, 36, 0, 0.00, ''),
('010218052605820', 02, 37, 1, 5.00, ''),
('010218052605820', 02, 38, 0, 0.00, ''),
('010218052605820', 02, 39, 0, 0.00, ''),
('010218052605820', 02, 40, 0, 0.00, ''),
('010218052605820', 02, 41, 0, 0.00, ''),
('010218052605820', 02, 42, 0, 0.00, ''),
('010218052605820', 02, 43, 0, 0.00, ''),
('010218052605820', 02, 44, 0, 0.00, ''),
('010218052605820', 02, 45, 0, 0.00, ''),
('010218052605820', 02, 46, 2, 32.00, ''),
('010218052605820', 02, 47, 0, 0.00, ''),
('010218052605820', 02, 48, 0, 0.00, ''),
('010218052605820', 02, 49, 0, 0.00, ''),
('010218052605820', 02, 50, 0, 0.00, ''),
('010218052605820', 02, 51, 0, 0.00, ''),
('010218052605820', 02, 52, 0, 0.00, ''),
('010218052605820', 02, 53, 0, 0.00, ''),
('010218052605820', 02, 54, 0, 0.00, ''),
('010218052605820', 02, 55, 0, 0.00, ''),
('010218052605820', 02, 56, 0, 0.00, ''),
('010218052605820', 02, 57, 0, 0.00, ''),
('010218052605820', 02, 58, 0, 0.00, ''),
('010218052605820', 02, 59, 0, 0.00, ''),
('010218052605820', 02, 60, 0, 0.00, ''),
('010218052605820', 02, 61, 0, 0.00, ''),
('010218052605820', 02, 62, 0, 0.00, ''),
('010218052605820', 02, 63, 0, 0.00, ''),
('010218052605820', 02, 64, 0, 0.00, ''),
('010218052605820', 02, 65, 0, 0.00, ''),
('010218052605820', 02, 66, 0, 0.00, ''),
('010118052605771', 01, 1, 10, 22.20, ''),
('010118052605771', 01, 2, 10, 22.20, ''),
('010218052605771', 02, 3, 0, 0.00, ''),
('010218052605771', 02, 4, 0, 0.00, ''),
('010218052605771', 02, 5, 9, 18.00, ''),
('010218052605771', 02, 6, 0, 0.00, ''),
('010218052605771', 02, 7, 0, 0.00, ''),
('010218052605771', 02, 8, 0, 0.00, ''),
('010218052605771', 02, 9, 0, 0.00, ''),
('010218052605771', 02, 10, 0, 0.00, ''),
('010218052605771', 02, 11, 0, 0.00, ''),
('010218052605771', 02, 12, 0, 0.00, ''),
('010218052605771', 02, 13, 0, 0.00, ''),
('010218052605771', 02, 14, 9, 18.00, ''),
('010218052605771', 02, 15, 0, 0.00, ''),
('010218052605771', 02, 16, 0, 0.00, ''),
('010218052605771', 02, 17, 0, 0.00, ''),
('010218052605771', 02, 18, 0, 0.00, ''),
('010218052605771', 02, 19, 0, 0.00, ''),
('010218052605771', 02, 20, 0, 0.00, ''),
('010218052605771', 02, 21, 0, 74.00, ''),
('010218052605771', 02, 22, 5, 30.00, ''),
('010218052605771', 02, 23, 0, 0.00, ''),
('010218052605771', 02, 24, 0, 0.00, ''),
('010218052605771', 02, 25, 0, 0.00, ''),
('010218052605771', 02, 26, 0, 0.00, ''),
('010218052605771', 02, 27, 0, 0.00, ''),
('010218052605771', 02, 28, 0, 0.00, ''),
('010218052605771', 02, 29, 0, 0.00, ''),
('010218052605771', 02, 30, 1, 7.00, ''),
('010218052605771', 02, 31, 0, 0.00, ''),
('010218052605771', 02, 32, 0, 0.00, ''),
('010218052605771', 02, 33, 0, 0.00, ''),
('010218052605771', 02, 34, 0, 0.00, ''),
('010218052605771', 02, 35, 0, 0.00, ''),
('010218052605771', 02, 36, 0, 0.00, ''),
('010218052605771', 02, 37, 1, 5.00, ''),
('010218052605771', 02, 38, 0, 0.00, ''),
('010218052605771', 02, 39, 0, 0.00, ''),
('010218052605771', 02, 40, 0, 0.00, ''),
('010218052605771', 02, 41, 0, 0.00, ''),
('010218052605771', 02, 42, 0, 0.00, ''),
('010218052605771', 02, 43, 0, 0.00, ''),
('010218052605771', 02, 44, 0, 0.00, ''),
('010218052605771', 02, 45, 0, 0.00, ''),
('010218052605771', 02, 46, 2, 32.00, ''),
('010218052605771', 02, 47, 0, 0.00, ''),
('010218052605771', 02, 48, 0, 0.00, ''),
('010218052605771', 02, 49, 0, 0.00, ''),
('010218052605771', 02, 50, 0, 0.00, ''),
('010218052605771', 02, 51, 0, 0.00, ''),
('010218052605771', 02, 52, 0, 0.00, ''),
('010218052605771', 02, 53, 0, 0.00, ''),
('010218052605771', 02, 54, 0, 0.00, ''),
('010218052605771', 02, 55, 0, 0.00, ''),
('010218052605771', 02, 56, 0, 0.00, ''),
('010218052605771', 02, 57, 0, 0.00, ''),
('010218052605771', 02, 58, 0, 0.00, ''),
('010218052605771', 02, 59, 0, 0.00, ''),
('010218052605771', 02, 60, 0, 0.00, ''),
('010218052605771', 02, 61, 0, 0.00, ''),
('010218052605771', 02, 62, 0, 0.00, ''),
('010218052605771', 02, 63, 0, 0.00, ''),
('010218052605771', 02, 64, 0, 0.00, ''),
('010218052605771', 02, 65, 0, 0.00, ''),
('010218052605771', 02, 66, 0, 0.00, ''),
('010118053007138', 01, 1, 10, 10.00, ''),
('010118053007138', 01, 2, 10, 10.00, ''),
('010218053007138', 02, 3, 0, 0.00, ''),
('010218053007138', 02, 4, 0, 0.00, ''),
('010218053007138', 02, 5, 0, 0.00, ''),
('010218053007138', 02, 6, 0, 0.00, ''),
('010218053007138', 02, 7, 0, 0.00, ''),
('010218053007138', 02, 8, 0, 0.00, ''),
('010218053007138', 02, 9, 0, 0.00, ''),
('010218053007138', 02, 10, 0, 0.00, ''),
('010218053007138', 02, 11, 0, 0.00, ''),
('010218053007138', 02, 12, 0, 0.00, ''),
('010218053007138', 02, 13, 0, 0.00, ''),
('010218053007138', 02, 14, 0, 0.00, ''),
('010218053007138', 02, 15, 0, 0.00, ''),
('010218053007138', 02, 16, 0, 0.00, ''),
('010218053007138', 02, 17, 0, 0.00, ''),
('010218053007138', 02, 18, 0, 0.00, ''),
('010218053007138', 02, 19, 0, 0.00, ''),
('010218053007138', 02, 20, 0, 0.00, ''),
('010218053007138', 02, 21, 0, 10.00, ''),
('010218053007138', 02, 22, 0, 0.00, ''),
('010218053007138', 02, 23, 0, 0.00, ''),
('010218053007138', 02, 24, 0, 0.00, ''),
('010218053007138', 02, 25, 0, 0.00, ''),
('010218053007138', 02, 26, 0, 0.00, ''),
('010218053007138', 02, 27, 0, 0.00, ''),
('010218053007138', 02, 28, 0, 0.00, ''),
('010218053007138', 02, 29, 1, 10.00, ''),
('010218053007138', 02, 30, 0, 0.00, ''),
('010218053007138', 02, 31, 0, 0.00, ''),
('010218053007138', 02, 32, 0, 0.00, ''),
('010218053007138', 02, 33, 0, 0.00, ''),
('010218053007138', 02, 34, 0, 0.00, ''),
('010218053007138', 02, 35, 0, 0.00, ''),
('010218053007138', 02, 36, 0, 0.00, ''),
('010218053007138', 02, 37, 0, 0.00, ''),
('010218053007138', 02, 38, 0, 0.00, ''),
('010218053007138', 02, 39, 0, 0.00, ''),
('010218053007138', 02, 40, 0, 0.00, ''),
('010218053007138', 02, 41, 0, 0.00, ''),
('010218053007138', 02, 42, 0, 0.00, ''),
('010218053007138', 02, 43, 0, 0.00, ''),
('010218053007138', 02, 44, 0, 0.00, ''),
('010218053007138', 02, 45, 0, 0.00, ''),
('010218053007138', 02, 46, 0, 0.00, ''),
('010218053007138', 02, 47, 0, 0.00, ''),
('010218053007138', 02, 48, 0, 0.00, ''),
('010218053007138', 02, 49, 0, 0.00, ''),
('010218053007138', 02, 50, 0, 0.00, ''),
('010218053007138', 02, 51, 0, 0.00, ''),
('010218053007138', 02, 52, 0, 0.00, ''),
('010218053007138', 02, 53, 0, 0.00, ''),
('010218053007138', 02, 54, 0, 0.00, ''),
('010218053007138', 02, 55, 0, 0.00, ''),
('010218053007138', 02, 56, 0, 0.00, ''),
('010218053007138', 02, 57, 0, 0.00, ''),
('010218053007138', 02, 58, 0, 0.00, ''),
('010218053007138', 02, 59, 0, 0.00, ''),
('010218053007138', 02, 60, 0, 0.00, ''),
('010218053007138', 02, 61, 0, 0.00, ''),
('010218053007138', 02, 62, 0, 0.00, ''),
('010218053007138', 02, 63, 0, 0.00, ''),
('010218053007138', 02, 64, 0, 0.00, ''),
('010218053007138', 02, 65, 0, 0.00, ''),
('010218053007138', 02, 66, 0, 0.00, ''),
('010118052505753', 01, 1, 10, 39.90, ''),
('010118052505753', 01, 2, 10, 39.90, ''),
('010218052505753', 02, 3, 0, 0.00, ''),
('010218052505753', 02, 4, 0, 0.00, ''),
('010218052505753', 02, 5, 7, 68.00, ''),
('010218052505753', 02, 6, 0, 0.00, ''),
('010218052505753', 02, 7, 0, 0.00, ''),
('010218052505753', 02, 8, 0, 0.00, ''),
('010218052505753', 02, 9, 0, 0.00, ''),
('010218052505753', 02, 10, 3, 60.00, ''),
('010218052505753', 02, 11, 0, 0.00, ''),
('010218052505753', 02, 12, 0, 0.00, ''),
('010218052505753', 02, 13, 0, 0.00, ''),
('010218052505753', 02, 14, 0, 0.00, ''),
('010218052505753', 02, 15, 0, 0.00, ''),
('010218052505753', 02, 16, 0, 0.00, ''),
('010218052505753', 02, 17, 4, 8.00, ''),
('010218052505753', 02, 18, 0, 0.00, ''),
('010218052505753', 02, 19, 0, 0.00, ''),
('010218052505753', 02, 20, 0, 0.00, ''),
('010218052505753', 02, 21, 0, 67.00, ''),
('010218052505753', 02, 22, 2, 16.00, ''),
('010218052505753', 02, 23, 0, 0.00, ''),
('010218052505753', 02, 24, 0, 0.00, ''),
('010218052505753', 02, 25, 0, 0.00, ''),
('010218052505753', 02, 26, 0, 0.00, ''),
('010218052505753', 02, 27, 1, 20.00, ''),
('010218052505753', 02, 28, 0, 0.00, ''),
('010218052505753', 02, 29, 0, 0.00, ''),
('010218052505753', 02, 30, 0, 0.00, ''),
('010218052505753', 02, 31, 0, 0.00, '');
INSERT INTO `lrecaudacion_detalle` (`LRECAU_ID`, `LRECTIP_ID`, `IDITEM`, `CANTIDAD`, `MONTO`, `CELDA`) VALUES
('010218052505753', 02, 32, 0, 0.00, ''),
('010218052505753', 02, 33, 0, 0.00, ''),
('010218052505753', 02, 34, 0, 0.00, ''),
('010218052505753', 02, 35, 0, 0.00, ''),
('010218052505753', 02, 36, 3, 9.00, ''),
('010218052505753', 02, 37, 1, 10.00, ''),
('010218052505753', 02, 38, 1, 2.00, ''),
('010218052505753', 02, 39, 0, 0.00, ''),
('010218052505753', 02, 40, 0, 0.00, ''),
('010218052505753', 02, 41, 0, 0.00, ''),
('010218052505753', 02, 42, 0, 0.00, ''),
('010218052505753', 02, 43, 0, 0.00, ''),
('010218052505753', 02, 44, 0, 0.00, ''),
('010218052505753', 02, 45, 1, 10.00, ''),
('010218052505753', 02, 46, 0, 0.00, ''),
('010218052505753', 02, 47, 0, 0.00, ''),
('010218052505753', 02, 48, 0, 0.00, ''),
('010218052505753', 02, 49, 0, 0.00, ''),
('010218052505753', 02, 50, 0, 0.00, ''),
('010218052505753', 02, 51, 0, 0.00, ''),
('010218052505753', 02, 52, 0, 0.00, ''),
('010218052505753', 02, 53, 0, 0.00, ''),
('010218052505753', 02, 54, 0, 0.00, ''),
('010218052505753', 02, 55, 0, 0.00, ''),
('010218052505753', 02, 56, 0, 0.00, ''),
('010218052505753', 02, 57, 0, 0.00, ''),
('010218052505753', 02, 58, 0, 0.00, ''),
('010218052505753', 02, 59, 0, 0.00, ''),
('010218052505753', 02, 60, 0, 0.00, ''),
('010218052505753', 02, 61, 0, 0.00, ''),
('010218052505753', 02, 62, 0, 0.00, ''),
('010218052505753', 02, 63, 0, 0.00, ''),
('010218052505753', 02, 64, 0, 0.00, ''),
('010218052505753', 02, 65, 0, 0.00, ''),
('010218052505753', 02, 66, 0, 0.00, ''),
('010118052512668', 01, 1, 10, 39.90, ''),
('010118052512668', 01, 2, 10, 39.90, ''),
('010218052512668', 02, 3, 0, 0.00, ''),
('010218052512668', 02, 4, 0, 0.00, ''),
('010218052512668', 02, 5, 3, 60.00, ''),
('010218052512668', 02, 6, 0, 0.00, ''),
('010218052512668', 02, 7, 0, 0.00, ''),
('010218052512668', 02, 8, 0, 0.00, ''),
('010218052512668', 02, 9, 0, 0.00, ''),
('010218052512668', 02, 10, 3, 60.00, ''),
('010218052512668', 02, 11, 0, 0.00, ''),
('010218052512668', 02, 12, 0, 0.00, ''),
('010218052512668', 02, 13, 0, 0.00, ''),
('010218052512668', 02, 14, 0, 0.00, ''),
('010218052512668', 02, 15, 0, 0.00, ''),
('010218052512668', 02, 16, 0, 0.00, ''),
('010218052512668', 02, 17, 0, 0.00, ''),
('010218052512668', 02, 18, 0, 0.00, ''),
('010218052512668', 02, 19, 0, 0.00, ''),
('010218052512668', 02, 20, 0, 0.00, ''),
('010218052512668', 02, 21, 0, 50.00, ''),
('010218052512668', 02, 22, 0, 0.00, ''),
('010218052512668', 02, 23, 0, 0.00, ''),
('010218052512668', 02, 24, 0, 0.00, ''),
('010218052512668', 02, 25, 0, 0.00, ''),
('010218052512668', 02, 26, 0, 0.00, ''),
('010218052512668', 02, 27, 1, 20.00, ''),
('010218052512668', 02, 28, 0, 0.00, ''),
('010218052512668', 02, 29, 2, 30.00, ''),
('010218052512668', 02, 30, 0, 0.00, ''),
('010218052512668', 02, 31, 0, 0.00, ''),
('010218052512668', 02, 32, 0, 0.00, ''),
('010218052512668', 02, 33, 0, 0.00, ''),
('010218052512668', 02, 34, 0, 0.00, ''),
('010218052512668', 02, 35, 0, 0.00, ''),
('010218052512668', 02, 36, 0, 0.00, ''),
('010218052512668', 02, 37, 0, 0.00, ''),
('010218052512668', 02, 38, 0, 0.00, ''),
('010218052512668', 02, 39, 0, 0.00, ''),
('010218052512668', 02, 40, 0, 0.00, ''),
('010218052512668', 02, 41, 0, 0.00, ''),
('010218052512668', 02, 42, 0, 0.00, ''),
('010218052512668', 02, 43, 0, 0.00, ''),
('010218052512668', 02, 44, 0, 0.00, ''),
('010218052512668', 02, 45, 0, 0.00, ''),
('010218052512668', 02, 46, 0, 0.00, ''),
('010218052512668', 02, 47, 0, 0.00, ''),
('010218052512668', 02, 48, 0, 0.00, ''),
('010218052512668', 02, 49, 0, 0.00, ''),
('010218052512668', 02, 50, 0, 0.00, ''),
('010218052512668', 02, 51, 0, 0.00, ''),
('010218052512668', 02, 52, 0, 0.00, ''),
('010218052512668', 02, 53, 0, 0.00, ''),
('010218052512668', 02, 54, 0, 0.00, ''),
('010218052512668', 02, 55, 0, 0.00, ''),
('010218052512668', 02, 56, 0, 0.00, ''),
('010218052512668', 02, 57, 0, 0.00, ''),
('010218052512668', 02, 58, 0, 0.00, ''),
('010218052512668', 02, 59, 0, 0.00, ''),
('010218052512668', 02, 60, 0, 0.00, ''),
('010218052512668', 02, 61, 0, 0.00, ''),
('010218052512668', 02, 62, 0, 0.00, ''),
('010218052512668', 02, 63, 0, 0.00, ''),
('010218052512668', 02, 64, 0, 0.00, ''),
('010218052512668', 02, 65, 0, 0.00, ''),
('010218052512668', 02, 66, 0, 0.00, ''),
('010118050105821', 01, 1, 7, 56.10, ''),
('010118050105821', 01, 2, 7, 56.10, ''),
('010218050105821', 02, 3, 0, 0.00, ''),
('010218050105821', 02, 4, 0, 0.00, ''),
('010218050105821', 02, 5, 0, 0.00, ''),
('010218050105821', 02, 6, 0, 0.00, ''),
('010218050105821', 02, 7, 0, 0.00, ''),
('010218050105821', 02, 8, 0, 0.00, ''),
('010218050105821', 02, 9, 0, 0.00, ''),
('010218050105821', 02, 10, 0, 0.00, ''),
('010218050105821', 02, 11, 0, 0.00, ''),
('010218050105821', 02, 12, 0, 0.00, ''),
('010218050105821', 02, 13, 0, 0.00, ''),
('010218050105821', 02, 14, 0, 0.00, ''),
('010218050105821', 02, 15, 0, 0.00, ''),
('010218050105821', 02, 16, 0, 0.00, ''),
('010218050105821', 02, 17, 0, 0.00, ''),
('010218050105821', 02, 18, 0, 0.00, ''),
('010218050105821', 02, 19, 0, 0.00, ''),
('010218050105821', 02, 20, 0, 0.00, ''),
('010218050105821', 02, 21, 0, 74.00, ''),
('010218050105821', 02, 22, 0, 0.00, ''),
('010218050105821', 02, 23, 0, 0.00, ''),
('010218050105821', 02, 24, 0, 0.00, ''),
('010218050105821', 02, 25, 0, 0.00, ''),
('010218050105821', 02, 26, 0, 0.00, ''),
('010218050105821', 02, 27, 0, 0.00, ''),
('010218050105821', 02, 28, 0, 0.00, ''),
('010218050105821', 02, 29, 0, 0.00, ''),
('010218050105821', 02, 30, 7, 49.00, ''),
('010218050105821', 02, 31, 0, 0.00, ''),
('010218050105821', 02, 32, 0, 0.00, ''),
('010218050105821', 02, 33, 0, 0.00, ''),
('010218050105821', 02, 34, 0, 0.00, ''),
('010218050105821', 02, 35, 0, 0.00, ''),
('010218050105821', 02, 36, 3, 3.00, ''),
('010218050105821', 02, 37, 2, 10.00, ''),
('010218050105821', 02, 38, 2, 12.00, ''),
('010218050105821', 02, 39, 0, 0.00, ''),
('010218050105821', 02, 40, 0, 0.00, ''),
('010218050105821', 02, 41, 0, 0.00, ''),
('010218050105821', 02, 42, 0, 0.00, ''),
('010218050105821', 02, 43, 0, 0.00, ''),
('010218050105821', 02, 44, 0, 0.00, ''),
('010218050105821', 02, 45, 0, 0.00, ''),
('010218050105821', 02, 46, 0, 0.00, ''),
('010218050105821', 02, 47, 0, 0.00, ''),
('010218050105821', 02, 48, 0, 0.00, ''),
('010218050105821', 02, 49, 0, 0.00, ''),
('010218050105821', 02, 50, 0, 0.00, ''),
('010218050105821', 02, 51, 0, 0.00, ''),
('010218050105821', 02, 52, 0, 0.00, ''),
('010218050105821', 02, 53, 0, 0.00, ''),
('010218050105821', 02, 54, 0, 0.00, ''),
('010218050105821', 02, 55, 0, 0.00, ''),
('010218050105821', 02, 56, 0, 0.00, ''),
('010218050105821', 02, 57, 0, 0.00, ''),
('010218050105821', 02, 58, 0, 0.00, ''),
('010218050105821', 02, 59, 0, 0.00, ''),
('010218050105821', 02, 60, 0, 0.00, ''),
('010218050105821', 02, 61, 0, 0.00, ''),
('010218050105821', 02, 62, 0, 0.00, ''),
('010218050105821', 02, 63, 0, 0.00, ''),
('010218050105821', 02, 64, 0, 0.00, ''),
('010218050105821', 02, 65, 0, 0.00, ''),
('010218050105821', 02, 66, 0, 0.00, ''),
('010118050205821', 01, 1, 10, 141.30, ''),
('010118050205821', 01, 2, 10, 141.30, ''),
('010218050205821', 02, 3, 0, 0.00, ''),
('010218050205821', 02, 4, 0, 0.00, ''),
('010218050205821', 02, 5, 6, 32.00, ''),
('010218050205821', 02, 6, 0, 0.00, ''),
('010218050205821', 02, 7, 0, 0.00, ''),
('010218050205821', 02, 8, 0, 0.00, ''),
('010218050205821', 02, 9, 0, 0.00, ''),
('010218050205821', 02, 10, 0, 0.00, ''),
('010218050205821', 02, 11, 0, 0.00, ''),
('010218050205821', 02, 12, 0, 0.00, ''),
('010218050205821', 02, 13, 0, 0.00, ''),
('010218050205821', 02, 14, 6, 32.00, ''),
('010218050205821', 02, 15, 0, 0.00, ''),
('010218050205821', 02, 16, 0, 0.00, ''),
('010218050205821', 02, 17, 0, 0.00, ''),
('010218050205821', 02, 18, 0, 0.00, ''),
('010218050205821', 02, 19, 0, 0.00, ''),
('010218050205821', 02, 20, 0, 0.00, ''),
('010218050205821', 02, 21, 0, 189.00, ''),
('010218050205821', 02, 22, 5, 27.00, ''),
('010218050205821', 02, 23, 0, 0.00, ''),
('010218050205821', 02, 24, 0, 0.00, ''),
('010218050205821', 02, 25, 0, 0.00, ''),
('010218050205821', 02, 26, 0, 0.00, ''),
('010218050205821', 02, 27, 2, 25.00, ''),
('010218050205821', 02, 28, 0, 0.00, ''),
('010218050205821', 02, 29, 1, 7.00, ''),
('010218050205821', 02, 30, 8, 56.00, ''),
('010218050205821', 02, 31, 0, 0.00, ''),
('010218050205821', 02, 32, 0, 0.00, ''),
('010218050205821', 02, 33, 0, 0.00, ''),
('010218050205821', 02, 34, 0, 0.00, ''),
('010218050205821', 02, 35, 0, 0.00, ''),
('010218050205821', 02, 36, 8, 19.00, ''),
('010218050205821', 02, 37, 3, 15.00, ''),
('010218050205821', 02, 38, 1, 6.00, ''),
('010218050205821', 02, 39, 0, 0.00, ''),
('010218050205821', 02, 40, 0, 0.00, ''),
('010218050205821', 02, 41, 0, 0.00, ''),
('010218050205821', 02, 42, 0, 0.00, ''),
('010218050205821', 02, 43, 0, 0.00, ''),
('010218050205821', 02, 44, 0, 0.00, ''),
('010218050205821', 02, 45, 0, 0.00, ''),
('010218050205821', 02, 46, 2, 24.00, ''),
('010218050205821', 02, 47, 0, 0.00, ''),
('010218050205821', 02, 48, 0, 0.00, ''),
('010218050205821', 02, 49, 0, 0.00, ''),
('010218050205821', 02, 50, 0, 0.00, ''),
('010218050205821', 02, 51, 0, 0.00, ''),
('010218050205821', 02, 52, 1, 10.00, ''),
('010218050205821', 02, 53, 0, 0.00, ''),
('010218050205821', 02, 54, 0, 0.00, ''),
('010218050205821', 02, 55, 0, 0.00, ''),
('010218050205821', 02, 56, 0, 0.00, ''),
('010218050205821', 02, 57, 0, 0.00, ''),
('010218050205821', 02, 58, 0, 0.00, ''),
('010218050205821', 02, 59, 0, 0.00, ''),
('010218050205821', 02, 60, 0, 0.00, ''),
('010218050205821', 02, 61, 0, 0.00, ''),
('010218050205821', 02, 62, 0, 0.00, ''),
('010218050205821', 02, 63, 0, 0.00, ''),
('010218050205821', 02, 64, 0, 0.00, ''),
('010218050205821', 02, 65, 0, 0.00, ''),
('010218050205821', 02, 66, 0, 0.00, ''),
('010118052905788', 01, 1, 17, 52.40, ''),
('010118052905788', 01, 2, 17, 52.40, ''),
('010218052905788', 02, 3, 0, 0.00, ''),
('010218052905788', 02, 4, 0, 0.00, ''),
('010218052905788', 02, 5, 1, 2.00, ''),
('010218052905788', 02, 6, 0, 0.00, ''),
('010218052905788', 02, 7, 0, 0.00, ''),
('010218052905788', 02, 8, 0, 0.00, ''),
('010218052905788', 02, 9, 0, 0.00, ''),
('010218052905788', 02, 10, 0, 0.00, ''),
('010218052905788', 02, 11, 0, 0.00, ''),
('010218052905788', 02, 12, 0, 0.00, ''),
('010218052905788', 02, 13, 0, 0.00, ''),
('010218052905788', 02, 14, 0, 0.00, ''),
('010218052905788', 02, 15, 0, 0.00, ''),
('010218052905788', 02, 16, 0, 0.00, ''),
('010218052905788', 02, 17, 1, 2.00, ''),
('010218052905788', 02, 18, 0, 0.00, ''),
('010218052905788', 02, 19, 0, 0.00, ''),
('010218052905788', 02, 20, 0, 0.00, ''),
('010218052905788', 02, 21, 0, 114.00, ''),
('010218052905788', 02, 22, 5, 40.00, ''),
('010218052905788', 02, 23, 0, 0.00, ''),
('010218052905788', 02, 24, 0, 0.00, ''),
('010218052905788', 02, 25, 0, 0.00, ''),
('010218052905788', 02, 26, 0, 0.00, ''),
('010218052905788', 02, 27, 0, 0.00, ''),
('010218052905788', 02, 28, 0, 0.00, ''),
('010218052905788', 02, 29, 0, 0.00, ''),
('010218052905788', 02, 30, 1, 8.00, ''),
('010218052905788', 02, 31, 0, 0.00, ''),
('010218052905788', 02, 32, 0, 0.00, ''),
('010218052905788', 02, 33, 0, 0.00, ''),
('010218052905788', 02, 34, 0, 0.00, ''),
('010218052905788', 02, 35, 0, 0.00, ''),
('010218052905788', 02, 36, 0, 0.00, ''),
('010218052905788', 02, 37, 0, 0.00, ''),
('010218052905788', 02, 38, 0, 0.00, ''),
('010218052905788', 02, 39, 0, 0.00, ''),
('010218052905788', 02, 40, 0, 0.00, ''),
('010218052905788', 02, 41, 0, 0.00, ''),
('010218052905788', 02, 42, 1, 8.00, ''),
('010218052905788', 02, 43, 6, 48.00, ''),
('010218052905788', 02, 44, 0, 0.00, ''),
('010218052905788', 02, 45, 1, 10.00, ''),
('010218052905788', 02, 46, 0, 0.00, ''),
('010218052905788', 02, 47, 0, 0.00, ''),
('010218052905788', 02, 48, 0, 0.00, ''),
('010218052905788', 02, 49, 0, 0.00, ''),
('010218052905788', 02, 50, 0, 0.00, ''),
('010218052905788', 02, 51, 0, 0.00, ''),
('010218052905788', 02, 52, 0, 0.00, ''),
('010218052905788', 02, 53, 0, 0.00, ''),
('010218052905788', 02, 54, 0, 0.00, ''),
('010218052905788', 02, 55, 0, 0.00, ''),
('010218052905788', 02, 56, 0, 0.00, ''),
('010218052905788', 02, 57, 0, 0.00, ''),
('010218052905788', 02, 58, 0, 0.00, ''),
('010218052905788', 02, 59, 0, 0.00, ''),
('010218052905788', 02, 60, 0, 0.00, ''),
('010218052905788', 02, 61, 0, 0.00, ''),
('010218052905788', 02, 62, 0, 0.00, ''),
('010218052905788', 02, 63, 0, 0.00, ''),
('010218052905788', 02, 64, 0, 0.00, ''),
('010218052905788', 02, 65, 0, 0.00, ''),
('010218052905788', 02, 66, 0, 0.00, ''),
('010118053005741', 01, 1, 0, 0.00, ''),
('010118053005741', 01, 2, 0, 0.00, ''),
('010218053005741', 02, 3, 5, 50.00, ''),
('010218053005741', 02, 4, 5, 50.00, ''),
('010218053005741', 02, 5, 2, 3.22, ''),
('010218053005741', 02, 6, 0, 32.21, ''),
('010218053005741', 02, 7, 2, 0.00, ''),
('010218053005741', 02, 8, 0, 0.00, ''),
('010218053005741', 02, 9, 0, 0.00, ''),
('010218053005741', 02, 10, 0, 0.00, ''),
('010218053005741', 02, 11, 0, 0.00, ''),
('010218053005741', 02, 12, 0, 0.00, ''),
('010218053005741', 02, 13, 0, 0.00, ''),
('010218053005741', 02, 14, 0, 0.00, ''),
('010218053005741', 02, 15, 0, 0.00, ''),
('010218053005741', 02, 16, 0, 0.00, ''),
('010218053005741', 02, 17, 0, 0.00, ''),
('010218053005741', 02, 18, 0, 0.00, ''),
('010218053005741', 02, 19, 0, 0.00, ''),
('010218053005741', 02, 20, 0, 0.00, ''),
('010218053005741', 02, 21, 0, 0.00, ''),
('010218053005741', 02, 22, 0, 0.00, ''),
('010218053005741', 02, 23, 0, 0.00, ''),
('010218053005741', 02, 24, 0, 0.00, ''),
('010218053005741', 02, 25, 0, 0.00, ''),
('010218053005741', 02, 26, 0, 0.00, ''),
('010218053005741', 02, 27, 0, 0.00, ''),
('010218053005741', 02, 28, 0, 0.00, ''),
('010218053005741', 02, 29, 0, 0.00, ''),
('010218053005741', 02, 30, 0, 0.00, ''),
('010218053005741', 02, 31, 0, 0.00, ''),
('010218053005741', 02, 32, 0, 0.00, ''),
('010218053005741', 02, 33, 0, 0.00, ''),
('010218053005741', 02, 34, 0, 0.00, ''),
('010218053005741', 02, 35, 0, 0.00, ''),
('010218053005741', 02, 36, 0, 0.00, ''),
('010218053005741', 02, 37, 0, 0.00, ''),
('010218053005741', 02, 38, 0, 0.00, ''),
('010218053005741', 02, 39, 0, 0.00, ''),
('010218053005741', 02, 40, 0, 0.00, ''),
('010218053005741', 02, 41, 0, 0.00, ''),
('010218053005741', 02, 42, 0, 0.00, ''),
('010218053005741', 02, 43, 0, 0.00, ''),
('010218053005741', 02, 44, 0, 0.00, ''),
('010218053005741', 02, 45, 0, 0.00, ''),
('010218053005741', 02, 46, 0, 0.00, ''),
('010218053005741', 02, 47, 0, 0.00, ''),
('010218053005741', 02, 48, 0, 0.00, ''),
('010218053005741', 02, 49, 0, 0.00, ''),
('010218053005741', 02, 50, 0, 0.00, ''),
('010218053005741', 02, 51, 0, 0.00, ''),
('010218053005741', 02, 52, 0, 0.00, ''),
('010218053005741', 02, 53, 0, 0.00, ''),
('010218053005741', 02, 54, 0, 0.00, ''),
('010218053005741', 02, 55, 0, 0.00, ''),
('010218053005741', 02, 56, 0, 0.00, ''),
('010218053005741', 02, 57, 0, 0.00, ''),
('010218053005741', 02, 58, 0, 0.00, ''),
('010218053005741', 02, 59, 0, 0.00, ''),
('010218053005741', 02, 60, 0, 0.00, ''),
('010218053005741', 02, 61, 0, 0.00, ''),
('010218053005741', 02, 62, 0, 0.00, ''),
('010218053005741', 02, 63, 0, 0.00, ''),
('010218053005741', 02, 64, 0, 0.00, ''),
('010218053005741', 02, 65, 0, 0.00, ''),
('010218053005741', 02, 66, 0, 0.00, ''),
('010118052905763', 01, 1, 17, 73.20, ''),
('010118052905763', 01, 2, 17, 73.20, ''),
('010218052905763', 02, 3, 0, 0.00, ''),
('010218052905763', 02, 4, 0, 0.00, ''),
('010218052905763', 02, 5, 7, 14.00, ''),
('010218052905763', 02, 6, 0, 0.00, ''),
('010218052905763', 02, 7, 0, 0.00, ''),
('010218052905763', 02, 8, 0, 0.00, ''),
('010218052905763', 02, 9, 0, 0.00, ''),
('010218052905763', 02, 10, 0, 0.00, ''),
('010218052905763', 02, 11, 0, 0.00, ''),
('010218052905763', 02, 12, 0, 0.00, ''),
('010218052905763', 02, 13, 0, 0.00, ''),
('010218052905763', 02, 14, 7, 14.00, ''),
('010218052905763', 02, 15, 0, 0.00, ''),
('010218052905763', 02, 16, 0, 0.00, ''),
('010218052905763', 02, 17, 0, 0.00, ''),
('010218052905763', 02, 18, 0, 0.00, ''),
('010218052905763', 02, 19, 0, 0.00, ''),
('010218052905763', 02, 20, 0, 0.00, ''),
('010218052905763', 02, 21, 0, 249.00, ''),
('010218052905763', 02, 22, 9, 74.00, ''),
('010218052905763', 02, 23, 0, 0.00, ''),
('010218052905763', 02, 24, 0, 0.00, ''),
('010218052905763', 02, 25, 0, 0.00, ''),
('010218052905763', 02, 26, 0, 0.00, ''),
('010218052905763', 02, 27, 0, 0.00, ''),
('010218052905763', 02, 28, 0, 0.00, ''),
('010218052905763', 02, 29, 0, 0.00, ''),
('010218052905763', 02, 30, 0, 0.00, ''),
('010218052905763', 02, 31, 0, 0.00, ''),
('010218052905763', 02, 32, 0, 0.00, ''),
('010218052905763', 02, 33, 0, 0.00, ''),
('010218052905763', 02, 34, 0, 0.00, ''),
('010218052905763', 02, 35, 0, 0.00, ''),
('010218052905763', 02, 36, 3, 9.00, ''),
('010218052905763', 02, 37, 0, 0.00, ''),
('010218052905763', 02, 38, 0, 0.00, ''),
('010218052905763', 02, 39, 0, 0.00, ''),
('010218052905763', 02, 40, 0, 0.00, ''),
('010218052905763', 02, 41, 0, 0.00, ''),
('010218052905763', 02, 42, 4, 32.00, ''),
('010218052905763', 02, 43, 1, 8.00, ''),
('010218052905763', 02, 44, 1, 8.00, ''),
('010218052905763', 02, 45, 0, 0.00, ''),
('010218052905763', 02, 46, 3, 54.00, ''),
('010218052905763', 02, 47, 0, 0.00, ''),
('010218052905763', 02, 48, 0, 0.00, ''),
('010218052905763', 02, 49, 1, 40.00, ''),
('010218052905763', 02, 50, 0, 0.00, ''),
('010218052905763', 02, 51, 0, 0.00, ''),
('010218052905763', 02, 52, 2, 24.00, ''),
('010218052905763', 02, 53, 0, 0.00, ''),
('010218052905763', 02, 54, 0, 0.00, ''),
('010218052905763', 02, 55, 0, 0.00, ''),
('010218052905763', 02, 56, 0, 0.00, ''),
('010218052905763', 02, 57, 0, 0.00, ''),
('010218052905763', 02, 58, 0, 0.00, ''),
('010218052905763', 02, 59, 0, 0.00, ''),
('010218052905763', 02, 60, 0, 0.00, ''),
('010218052905763', 02, 61, 0, 0.00, ''),
('010218052905763', 02, 62, 0, 0.00, ''),
('010218052905763', 02, 63, 0, 0.00, ''),
('010218052905763', 02, 64, 0, 0.00, ''),
('010218052905763', 02, 65, 0, 0.00, ''),
('010218052905763', 02, 66, 0, 0.00, ''),
('010118052805763', 01, 1, 17, 82.20, ''),
('010118052805763', 01, 2, 17, 82.20, ''),
('010218052805763', 02, 3, 0, 0.00, ''),
('010218052805763', 02, 4, 0, 0.00, ''),
('010218052805763', 02, 5, 16, 104.00, ''),
('010218052805763', 02, 6, 0, 0.00, ''),
('010218052805763', 02, 7, 0, 0.00, ''),
('010218052805763', 02, 8, 0, 0.00, ''),
('010218052805763', 02, 9, 0, 0.00, ''),
('010218052805763', 02, 10, 4, 80.00, ''),
('010218052805763', 02, 11, 0, 0.00, ''),
('010218052805763', 02, 12, 0, 0.00, ''),
('010218052805763', 02, 13, 0, 0.00, ''),
('010218052805763', 02, 14, 12, 24.00, ''),
('010218052805763', 02, 15, 0, 0.00, ''),
('010218052805763', 02, 16, 0, 0.00, ''),
('010218052805763', 02, 17, 0, 0.00, ''),
('010218052805763', 02, 18, 0, 0.00, ''),
('010218052805763', 02, 19, 0, 0.00, ''),
('010218052805763', 02, 20, 0, 0.00, ''),
('010218052805763', 02, 21, 0, 357.00, ''),
('010218052805763', 02, 22, 6, 52.00, ''),
('010218052805763', 02, 23, 0, 0.00, ''),
('010218052805763', 02, 24, 0, 0.00, ''),
('010218052805763', 02, 25, 0, 0.00, ''),
('010218052805763', 02, 26, 0, 0.00, ''),
('010218052805763', 02, 27, 3, 24.00, ''),
('010218052805763', 02, 28, 0, 0.00, ''),
('010218052805763', 02, 29, 0, 0.00, ''),
('010218052805763', 02, 30, 0, 0.00, ''),
('010218052805763', 02, 31, 0, 0.00, ''),
('010218052805763', 02, 32, 0, 0.00, ''),
('010218052805763', 02, 33, 0, 0.00, ''),
('010218052805763', 02, 34, 0, 0.00, ''),
('010218052805763', 02, 35, 0, 0.00, ''),
('010218052805763', 02, 36, 7, 21.00, ''),
('010218052805763', 02, 37, 0, 0.00, ''),
('010218052805763', 02, 38, 2, 4.00, ''),
('010218052805763', 02, 39, 1, 10.00, ''),
('010218052805763', 02, 40, 0, 0.00, ''),
('010218052805763', 02, 41, 0, 0.00, ''),
('010218052805763', 02, 42, 3, 24.00, ''),
('010218052805763', 02, 43, 5, 52.00, ''),
('010218052805763', 02, 44, 0, 0.00, ''),
('010218052805763', 02, 45, 1, 10.00, ''),
('010218052805763', 02, 46, 2, 20.00, ''),
('010218052805763', 02, 47, 0, 0.00, ''),
('010218052805763', 02, 48, 0, 0.00, ''),
('010218052805763', 02, 49, 6, 140.00, ''),
('010218052805763', 02, 50, 0, 0.00, ''),
('010218052805763', 02, 51, 0, 0.00, ''),
('010218052805763', 02, 52, 0, 0.00, ''),
('010218052805763', 02, 53, 0, 0.00, ''),
('010218052805763', 02, 54, 0, 0.00, ''),
('010218052805763', 02, 55, 0, 0.00, ''),
('010218052805763', 02, 56, 0, 0.00, ''),
('010218052805763', 02, 57, 0, 0.00, ''),
('010218052805763', 02, 58, 0, 0.00, ''),
('010218052805763', 02, 59, 0, 0.00, ''),
('010218052805763', 02, 60, 0, 0.00, ''),
('010218052805763', 02, 61, 0, 0.00, ''),
('010218052805763', 02, 62, 0, 0.00, ''),
('010218052805763', 02, 63, 0, 0.00, ''),
('010218052805763', 02, 64, 0, 0.00, ''),
('010218052805763', 02, 65, 0, 0.00, ''),
('010218052805763', 02, 66, 0, 0.00, ''),
('010118050506886', 01, 1, 5, 20.30, ''),
('010118050506886', 01, 2, 5, 20.30, ''),
('010218050506886', 02, 3, 0, 0.00, ''),
('010218050506886', 02, 4, 0, 0.00, ''),
('010218050506886', 02, 5, 1, 2.00, ''),
('010218050506886', 02, 6, 0, 0.00, ''),
('010218050506886', 02, 7, 0, 0.00, ''),
('010218050506886', 02, 8, 0, 0.00, ''),
('010218050506886', 02, 9, 0, 0.00, ''),
('010218050506886', 02, 10, 0, 0.00, ''),
('010218050506886', 02, 11, 0, 0.00, ''),
('010218050506886', 02, 12, 0, 0.00, ''),
('010218050506886', 02, 13, 0, 0.00, ''),
('010218050506886', 02, 14, 1, 2.00, ''),
('010218050506886', 02, 15, 0, 0.00, ''),
('010218050506886', 02, 16, 0, 0.00, ''),
('010218050506886', 02, 17, 0, 0.00, ''),
('010218050506886', 02, 18, 0, 0.00, ''),
('010218050506886', 02, 19, 0, 0.00, ''),
('010218050506886', 02, 20, 0, 0.00, ''),
('010218050506886', 02, 21, 0, 99.00, ''),
('010218050506886', 02, 22, 1, 8.00, ''),
('010218050506886', 02, 23, 0, 0.00, ''),
('010218050506886', 02, 24, 0, 0.00, ''),
('010218050506886', 02, 25, 0, 0.00, ''),
('010218050506886', 02, 26, 0, 0.00, ''),
('010218050506886', 02, 27, 0, 0.00, ''),
('010218050506886', 02, 28, 0, 0.00, ''),
('010218050506886', 02, 29, 1, 8.00, ''),
('010218050506886', 02, 30, 0, 0.00, ''),
('010218050506886', 02, 31, 0, 0.00, ''),
('010218050506886', 02, 32, 0, 0.00, ''),
('010218050506886', 02, 33, 0, 0.00, ''),
('010218050506886', 02, 34, 0, 0.00, ''),
('010218050506886', 02, 35, 0, 0.00, ''),
('010218050506886', 02, 36, 1, 3.00, ''),
('010218050506886', 02, 37, 0, 0.00, ''),
('010218050506886', 02, 38, 1, 2.00, ''),
('010218050506886', 02, 39, 0, 0.00, ''),
('010218050506886', 02, 40, 0, 0.00, ''),
('010218050506886', 02, 41, 0, 0.00, ''),
('010218050506886', 02, 42, 1, 8.00, ''),
('010218050506886', 02, 43, 2, 20.00, ''),
('010218050506886', 02, 44, 0, 0.00, ''),
('010218050506886', 02, 45, 1, 10.00, ''),
('010218050506886', 02, 46, 2, 40.00, ''),
('010218050506886', 02, 47, 0, 0.00, ''),
('010218050506886', 02, 48, 0, 0.00, ''),
('010218050506886', 02, 49, 0, 0.00, ''),
('010218050506886', 02, 50, 0, 0.00, ''),
('010218050506886', 02, 51, 0, 0.00, ''),
('010218050506886', 02, 52, 0, 0.00, ''),
('010218050506886', 02, 53, 0, 0.00, ''),
('010218050506886', 02, 54, 0, 0.00, ''),
('010218050506886', 02, 55, 0, 0.00, ''),
('010218050506886', 02, 56, 0, 0.00, ''),
('010218050506886', 02, 57, 0, 0.00, ''),
('010218050506886', 02, 58, 0, 0.00, ''),
('010218050506886', 02, 59, 0, 0.00, ''),
('010218050506886', 02, 60, 0, 0.00, ''),
('010218050506886', 02, 61, 0, 0.00, ''),
('010218050506886', 02, 62, 0, 0.00, ''),
('010218050506886', 02, 63, 0, 0.00, ''),
('010218050506886', 02, 64, 0, 0.00, ''),
('010218050506886', 02, 65, 0, 0.00, ''),
('010218050506886', 02, 66, 0, 0.00, ''),
('010118050706886', 01, 1, 6, 27.10, ''),
('010118050706886', 01, 2, 6, 27.10, ''),
('010218050706886', 02, 3, 0, 0.00, ''),
('010218050706886', 02, 4, 0, 0.00, ''),
('010218050706886', 02, 5, 3, 24.00, ''),
('010218050706886', 02, 6, 0, 0.00, ''),
('010218050706886', 02, 7, 1, 20.00, ''),
('010218050706886', 02, 8, 0, 0.00, ''),
('010218050706886', 02, 9, 0, 0.00, ''),
('010218050706886', 02, 10, 0, 0.00, ''),
('010218050706886', 02, 11, 0, 0.00, ''),
('010218050706886', 02, 12, 0, 0.00, ''),
('010218050706886', 02, 13, 0, 0.00, ''),
('010218050706886', 02, 14, 2, 4.00, ''),
('010218050706886', 02, 15, 0, 0.00, ''),
('010218050706886', 02, 16, 0, 0.00, ''),
('010218050706886', 02, 17, 0, 0.00, ''),
('010218050706886', 02, 18, 0, 0.00, ''),
('010218050706886', 02, 19, 0, 0.00, ''),
('010218050706886', 02, 20, 0, 0.00, ''),
('010218050706886', 02, 21, 0, 28.00, ''),
('010218050706886', 02, 22, 0, 0.00, ''),
('010218050706886', 02, 23, 0, 0.00, ''),
('010218050706886', 02, 24, 0, 0.00, ''),
('010218050706886', 02, 25, 0, 0.00, ''),
('010218050706886', 02, 26, 0, 0.00, ''),
('010218050706886', 02, 27, 0, 0.00, ''),
('010218050706886', 02, 28, 0, 0.00, ''),
('010218050706886', 02, 29, 0, 0.00, ''),
('010218050706886', 02, 30, 0, 0.00, ''),
('010218050706886', 02, 31, 0, 0.00, ''),
('010218050706886', 02, 32, 0, 0.00, ''),
('010218050706886', 02, 33, 0, 0.00, ''),
('010218050706886', 02, 34, 0, 0.00, ''),
('010218050706886', 02, 35, 0, 0.00, ''),
('010218050706886', 02, 36, 0, 0.00, ''),
('010218050706886', 02, 37, 0, 0.00, ''),
('010218050706886', 02, 38, 1, 2.00, ''),
('010218050706886', 02, 39, 0, 0.00, ''),
('010218050706886', 02, 40, 0, 0.00, ''),
('010218050706886', 02, 41, 0, 0.00, ''),
('010218050706886', 02, 42, 1, 8.00, ''),
('010218050706886', 02, 43, 1, 8.00, ''),
('010218050706886', 02, 44, 0, 0.00, ''),
('010218050706886', 02, 45, 0, 0.00, ''),
('010218050706886', 02, 46, 1, 10.00, ''),
('010218050706886', 02, 47, 0, 0.00, ''),
('010218050706886', 02, 48, 0, 0.00, ''),
('010218050706886', 02, 49, 0, 0.00, ''),
('010218050706886', 02, 50, 0, 0.00, ''),
('010218050706886', 02, 51, 0, 0.00, ''),
('010218050706886', 02, 52, 0, 0.00, ''),
('010218050706886', 02, 53, 0, 0.00, ''),
('010218050706886', 02, 54, 0, 0.00, ''),
('010218050706886', 02, 55, 0, 0.00, ''),
('010218050706886', 02, 56, 0, 0.00, ''),
('010218050706886', 02, 57, 0, 0.00, ''),
('010218050706886', 02, 58, 0, 0.00, ''),
('010218050706886', 02, 59, 0, 0.00, ''),
('010218050706886', 02, 60, 0, 0.00, ''),
('010218050706886', 02, 61, 0, 0.00, ''),
('010218050706886', 02, 62, 0, 0.00, ''),
('010218050706886', 02, 63, 0, 0.00, ''),
('010218050706886', 02, 64, 0, 0.00, ''),
('010218050706886', 02, 65, 0, 0.00, ''),
('010218050706886', 02, 66, 0, 0.00, ''),
('010118050905796', 01, 1, 3, 34.50, ''),
('010118050905796', 01, 2, 3, 34.50, ''),
('010218050905796', 02, 3, 0, 0.00, ''),
('010218050905796', 02, 4, 0, 0.00, ''),
('010218050905796', 02, 5, 1, 2.00, ''),
('010218050905796', 02, 6, 0, 0.00, ''),
('010218050905796', 02, 7, 0, 0.00, ''),
('010218050905796', 02, 8, 0, 0.00, ''),
('010218050905796', 02, 9, 0, 0.00, ''),
('010218050905796', 02, 10, 0, 0.00, ''),
('010218050905796', 02, 11, 0, 0.00, ''),
('010218050905796', 02, 12, 0, 0.00, ''),
('010218050905796', 02, 13, 0, 0.00, ''),
('010218050905796', 02, 14, 0, 0.00, ''),
('010218050905796', 02, 15, 0, 0.00, ''),
('010218050905796', 02, 16, 0, 0.00, ''),
('010218050905796', 02, 17, 1, 2.00, ''),
('010218050905796', 02, 18, 0, 0.00, ''),
('010218050905796', 02, 19, 0, 0.00, ''),
('010218050905796', 02, 20, 0, 0.00, ''),
('010218050905796', 02, 21, 0, 8.00, ''),
('010218050905796', 02, 22, 1, 8.00, ''),
('010218050905796', 02, 23, 0, 0.00, ''),
('010218050905796', 02, 24, 0, 0.00, ''),
('010218050905796', 02, 25, 0, 0.00, ''),
('010218050905796', 02, 26, 0, 0.00, ''),
('010218050905796', 02, 27, 0, 0.00, ''),
('010218050905796', 02, 28, 0, 0.00, ''),
('010218050905796', 02, 29, 0, 0.00, ''),
('010218050905796', 02, 30, 0, 0.00, ''),
('010218050905796', 02, 31, 0, 0.00, ''),
('010218050905796', 02, 32, 0, 0.00, ''),
('010218050905796', 02, 33, 0, 0.00, ''),
('010218050905796', 02, 34, 0, 0.00, ''),
('010218050905796', 02, 35, 0, 0.00, ''),
('010218050905796', 02, 36, 0, 0.00, ''),
('010218050905796', 02, 37, 0, 0.00, ''),
('010218050905796', 02, 38, 0, 0.00, ''),
('010218050905796', 02, 39, 0, 0.00, ''),
('010218050905796', 02, 40, 0, 0.00, ''),
('010218050905796', 02, 41, 0, 0.00, ''),
('010218050905796', 02, 42, 0, 0.00, ''),
('010218050905796', 02, 43, 0, 0.00, ''),
('010218050905796', 02, 44, 0, 0.00, ''),
('010218050905796', 02, 45, 0, 0.00, ''),
('010218050905796', 02, 46, 0, 0.00, ''),
('010218050905796', 02, 47, 0, 0.00, ''),
('010218050905796', 02, 48, 0, 0.00, ''),
('010218050905796', 02, 49, 0, 0.00, ''),
('010218050905796', 02, 50, 0, 0.00, ''),
('010218050905796', 02, 51, 0, 0.00, ''),
('010218050905796', 02, 52, 0, 0.00, ''),
('010218050905796', 02, 53, 0, 0.00, ''),
('010218050905796', 02, 54, 0, 0.00, ''),
('010218050905796', 02, 55, 0, 0.00, ''),
('010218050905796', 02, 56, 0, 0.00, ''),
('010218050905796', 02, 57, 0, 0.00, ''),
('010218050905796', 02, 58, 0, 0.00, ''),
('010218050905796', 02, 59, 0, 0.00, ''),
('010218050905796', 02, 60, 0, 0.00, ''),
('010218050905796', 02, 61, 0, 0.00, ''),
('010218050905796', 02, 62, 0, 0.00, ''),
('010218050905796', 02, 63, 0, 0.00, ''),
('010218050905796', 02, 64, 0, 0.00, ''),
('010218050905796', 02, 65, 0, 0.00, ''),
('010218050905796', 02, 66, 0, 0.00, ''),
('010118051105796', 01, 1, 2, 1.40, ''),
('010118051105796', 01, 2, 2, 1.40, ''),
('010218051105796', 02, 3, 0, 0.00, ''),
('010218051105796', 02, 4, 0, 0.00, ''),
('010218051105796', 02, 5, 0, 0.00, ''),
('010218051105796', 02, 6, 0, 0.00, ''),
('010218051105796', 02, 7, 0, 0.00, ''),
('010218051105796', 02, 8, 0, 0.00, ''),
('010218051105796', 02, 9, 0, 0.00, ''),
('010218051105796', 02, 10, 0, 0.00, ''),
('010218051105796', 02, 11, 0, 0.00, ''),
('010218051105796', 02, 12, 0, 0.00, ''),
('010218051105796', 02, 13, 0, 0.00, ''),
('010218051105796', 02, 14, 0, 0.00, ''),
('010218051105796', 02, 15, 0, 0.00, ''),
('010218051105796', 02, 16, 0, 0.00, ''),
('010218051105796', 02, 17, 0, 0.00, ''),
('010218051105796', 02, 18, 0, 0.00, ''),
('010218051105796', 02, 19, 0, 0.00, ''),
('010218051105796', 02, 20, 0, 0.00, ''),
('010218051105796', 02, 21, 0, 6.00, ''),
('010218051105796', 02, 22, 0, 0.00, ''),
('010218051105796', 02, 23, 0, 0.00, ''),
('010218051105796', 02, 24, 0, 0.00, ''),
('010218051105796', 02, 25, 0, 0.00, ''),
('010218051105796', 02, 26, 0, 0.00, ''),
('010218051105796', 02, 27, 0, 0.00, ''),
('010218051105796', 02, 28, 0, 0.00, ''),
('010218051105796', 02, 29, 0, 0.00, ''),
('010218051105796', 02, 30, 0, 0.00, ''),
('010218051105796', 02, 31, 0, 0.00, ''),
('010218051105796', 02, 32, 0, 0.00, ''),
('010218051105796', 02, 33, 0, 0.00, ''),
('010218051105796', 02, 34, 0, 0.00, ''),
('010218051105796', 02, 35, 0, 0.00, ''),
('010218051105796', 02, 36, 2, 6.00, ''),
('010218051105796', 02, 37, 0, 0.00, ''),
('010218051105796', 02, 38, 0, 0.00, ''),
('010218051105796', 02, 39, 0, 0.00, ''),
('010218051105796', 02, 40, 0, 0.00, ''),
('010218051105796', 02, 41, 0, 0.00, ''),
('010218051105796', 02, 42, 0, 0.00, ''),
('010218051105796', 02, 43, 0, 0.00, ''),
('010218051105796', 02, 44, 0, 0.00, ''),
('010218051105796', 02, 45, 0, 0.00, ''),
('010218051105796', 02, 46, 0, 0.00, ''),
('010218051105796', 02, 47, 0, 0.00, ''),
('010218051105796', 02, 48, 0, 0.00, ''),
('010218051105796', 02, 49, 0, 0.00, ''),
('010218051105796', 02, 50, 0, 0.00, ''),
('010218051105796', 02, 51, 0, 0.00, ''),
('010218051105796', 02, 52, 0, 0.00, ''),
('010218051105796', 02, 53, 0, 0.00, ''),
('010218051105796', 02, 54, 0, 0.00, ''),
('010218051105796', 02, 55, 0, 0.00, ''),
('010218051105796', 02, 56, 0, 0.00, ''),
('010218051105796', 02, 57, 0, 0.00, ''),
('010218051105796', 02, 58, 0, 0.00, ''),
('010218051105796', 02, 59, 0, 0.00, ''),
('010218051105796', 02, 60, 0, 0.00, ''),
('010218051105796', 02, 61, 0, 0.00, ''),
('010218051105796', 02, 62, 0, 0.00, ''),
('010218051105796', 02, 63, 0, 0.00, ''),
('010218051105796', 02, 64, 0, 0.00, ''),
('010218051105796', 02, 65, 0, 0.00, ''),
('010218051105796', 02, 66, 0, 0.00, ''),
('010118050806886', 01, 1, 3, 33.40, ''),
('010118050806886', 01, 2, 3, 33.40, ''),
('010218050806886', 02, 3, 0, 0.00, ''),
('010218050806886', 02, 4, 0, 0.00, ''),
('010218050806886', 02, 5, 0, 0.00, ''),
('010218050806886', 02, 6, 0, 0.00, ''),
('010218050806886', 02, 7, 0, 0.00, ''),
('010218050806886', 02, 8, 0, 0.00, ''),
('010218050806886', 02, 9, 0, 0.00, ''),
('010218050806886', 02, 10, 0, 0.00, ''),
('010218050806886', 02, 11, 0, 0.00, ''),
('010218050806886', 02, 12, 0, 0.00, ''),
('010218050806886', 02, 13, 0, 0.00, ''),
('010218050806886', 02, 14, 0, 0.00, ''),
('010218050806886', 02, 15, 0, 0.00, ''),
('010218050806886', 02, 16, 0, 0.00, ''),
('010218050806886', 02, 17, 0, 0.00, ''),
('010218050806886', 02, 18, 0, 0.00, ''),
('010218050806886', 02, 19, 0, 0.00, ''),
('010218050806886', 02, 20, 0, 0.00, ''),
('010218050806886', 02, 21, 0, 20.00, ''),
('010218050806886', 02, 22, 2, 16.00, ''),
('010218050806886', 02, 23, 0, 0.00, ''),
('010218050806886', 02, 24, 0, 0.00, ''),
('010218050806886', 02, 25, 0, 0.00, ''),
('010218050806886', 02, 26, 0, 0.00, ''),
('010218050806886', 02, 27, 0, 0.00, ''),
('010218050806886', 02, 28, 0, 0.00, ''),
('010218050806886', 02, 29, 0, 0.00, ''),
('010218050806886', 02, 30, 0, 0.00, ''),
('010218050806886', 02, 31, 0, 0.00, ''),
('010218050806886', 02, 32, 0, 0.00, ''),
('010218050806886', 02, 33, 0, 0.00, ''),
('010218050806886', 02, 34, 0, 0.00, ''),
('010218050806886', 02, 35, 0, 0.00, ''),
('010218050806886', 02, 36, 0, 0.00, ''),
('010218050806886', 02, 37, 0, 0.00, ''),
('010218050806886', 02, 38, 2, 4.00, ''),
('010218050806886', 02, 39, 0, 0.00, ''),
('010218050806886', 02, 40, 0, 0.00, ''),
('010218050806886', 02, 41, 0, 0.00, ''),
('010218050806886', 02, 42, 0, 0.00, ''),
('010218050806886', 02, 43, 0, 0.00, ''),
('010218050806886', 02, 44, 0, 0.00, ''),
('010218050806886', 02, 45, 0, 0.00, ''),
('010218050806886', 02, 46, 0, 0.00, ''),
('010218050806886', 02, 47, 0, 0.00, ''),
('010218050806886', 02, 48, 0, 0.00, ''),
('010218050806886', 02, 49, 0, 0.00, ''),
('010218050806886', 02, 50, 0, 0.00, ''),
('010218050806886', 02, 51, 0, 0.00, ''),
('010218050806886', 02, 52, 0, 0.00, ''),
('010218050806886', 02, 53, 0, 0.00, ''),
('010218050806886', 02, 54, 0, 0.00, ''),
('010218050806886', 02, 55, 0, 0.00, ''),
('010218050806886', 02, 56, 0, 0.00, ''),
('010218050806886', 02, 57, 0, 0.00, ''),
('010218050806886', 02, 58, 0, 0.00, ''),
('010218050806886', 02, 59, 0, 0.00, ''),
('010218050806886', 02, 60, 0, 0.00, ''),
('010218050806886', 02, 61, 0, 0.00, ''),
('010218050806886', 02, 62, 0, 0.00, ''),
('010218050806886', 02, 63, 0, 0.00, ''),
('010218050806886', 02, 64, 0, 0.00, ''),
('010218050806886', 02, 65, 0, 0.00, ''),
('010218050806886', 02, 66, 0, 0.00, ''),
('010118053005742', 01, 1, 1, 1.50, ''),
('010118053005742', 01, 2, 1, 1.50, ''),
('010218053005742', 02, 3, 0, 0.00, ''),
('010218053005742', 02, 4, 0, 0.00, ''),
('010218053005742', 02, 5, 1, 20.00, ''),
('010218053005742', 02, 6, 0, 0.00, ''),
('010218053005742', 02, 7, 0, 0.00, ''),
('010218053005742', 02, 8, 0, 0.00, ''),
('010218053005742', 02, 9, 0, 0.00, ''),
('010218053005742', 02, 10, 1, 20.00, ''),
('010218053005742', 02, 11, 0, 0.00, ''),
('010218053005742', 02, 12, 0, 0.00, ''),
('010218053005742', 02, 13, 0, 0.00, ''),
('010218053005742', 02, 14, 0, 0.00, ''),
('010218053005742', 02, 15, 0, 0.00, ''),
('010218053005742', 02, 16, 0, 0.00, ''),
('010218053005742', 02, 17, 0, 0.00, ''),
('010218053005742', 02, 18, 0, 0.00, ''),
('010218053005742', 02, 19, 0, 0.00, ''),
('010218053005742', 02, 20, 0, 0.00, ''),
('010218053005742', 02, 21, 0, 0.00, ''),
('010218053005742', 02, 22, 0, 0.00, ''),
('010218053005742', 02, 23, 0, 0.00, ''),
('010218053005742', 02, 24, 0, 0.00, ''),
('010218053005742', 02, 25, 0, 0.00, ''),
('010218053005742', 02, 26, 0, 0.00, ''),
('010218053005742', 02, 27, 0, 0.00, ''),
('010218053005742', 02, 28, 0, 0.00, ''),
('010218053005742', 02, 29, 0, 0.00, ''),
('010218053005742', 02, 30, 0, 0.00, ''),
('010218053005742', 02, 31, 0, 0.00, ''),
('010218053005742', 02, 32, 0, 0.00, ''),
('010218053005742', 02, 33, 0, 0.00, ''),
('010218053005742', 02, 34, 0, 0.00, ''),
('010218053005742', 02, 35, 0, 0.00, ''),
('010218053005742', 02, 36, 0, 0.00, ''),
('010218053005742', 02, 37, 0, 0.00, ''),
('010218053005742', 02, 38, 0, 0.00, ''),
('010218053005742', 02, 39, 0, 0.00, ''),
('010218053005742', 02, 40, 0, 0.00, ''),
('010218053005742', 02, 41, 0, 0.00, ''),
('010218053005742', 02, 42, 0, 0.00, ''),
('010218053005742', 02, 43, 0, 0.00, ''),
('010218053005742', 02, 44, 0, 0.00, ''),
('010218053005742', 02, 45, 0, 0.00, ''),
('010218053005742', 02, 46, 0, 0.00, ''),
('010218053005742', 02, 47, 0, 0.00, ''),
('010218053005742', 02, 48, 0, 0.00, ''),
('010218053005742', 02, 49, 0, 0.00, ''),
('010218053005742', 02, 50, 0, 0.00, ''),
('010218053005742', 02, 51, 0, 0.00, ''),
('010218053005742', 02, 52, 0, 0.00, ''),
('010218053005742', 02, 53, 0, 0.00, ''),
('010218053005742', 02, 54, 0, 0.00, ''),
('010218053005742', 02, 55, 0, 0.00, ''),
('010218053005742', 02, 56, 0, 0.00, ''),
('010218053005742', 02, 57, 0, 0.00, ''),
('010218053005742', 02, 58, 0, 0.00, ''),
('010218053005742', 02, 59, 0, 0.00, ''),
('010218053005742', 02, 60, 0, 0.00, ''),
('010218053005742', 02, 61, 0, 0.00, ''),
('010218053005742', 02, 62, 0, 0.00, ''),
('010218053005742', 02, 63, 0, 0.00, ''),
('010218053005742', 02, 64, 0, 0.00, ''),
('010218053005742', 02, 65, 0, 0.00, ''),
('010218053005742', 02, 66, 0, 0.00, ''),
('010118050906886', 01, 1, 2, 8.60, ''),
('010118050906886', 01, 2, 2, 8.60, ''),
('010218050906886', 02, 3, 0, 0.00, ''),
('010218050906886', 02, 4, 0, 0.00, ''),
('010218050906886', 02, 5, 4, 26.00, ''),
('010218050906886', 02, 6, 0, 0.00, ''),
('010218050906886', 02, 7, 1, 20.00, ''),
('010218050906886', 02, 8, 0, 0.00, ''),
('010218050906886', 02, 9, 0, 0.00, ''),
('010218050906886', 02, 10, 0, 0.00, ''),
('010218050906886', 02, 11, 0, 0.00, ''),
('010218050906886', 02, 12, 0, 0.00, ''),
('010218050906886', 02, 13, 0, 0.00, ''),
('010218050906886', 02, 14, 3, 6.00, ''),
('010218050906886', 02, 15, 0, 0.00, ''),
('010218050906886', 02, 16, 0, 0.00, ''),
('010218050906886', 02, 17, 0, 0.00, ''),
('010218050906886', 02, 18, 0, 0.00, ''),
('010218050906886', 02, 19, 0, 0.00, ''),
('010218050906886', 02, 20, 0, 0.00, ''),
('010218050906886', 02, 21, 0, 10.00, ''),
('010218050906886', 02, 22, 1, 8.00, ''),
('010218050906886', 02, 23, 0, 0.00, ''),
('010218050906886', 02, 24, 0, 0.00, ''),
('010218050906886', 02, 25, 0, 0.00, ''),
('010218050906886', 02, 26, 0, 0.00, ''),
('010218050906886', 02, 27, 0, 0.00, ''),
('010218050906886', 02, 28, 0, 0.00, ''),
('010218050906886', 02, 29, 0, 0.00, ''),
('010218050906886', 02, 30, 0, 0.00, ''),
('010218050906886', 02, 31, 0, 0.00, ''),
('010218050906886', 02, 32, 0, 0.00, ''),
('010218050906886', 02, 33, 0, 0.00, ''),
('010218050906886', 02, 34, 0, 0.00, ''),
('010218050906886', 02, 35, 0, 0.00, ''),
('010218050906886', 02, 36, 0, 0.00, ''),
('010218050906886', 02, 37, 0, 0.00, ''),
('010218050906886', 02, 38, 1, 2.00, ''),
('010218050906886', 02, 39, 0, 0.00, ''),
('010218050906886', 02, 40, 0, 0.00, ''),
('010218050906886', 02, 41, 0, 0.00, ''),
('010218050906886', 02, 42, 0, 0.00, ''),
('010218050906886', 02, 43, 0, 0.00, ''),
('010218050906886', 02, 44, 0, 0.00, ''),
('010218050906886', 02, 45, 0, 0.00, ''),
('010218050906886', 02, 46, 0, 0.00, ''),
('010218050906886', 02, 47, 0, 0.00, ''),
('010218050906886', 02, 48, 0, 0.00, ''),
('010218050906886', 02, 49, 0, 0.00, ''),
('010218050906886', 02, 50, 0, 0.00, ''),
('010218050906886', 02, 51, 0, 0.00, ''),
('010218050906886', 02, 52, 0, 0.00, ''),
('010218050906886', 02, 53, 0, 0.00, ''),
('010218050906886', 02, 54, 0, 0.00, ''),
('010218050906886', 02, 55, 0, 0.00, ''),
('010218050906886', 02, 56, 0, 0.00, ''),
('010218050906886', 02, 57, 0, 0.00, ''),
('010218050906886', 02, 58, 0, 0.00, ''),
('010218050906886', 02, 59, 0, 0.00, ''),
('010218050906886', 02, 60, 0, 0.00, ''),
('010218050906886', 02, 61, 0, 0.00, ''),
('010218050906886', 02, 62, 0, 0.00, ''),
('010218050906886', 02, 63, 0, 0.00, ''),
('010218050906886', 02, 64, 0, 0.00, ''),
('010218050906886', 02, 65, 0, 0.00, ''),
('010218050906886', 02, 66, 0, 0.00, ''),
('010118051006886', 01, 1, 2, 5.20, ''),
('010118051006886', 01, 2, 2, 5.20, ''),
('010218051006886', 02, 3, 0, 0.00, ''),
('010218051006886', 02, 4, 0, 0.00, ''),
('010218051006886', 02, 5, 0, 0.00, ''),
('010218051006886', 02, 6, 0, 0.00, ''),
('010218051006886', 02, 7, 0, 0.00, ''),
('010218051006886', 02, 8, 0, 0.00, ''),
('010218051006886', 02, 9, 0, 0.00, ''),
('010218051006886', 02, 10, 0, 0.00, ''),
('010218051006886', 02, 11, 0, 0.00, ''),
('010218051006886', 02, 12, 0, 0.00, ''),
('010218051006886', 02, 13, 0, 0.00, ''),
('010218051006886', 02, 14, 0, 0.00, ''),
('010218051006886', 02, 15, 0, 0.00, ''),
('010218051006886', 02, 16, 0, 0.00, ''),
('010218051006886', 02, 17, 0, 0.00, ''),
('010218051006886', 02, 18, 0, 0.00, ''),
('010218051006886', 02, 19, 0, 0.00, ''),
('010218051006886', 02, 20, 0, 0.00, ''),
('010218051006886', 02, 21, 0, 0.00, ''),
('010218051006886', 02, 22, 0, 0.00, ''),
('010218051006886', 02, 23, 0, 0.00, ''),
('010218051006886', 02, 24, 0, 0.00, ''),
('010218051006886', 02, 25, 0, 0.00, ''),
('010218051006886', 02, 26, 0, 0.00, ''),
('010218051006886', 02, 27, 0, 0.00, ''),
('010218051006886', 02, 28, 0, 0.00, ''),
('010218051006886', 02, 29, 0, 0.00, ''),
('010218051006886', 02, 30, 0, 0.00, ''),
('010218051006886', 02, 31, 0, 0.00, ''),
('010218051006886', 02, 32, 0, 0.00, ''),
('010218051006886', 02, 33, 0, 0.00, ''),
('010218051006886', 02, 34, 0, 0.00, ''),
('010218051006886', 02, 35, 0, 0.00, ''),
('010218051006886', 02, 36, 0, 0.00, ''),
('010218051006886', 02, 37, 0, 0.00, ''),
('010218051006886', 02, 38, 0, 0.00, ''),
('010218051006886', 02, 39, 0, 0.00, ''),
('010218051006886', 02, 40, 0, 0.00, ''),
('010218051006886', 02, 41, 0, 0.00, ''),
('010218051006886', 02, 42, 0, 0.00, ''),
('010218051006886', 02, 43, 0, 0.00, ''),
('010218051006886', 02, 44, 0, 0.00, ''),
('010218051006886', 02, 45, 0, 0.00, ''),
('010218051006886', 02, 46, 0, 0.00, ''),
('010218051006886', 02, 47, 0, 0.00, ''),
('010218051006886', 02, 48, 0, 0.00, ''),
('010218051006886', 02, 49, 0, 0.00, ''),
('010218051006886', 02, 50, 0, 0.00, ''),
('010218051006886', 02, 51, 0, 0.00, ''),
('010218051006886', 02, 52, 0, 0.00, ''),
('010218051006886', 02, 53, 0, 0.00, ''),
('010218051006886', 02, 54, 0, 0.00, ''),
('010218051006886', 02, 55, 0, 0.00, ''),
('010218051006886', 02, 56, 0, 0.00, ''),
('010218051006886', 02, 57, 0, 0.00, ''),
('010218051006886', 02, 58, 0, 0.00, ''),
('010218051006886', 02, 59, 0, 0.00, ''),
('010218051006886', 02, 60, 0, 0.00, ''),
('010218051006886', 02, 61, 0, 0.00, ''),
('010218051006886', 02, 62, 0, 0.00, ''),
('010218051006886', 02, 63, 0, 0.00, ''),
('010218051006886', 02, 64, 0, 0.00, ''),
('010218051006886', 02, 65, 0, 0.00, ''),
('010218051006886', 02, 66, 0, 0.00, ''),
('010118051106886', 01, 1, 4, 24.70, ''),
('010118051106886', 01, 2, 4, 24.70, ''),
('010218051106886', 02, 3, 0, 0.00, ''),
('010218051106886', 02, 4, 0, 0.00, ''),
('010218051106886', 02, 5, 0, 0.00, ''),
('010218051106886', 02, 6, 0, 0.00, ''),
('010218051106886', 02, 7, 0, 0.00, ''),
('010218051106886', 02, 8, 0, 0.00, ''),
('010218051106886', 02, 9, 0, 0.00, ''),
('010218051106886', 02, 10, 0, 0.00, ''),
('010218051106886', 02, 11, 0, 0.00, ''),
('010218051106886', 02, 12, 0, 0.00, ''),
('010218051106886', 02, 13, 0, 0.00, ''),
('010218051106886', 02, 14, 0, 0.00, ''),
('010218051106886', 02, 15, 0, 0.00, ''),
('010218051106886', 02, 16, 0, 0.00, ''),
('010218051106886', 02, 17, 0, 0.00, ''),
('010218051106886', 02, 18, 0, 0.00, ''),
('010218051106886', 02, 19, 0, 0.00, ''),
('010218051106886', 02, 20, 0, 0.00, ''),
('010218051106886', 02, 21, 0, 102.00, ''),
('010218051106886', 02, 22, 2, 20.00, ''),
('010218051106886', 02, 23, 0, 0.00, ''),
('010218051106886', 02, 24, 0, 0.00, ''),
('010218051106886', 02, 25, 0, 0.00, ''),
('010218051106886', 02, 26, 0, 0.00, ''),
('010218051106886', 02, 27, 1, 8.00, ''),
('010218051106886', 02, 28, 0, 0.00, ''),
('010218051106886', 02, 29, 1, 8.00, ''),
('010218051106886', 02, 30, 0, 0.00, ''),
('010218051106886', 02, 31, 0, 0.00, ''),
('010218051106886', 02, 32, 0, 0.00, ''),
('010218051106886', 02, 33, 0, 0.00, ''),
('010218051106886', 02, 34, 0, 0.00, ''),
('010218051106886', 02, 35, 0, 0.00, ''),
('010218051106886', 02, 36, 0, 0.00, ''),
('010218051106886', 02, 37, 1, 10.00, ''),
('010218051106886', 02, 38, 2, 4.00, ''),
('010218051106886', 02, 39, 0, 0.00, ''),
('010218051106886', 02, 40, 0, 0.00, ''),
('010218051106886', 02, 41, 0, 0.00, ''),
('010218051106886', 02, 42, 3, 28.00, ''),
('010218051106886', 02, 43, 2, 16.00, ''),
('010218051106886', 02, 44, 0, 0.00, ''),
('010218051106886', 02, 45, 0, 0.00, ''),
('010218051106886', 02, 46, 1, 8.00, ''),
('010218051106886', 02, 47, 0, 0.00, ''),
('010218051106886', 02, 48, 0, 0.00, ''),
('010218051106886', 02, 49, 0, 0.00, ''),
('010218051106886', 02, 50, 0, 0.00, ''),
('010218051106886', 02, 51, 0, 0.00, ''),
('010218051106886', 02, 52, 0, 0.00, ''),
('010218051106886', 02, 53, 0, 0.00, ''),
('010218051106886', 02, 54, 0, 0.00, ''),
('010218051106886', 02, 55, 0, 0.00, ''),
('010218051106886', 02, 56, 0, 0.00, ''),
('010218051106886', 02, 57, 0, 0.00, ''),
('010218051106886', 02, 58, 0, 0.00, ''),
('010218051106886', 02, 59, 0, 0.00, ''),
('010218051106886', 02, 60, 0, 0.00, ''),
('010218051106886', 02, 61, 0, 0.00, ''),
('010218051106886', 02, 62, 0, 0.00, ''),
('010218051106886', 02, 63, 0, 0.00, ''),
('010218051106886', 02, 64, 0, 0.00, ''),
('010218051106886', 02, 65, 0, 0.00, ''),
('010218051106886', 02, 66, 0, 0.00, ''),
('010118051206886', 01, 1, 3, 24.30, ''),
('010118051206886', 01, 2, 3, 24.30, ''),
('010218051206886', 02, 3, 0, 0.00, ''),
('010218051206886', 02, 4, 0, 0.00, ''),
('010218051206886', 02, 5, 0, 0.00, ''),
('010218051206886', 02, 6, 0, 0.00, ''),
('010218051206886', 02, 7, 0, 0.00, ''),
('010218051206886', 02, 8, 0, 0.00, ''),
('010218051206886', 02, 9, 0, 0.00, ''),
('010218051206886', 02, 10, 0, 0.00, ''),
('010218051206886', 02, 11, 0, 0.00, ''),
('010218051206886', 02, 12, 0, 0.00, ''),
('010218051206886', 02, 13, 0, 0.00, ''),
('010218051206886', 02, 14, 0, 0.00, ''),
('010218051206886', 02, 15, 0, 0.00, ''),
('010218051206886', 02, 16, 0, 0.00, ''),
('010218051206886', 02, 17, 0, 0.00, ''),
('010218051206886', 02, 18, 0, 0.00, ''),
('010218051206886', 02, 19, 0, 0.00, ''),
('010218051206886', 02, 20, 0, 0.00, ''),
('010218051206886', 02, 21, 0, 39.00, ''),
('010218051206886', 02, 22, 2, 16.00, ''),
('010218051206886', 02, 23, 0, 0.00, ''),
('010218051206886', 02, 24, 0, 0.00, ''),
('010218051206886', 02, 25, 0, 0.00, ''),
('010218051206886', 02, 26, 0, 0.00, ''),
('010218051206886', 02, 27, 0, 0.00, ''),
('010218051206886', 02, 28, 0, 0.00, ''),
('010218051206886', 02, 29, 0, 0.00, ''),
('010218051206886', 02, 30, 0, 0.00, ''),
('010218051206886', 02, 31, 0, 0.00, ''),
('010218051206886', 02, 32, 0, 0.00, ''),
('010218051206886', 02, 33, 0, 0.00, ''),
('010218051206886', 02, 34, 0, 0.00, ''),
('010218051206886', 02, 35, 0, 0.00, ''),
('010218051206886', 02, 36, 1, 5.00, ''),
('010218051206886', 02, 37, 0, 0.00, ''),
('010218051206886', 02, 38, 1, 2.00, ''),
('010218051206886', 02, 39, 0, 0.00, ''),
('010218051206886', 02, 40, 0, 0.00, ''),
('010218051206886', 02, 41, 0, 0.00, ''),
('010218051206886', 02, 42, 0, 0.00, ''),
('010218051206886', 02, 43, 2, 16.00, ''),
('010218051206886', 02, 44, 0, 0.00, ''),
('010218051206886', 02, 45, 0, 0.00, ''),
('010218051206886', 02, 46, 0, 0.00, ''),
('010218051206886', 02, 47, 0, 0.00, ''),
('010218051206886', 02, 48, 0, 0.00, ''),
('010218051206886', 02, 49, 0, 0.00, ''),
('010218051206886', 02, 50, 0, 0.00, ''),
('010218051206886', 02, 51, 0, 0.00, ''),
('010218051206886', 02, 52, 0, 0.00, ''),
('010218051206886', 02, 53, 0, 0.00, ''),
('010218051206886', 02, 54, 0, 0.00, ''),
('010218051206886', 02, 55, 0, 0.00, ''),
('010218051206886', 02, 56, 0, 0.00, ''),
('010218051206886', 02, 57, 0, 0.00, ''),
('010218051206886', 02, 58, 0, 0.00, ''),
('010218051206886', 02, 59, 0, 0.00, ''),
('010218051206886', 02, 60, 0, 0.00, ''),
('010218051206886', 02, 61, 0, 0.00, ''),
('010218051206886', 02, 62, 0, 0.00, ''),
('010218051206886', 02, 63, 0, 0.00, ''),
('010218051206886', 02, 64, 0, 0.00, ''),
('010218051206886', 02, 65, 0, 0.00, ''),
('010218051206886', 02, 66, 0, 0.00, ''),
('010118051406886', 01, 1, 9, 42.10, ''),
('010118051406886', 01, 2, 9, 42.10, ''),
('010218051406886', 02, 3, 0, 0.00, ''),
('010218051406886', 02, 4, 0, 0.00, ''),
('010218051406886', 02, 5, 0, 0.00, ''),
('010218051406886', 02, 6, 0, 0.00, ''),
('010218051406886', 02, 7, 0, 0.00, ''),
('010218051406886', 02, 8, 0, 0.00, ''),
('010218051406886', 02, 9, 0, 0.00, ''),
('010218051406886', 02, 10, 0, 0.00, ''),
('010218051406886', 02, 11, 0, 0.00, ''),
('010218051406886', 02, 12, 0, 0.00, ''),
('010218051406886', 02, 13, 0, 0.00, ''),
('010218051406886', 02, 14, 0, 0.00, ''),
('010218051406886', 02, 15, 0, 0.00, ''),
('010218051406886', 02, 16, 0, 0.00, ''),
('010218051406886', 02, 17, 0, 0.00, ''),
('010218051406886', 02, 18, 0, 0.00, ''),
('010218051406886', 02, 19, 0, 0.00, ''),
('010218051406886', 02, 20, 0, 0.00, ''),
('010218051406886', 02, 21, 0, 47.00, ''),
('010218051406886', 02, 22, 1, 8.00, ''),
('010218051406886', 02, 23, 0, 0.00, ''),
('010218051406886', 02, 24, 0, 0.00, ''),
('010218051406886', 02, 25, 0, 0.00, ''),
('010218051406886', 02, 26, 0, 0.00, ''),
('010218051406886', 02, 27, 1, 8.00, ''),
('010218051406886', 02, 28, 0, 0.00, ''),
('010218051406886', 02, 29, 0, 0.00, ''),
('010218051406886', 02, 30, 0, 0.00, ''),
('010218051406886', 02, 31, 0, 0.00, ''),
('010218051406886', 02, 32, 0, 0.00, ''),
('010218051406886', 02, 33, 0, 0.00, ''),
('010218051406886', 02, 34, 0, 0.00, ''),
('010218051406886', 02, 35, 0, 0.00, ''),
('010218051406886', 02, 36, 1, 5.00, ''),
('010218051406886', 02, 37, 0, 0.00, ''),
('010218051406886', 02, 38, 1, 2.00, ''),
('010218051406886', 02, 39, 0, 0.00, ''),
('010218051406886', 02, 40, 0, 0.00, ''),
('010218051406886', 02, 41, 0, 0.00, ''),
('010218051406886', 02, 42, 0, 0.00, ''),
('010218051406886', 02, 43, 2, 16.00, ''),
('010218051406886', 02, 44, 0, 0.00, ''),
('010218051406886', 02, 45, 0, 0.00, ''),
('010218051406886', 02, 46, 1, 8.00, ''),
('010218051406886', 02, 47, 0, 0.00, ''),
('010218051406886', 02, 48, 0, 0.00, ''),
('010218051406886', 02, 49, 0, 0.00, ''),
('010218051406886', 02, 50, 0, 0.00, ''),
('010218051406886', 02, 51, 0, 0.00, ''),
('010218051406886', 02, 52, 0, 0.00, ''),
('010218051406886', 02, 53, 0, 0.00, ''),
('010218051406886', 02, 54, 0, 0.00, ''),
('010218051406886', 02, 55, 0, 0.00, ''),
('010218051406886', 02, 56, 0, 0.00, ''),
('010218051406886', 02, 57, 0, 0.00, ''),
('010218051406886', 02, 58, 0, 0.00, ''),
('010218051406886', 02, 59, 0, 0.00, ''),
('010218051406886', 02, 60, 0, 0.00, ''),
('010218051406886', 02, 61, 0, 0.00, ''),
('010218051406886', 02, 62, 0, 0.00, ''),
('010218051406886', 02, 63, 0, 0.00, ''),
('010218051406886', 02, 64, 0, 0.00, ''),
('010218051406886', 02, 65, 0, 0.00, ''),
('010218051406886', 02, 66, 0, 0.00, ''),
('010118052405763', 01, 1, 12, 57.30, ''),
('010118052405763', 01, 2, 12, 57.30, ''),
('010218052405763', 02, 3, 0, 0.00, ''),
('010218052405763', 02, 4, 0, 0.00, ''),
('010218052405763', 02, 5, 14, 64.00, ''),
('010218052405763', 02, 6, 0, 0.00, ''),
('010218052405763', 02, 7, 0, 0.00, ''),
('010218052405763', 02, 8, 0, 0.00, ''),
('010218052405763', 02, 9, 0, 0.00, ''),
('010218052405763', 02, 10, 2, 40.00, ''),
('010218052405763', 02, 11, 0, 0.00, ''),
('010218052405763', 02, 12, 0, 0.00, ''),
('010218052405763', 02, 13, 0, 0.00, ''),
('010218052405763', 02, 14, 12, 24.00, ''),
('010218052405763', 02, 15, 0, 0.00, ''),
('010218052405763', 02, 16, 0, 0.00, ''),
('010218052405763', 02, 17, 0, 0.00, ''),
('010218052405763', 02, 18, 0, 0.00, ''),
('010218052405763', 02, 19, 0, 0.00, ''),
('010218052405763', 02, 20, 0, 0.00, ''),
('010218052405763', 02, 21, 0, 279.00, ''),
('010218052405763', 02, 22, 12, 100.00, ''),
('010218052405763', 02, 23, 0, 0.00, ''),
('010218052405763', 02, 24, 0, 0.00, ''),
('010218052405763', 02, 25, 0, 0.00, '');
INSERT INTO `lrecaudacion_detalle` (`LRECAU_ID`, `LRECTIP_ID`, `IDITEM`, `CANTIDAD`, `MONTO`, `CELDA`) VALUES
('010218052405763', 02, 26, 0, 0.00, ''),
('010218052405763', 02, 27, 1, 8.00, ''),
('010218052405763', 02, 28, 1, 20.00, ''),
('010218052405763', 02, 29, 0, 0.00, ''),
('010218052405763', 02, 30, 0, 0.00, ''),
('010218052405763', 02, 31, 0, 0.00, ''),
('010218052405763', 02, 32, 0, 0.00, ''),
('010218052405763', 02, 33, 0, 0.00, ''),
('010218052405763', 02, 34, 0, 0.00, ''),
('010218052405763', 02, 35, 0, 0.00, ''),
('010218052405763', 02, 36, 1, 3.00, ''),
('010218052405763', 02, 37, 0, 0.00, ''),
('010218052405763', 02, 38, 0, 0.00, ''),
('010218052405763', 02, 39, 0, 0.00, ''),
('010218052405763', 02, 40, 0, 0.00, ''),
('010218052405763', 02, 41, 0, 0.00, ''),
('010218052405763', 02, 42, 6, 48.00, ''),
('010218052405763', 02, 43, 6, 48.00, ''),
('010218052405763', 02, 44, 0, 0.00, ''),
('010218052405763', 02, 45, 0, 0.00, ''),
('010218052405763', 02, 46, 2, 40.00, ''),
('010218052405763', 02, 47, 0, 0.00, ''),
('010218052405763', 02, 48, 0, 0.00, ''),
('010218052405763', 02, 49, 0, 0.00, ''),
('010218052405763', 02, 50, 0, 0.00, ''),
('010218052405763', 02, 51, 0, 0.00, ''),
('010218052405763', 02, 52, 1, 12.00, ''),
('010218052405763', 02, 53, 0, 0.00, ''),
('010218052405763', 02, 54, 0, 0.00, ''),
('010218052405763', 02, 55, 0, 0.00, ''),
('010218052405763', 02, 56, 0, 0.00, ''),
('010218052405763', 02, 57, 0, 0.00, ''),
('010218052405763', 02, 58, 0, 0.00, ''),
('010218052405763', 02, 59, 0, 0.00, ''),
('010218052405763', 02, 60, 0, 0.00, ''),
('010218052405763', 02, 61, 0, 0.00, ''),
('010218052405763', 02, 62, 0, 0.00, ''),
('010218052405763', 02, 63, 0, 0.00, ''),
('010218052405763', 02, 64, 0, 0.00, ''),
('010218052405763', 02, 65, 0, 0.00, ''),
('010218052405763', 02, 66, 0, 0.00, ''),
('010118053005734', 01, 1, 9, 84.30, ''),
('010118053005734', 01, 2, 9, 84.30, ''),
('010218053005734', 02, 3, 0, 0.00, ''),
('010218053005734', 02, 4, 0, 0.00, ''),
('010218053005734', 02, 5, 0, 0.00, ''),
('010218053005734', 02, 6, 0, 0.00, ''),
('010218053005734', 02, 7, 0, 0.00, ''),
('010218053005734', 02, 8, 0, 0.00, ''),
('010218053005734', 02, 9, 0, 0.00, ''),
('010218053005734', 02, 10, 0, 0.00, ''),
('010218053005734', 02, 11, 0, 0.00, ''),
('010218053005734', 02, 12, 0, 0.00, ''),
('010218053005734', 02, 13, 0, 0.00, ''),
('010218053005734', 02, 14, 0, 0.00, ''),
('010218053005734', 02, 15, 0, 0.00, ''),
('010218053005734', 02, 16, 0, 0.00, ''),
('010218053005734', 02, 17, 0, 0.00, ''),
('010218053005734', 02, 18, 0, 0.00, ''),
('010218053005734', 02, 19, 0, 0.00, ''),
('010218053005734', 02, 20, 0, 0.00, ''),
('010218053005734', 02, 21, 0, 168.00, ''),
('010218053005734', 02, 22, 3, 28.00, ''),
('010218053005734', 02, 23, 0, 0.00, ''),
('010218053005734', 02, 24, 0, 0.00, ''),
('010218053005734', 02, 25, 0, 0.00, ''),
('010218053005734', 02, 26, 0, 0.00, ''),
('010218053005734', 02, 27, 0, 0.00, ''),
('010218053005734', 02, 28, 0, 0.00, ''),
('010218053005734', 02, 29, 1, 8.00, ''),
('010218053005734', 02, 30, 0, 0.00, ''),
('010218053005734', 02, 31, 0, 0.00, ''),
('010218053005734', 02, 32, 0, 0.00, ''),
('010218053005734', 02, 33, 0, 0.00, ''),
('010218053005734', 02, 34, 0, 0.00, ''),
('010218053005734', 02, 35, 0, 0.00, ''),
('010218053005734', 02, 36, 2, 10.00, ''),
('010218053005734', 02, 37, 0, 0.00, ''),
('010218053005734', 02, 38, 3, 6.00, ''),
('010218053005734', 02, 39, 0, 0.00, ''),
('010218053005734', 02, 40, 0, 0.00, ''),
('010218053005734', 02, 41, 0, 0.00, ''),
('010218053005734', 02, 42, 2, 16.00, ''),
('010218053005734', 02, 43, 0, 0.00, ''),
('010218053005734', 02, 44, 0, 0.00, ''),
('010218053005734', 02, 45, 0, 0.00, ''),
('010218053005734', 02, 46, 3, 50.00, ''),
('010218053005734', 02, 47, 0, 0.00, ''),
('010218053005734', 02, 48, 0, 0.00, ''),
('010218053005734', 02, 49, 0, 0.00, ''),
('010218053005734', 02, 50, 0, 0.00, ''),
('010218053005734', 02, 51, 0, 0.00, ''),
('010218053005734', 02, 52, 5, 50.00, ''),
('010218053005734', 02, 53, 0, 0.00, ''),
('010218053005734', 02, 54, 0, 0.00, ''),
('010218053005734', 02, 55, 0, 0.00, ''),
('010218053005734', 02, 56, 0, 0.00, ''),
('010218053005734', 02, 57, 0, 0.00, ''),
('010218053005734', 02, 58, 0, 0.00, ''),
('010218053005734', 02, 59, 0, 0.00, ''),
('010218053005734', 02, 60, 0, 0.00, ''),
('010218053005734', 02, 61, 0, 0.00, ''),
('010218053005734', 02, 62, 0, 0.00, ''),
('010218053005734', 02, 63, 0, 0.00, ''),
('010218053005734', 02, 64, 0, 0.00, ''),
('010218053005734', 02, 65, 0, 0.00, ''),
('010218053005734', 02, 66, 0, 0.00, ''),
('010118052305763', 01, 1, 11, 46.40, ''),
('010118052305763', 01, 2, 11, 46.40, ''),
('010218052305763', 02, 3, 0, 0.00, ''),
('010218052305763', 02, 4, 0, 0.00, ''),
('010218052305763', 02, 5, 13, 134.00, ''),
('010218052305763', 02, 6, 0, 0.00, ''),
('010218052305763', 02, 7, 0, 0.00, ''),
('010218052305763', 02, 8, 0, 0.00, ''),
('010218052305763', 02, 9, 0, 0.00, ''),
('010218052305763', 02, 10, 6, 120.00, ''),
('010218052305763', 02, 11, 0, 0.00, ''),
('010218052305763', 02, 12, 0, 0.00, ''),
('010218052305763', 02, 13, 0, 0.00, ''),
('010218052305763', 02, 14, 7, 14.00, ''),
('010218052305763', 02, 15, 0, 0.00, ''),
('010218052305763', 02, 16, 0, 0.00, ''),
('010218052305763', 02, 17, 0, 0.00, ''),
('010218052305763', 02, 18, 0, 0.00, ''),
('010218052305763', 02, 19, 0, 0.00, ''),
('010218052305763', 02, 20, 0, 0.00, ''),
('010218052305763', 02, 21, 0, 360.00, ''),
('010218052305763', 02, 22, 6, 48.00, ''),
('010218052305763', 02, 23, 0, 0.00, ''),
('010218052305763', 02, 24, 0, 0.00, ''),
('010218052305763', 02, 25, 0, 0.00, ''),
('010218052305763', 02, 26, 0, 0.00, ''),
('010218052305763', 02, 27, 1, 8.00, ''),
('010218052305763', 02, 28, 1, 20.00, ''),
('010218052305763', 02, 29, 0, 0.00, ''),
('010218052305763', 02, 30, 0, 0.00, ''),
('010218052305763', 02, 31, 0, 0.00, ''),
('010218052305763', 02, 32, 0, 0.00, ''),
('010218052305763', 02, 33, 0, 0.00, ''),
('010218052305763', 02, 34, 0, 0.00, ''),
('010218052305763', 02, 35, 0, 0.00, ''),
('010218052305763', 02, 36, 1, 3.00, ''),
('010218052305763', 02, 37, 0, 0.00, ''),
('010218052305763', 02, 38, 1, 2.00, ''),
('010218052305763', 02, 39, 0, 0.00, ''),
('010218052305763', 02, 40, 0, 0.00, ''),
('010218052305763', 02, 41, 0, 0.00, ''),
('010218052305763', 02, 42, 1, 8.00, ''),
('010218052305763', 02, 43, 2, 16.00, ''),
('010218052305763', 02, 44, 0, 0.00, ''),
('010218052305763', 02, 45, 0, 0.00, ''),
('010218052305763', 02, 46, 4, 155.00, ''),
('010218052305763', 02, 47, 0, 0.00, ''),
('010218052305763', 02, 48, 0, 0.00, ''),
('010218052305763', 02, 49, 5, 100.00, ''),
('010218052305763', 02, 50, 0, 0.00, ''),
('010218052305763', 02, 51, 0, 0.00, ''),
('010218052305763', 02, 52, 0, 0.00, ''),
('010218052305763', 02, 53, 0, 0.00, ''),
('010218052305763', 02, 54, 0, 0.00, ''),
('010218052305763', 02, 55, 0, 0.00, ''),
('010218052305763', 02, 56, 0, 0.00, ''),
('010218052305763', 02, 57, 0, 0.00, ''),
('010218052305763', 02, 58, 0, 0.00, ''),
('010218052305763', 02, 59, 0, 0.00, ''),
('010218052305763', 02, 60, 0, 0.00, ''),
('010218052305763', 02, 61, 0, 0.00, ''),
('010218052305763', 02, 62, 0, 0.00, ''),
('010218052305763', 02, 63, 0, 0.00, ''),
('010218052305763', 02, 64, 0, 0.00, ''),
('010218052305763', 02, 65, 0, 0.00, ''),
('010218052305763', 02, 66, 0, 0.00, ''),
('010118053005809', 01, 1, 3, 1.50, ''),
('010118053005809', 01, 2, 3, 1.50, ''),
('010218053005809', 02, 3, 0, 0.00, ''),
('010218053005809', 02, 4, 0, 0.00, ''),
('010218053005809', 02, 5, 1, 18.00, ''),
('010218053005809', 02, 6, 0, 0.00, ''),
('010218053005809', 02, 7, 0, 0.00, ''),
('010218053005809', 02, 8, 0, 0.00, ''),
('010218053005809', 02, 9, 0, 0.00, ''),
('010218053005809', 02, 10, 1, 18.00, ''),
('010218053005809', 02, 11, 0, 0.00, ''),
('010218053005809', 02, 12, 0, 0.00, ''),
('010218053005809', 02, 13, 0, 0.00, ''),
('010218053005809', 02, 14, 0, 0.00, ''),
('010218053005809', 02, 15, 0, 0.00, ''),
('010218053005809', 02, 16, 0, 0.00, ''),
('010218053005809', 02, 17, 0, 0.00, ''),
('010218053005809', 02, 18, 0, 0.00, ''),
('010218053005809', 02, 19, 0, 0.00, ''),
('010218053005809', 02, 20, 0, 0.00, ''),
('010218053005809', 02, 21, 0, 12.00, ''),
('010218053005809', 02, 22, 2, 12.00, ''),
('010218053005809', 02, 23, 0, 0.00, ''),
('010218053005809', 02, 24, 0, 0.00, ''),
('010218053005809', 02, 25, 0, 0.00, ''),
('010218053005809', 02, 26, 0, 0.00, ''),
('010218053005809', 02, 27, 0, 0.00, ''),
('010218053005809', 02, 28, 0, 0.00, ''),
('010218053005809', 02, 29, 0, 0.00, ''),
('010218053005809', 02, 30, 0, 0.00, ''),
('010218053005809', 02, 31, 0, 0.00, ''),
('010218053005809', 02, 32, 0, 0.00, ''),
('010218053005809', 02, 33, 0, 0.00, ''),
('010218053005809', 02, 34, 0, 0.00, ''),
('010218053005809', 02, 35, 0, 0.00, ''),
('010218053005809', 02, 36, 0, 0.00, ''),
('010218053005809', 02, 37, 0, 0.00, ''),
('010218053005809', 02, 38, 0, 0.00, ''),
('010218053005809', 02, 39, 0, 0.00, ''),
('010218053005809', 02, 40, 0, 0.00, ''),
('010218053005809', 02, 41, 0, 0.00, ''),
('010218053005809', 02, 42, 0, 0.00, ''),
('010218053005809', 02, 43, 0, 0.00, ''),
('010218053005809', 02, 44, 0, 0.00, ''),
('010218053005809', 02, 45, 0, 0.00, ''),
('010218053005809', 02, 46, 0, 0.00, ''),
('010218053005809', 02, 47, 0, 0.00, ''),
('010218053005809', 02, 48, 0, 0.00, ''),
('010218053005809', 02, 49, 0, 0.00, ''),
('010218053005809', 02, 50, 0, 0.00, ''),
('010218053005809', 02, 51, 0, 0.00, ''),
('010218053005809', 02, 52, 0, 0.00, ''),
('010218053005809', 02, 53, 0, 0.00, ''),
('010218053005809', 02, 54, 0, 0.00, ''),
('010218053005809', 02, 55, 0, 0.00, ''),
('010218053005809', 02, 56, 0, 0.00, ''),
('010218053005809', 02, 57, 0, 0.00, ''),
('010218053005809', 02, 58, 0, 0.00, ''),
('010218053005809', 02, 59, 0, 0.00, ''),
('010218053005809', 02, 60, 0, 0.00, ''),
('010218053005809', 02, 61, 0, 0.00, ''),
('010218053005809', 02, 62, 0, 0.00, ''),
('010218053005809', 02, 63, 0, 0.00, ''),
('010218053005809', 02, 64, 0, 0.00, ''),
('010218053005809', 02, 65, 0, 0.00, ''),
('010218053005809', 02, 66, 0, 0.00, ''),
('010118052805756', 01, 1, 13, 101.60, ''),
('010118052805756', 01, 2, 13, 101.60, ''),
('010218052805756', 02, 3, 0, 0.00, ''),
('010218052805756', 02, 4, 0, 0.00, ''),
('010218052805756', 02, 5, 0, 0.00, ''),
('010218052805756', 02, 6, 0, 0.00, ''),
('010218052805756', 02, 7, 0, 0.00, ''),
('010218052805756', 02, 8, 0, 0.00, ''),
('010218052805756', 02, 9, 0, 0.00, ''),
('010218052805756', 02, 10, 0, 0.00, ''),
('010218052805756', 02, 11, 0, 0.00, ''),
('010218052805756', 02, 12, 0, 0.00, ''),
('010218052805756', 02, 13, 0, 0.00, ''),
('010218052805756', 02, 14, 0, 0.00, ''),
('010218052805756', 02, 15, 0, 0.00, ''),
('010218052805756', 02, 16, 0, 0.00, ''),
('010218052805756', 02, 17, 0, 0.00, ''),
('010218052805756', 02, 18, 0, 0.00, ''),
('010218052805756', 02, 19, 0, 0.00, ''),
('010218052805756', 02, 20, 0, 0.00, ''),
('010218052805756', 02, 21, 0, 103.00, ''),
('010218052805756', 02, 22, 4, 32.00, ''),
('010218052805756', 02, 23, 0, 0.00, ''),
('010218052805756', 02, 24, 0, 0.00, ''),
('010218052805756', 02, 25, 0, 0.00, ''),
('010218052805756', 02, 26, 0, 0.00, ''),
('010218052805756', 02, 27, 1, 8.00, ''),
('010218052805756', 02, 28, 1, 25.00, ''),
('010218052805756', 02, 29, 1, 8.00, ''),
('010218052805756', 02, 30, 0, 0.00, ''),
('010218052805756', 02, 31, 0, 0.00, ''),
('010218052805756', 02, 32, 0, 0.00, ''),
('010218052805756', 02, 33, 0, 0.00, ''),
('010218052805756', 02, 34, 0, 0.00, ''),
('010218052805756', 02, 35, 0, 0.00, ''),
('010218052805756', 02, 36, 4, 14.00, ''),
('010218052805756', 02, 37, 0, 0.00, ''),
('010218052805756', 02, 38, 0, 0.00, ''),
('010218052805756', 02, 39, 0, 0.00, ''),
('010218052805756', 02, 40, 0, 0.00, ''),
('010218052805756', 02, 41, 0, 0.00, ''),
('010218052805756', 02, 42, 0, 0.00, ''),
('010218052805756', 02, 43, 2, 16.00, ''),
('010218052805756', 02, 44, 0, 0.00, ''),
('010218052805756', 02, 45, 0, 0.00, ''),
('010218052805756', 02, 46, 0, 0.00, ''),
('010218052805756', 02, 47, 0, 0.00, ''),
('010218052805756', 02, 48, 0, 0.00, ''),
('010218052805756', 02, 49, 0, 0.00, ''),
('010218052805756', 02, 50, 0, 0.00, ''),
('010218052805756', 02, 51, 0, 0.00, ''),
('010218052805756', 02, 52, 0, 0.00, ''),
('010218052805756', 02, 53, 0, 0.00, ''),
('010218052805756', 02, 54, 0, 0.00, ''),
('010218052805756', 02, 55, 0, 0.00, ''),
('010218052805756', 02, 56, 0, 0.00, ''),
('010218052805756', 02, 57, 0, 0.00, ''),
('010218052805756', 02, 58, 0, 0.00, ''),
('010218052805756', 02, 59, 0, 0.00, ''),
('010218052805756', 02, 60, 0, 0.00, ''),
('010218052805756', 02, 61, 0, 0.00, ''),
('010218052805756', 02, 62, 0, 0.00, ''),
('010218052805756', 02, 63, 0, 0.00, ''),
('010218052805756', 02, 64, 0, 0.00, ''),
('010218052805756', 02, 65, 0, 0.00, ''),
('010218052805756', 02, 66, 0, 0.00, ''),
('010118052605756', 01, 1, 6, 58.30, ''),
('010118052605756', 01, 2, 6, 58.30, ''),
('010218052605756', 02, 3, 0, 0.00, ''),
('010218052605756', 02, 4, 0, 0.00, ''),
('010218052605756', 02, 5, 1, 20.00, ''),
('010218052605756', 02, 6, 0, 0.00, ''),
('010218052605756', 02, 7, 0, 0.00, ''),
('010218052605756', 02, 8, 0, 0.00, ''),
('010218052605756', 02, 9, 0, 0.00, ''),
('010218052605756', 02, 10, 1, 20.00, ''),
('010218052605756', 02, 11, 0, 0.00, ''),
('010218052605756', 02, 12, 0, 0.00, ''),
('010218052605756', 02, 13, 0, 0.00, ''),
('010218052605756', 02, 14, 0, 0.00, ''),
('010218052605756', 02, 15, 0, 0.00, ''),
('010218052605756', 02, 16, 0, 0.00, ''),
('010218052605756', 02, 17, 0, 0.00, ''),
('010218052605756', 02, 18, 0, 0.00, ''),
('010218052605756', 02, 19, 0, 0.00, ''),
('010218052605756', 02, 20, 0, 0.00, ''),
('010218052605756', 02, 21, 0, 43.00, ''),
('010218052605756', 02, 22, 3, 24.00, ''),
('010218052605756', 02, 23, 0, 0.00, ''),
('010218052605756', 02, 24, 0, 0.00, ''),
('010218052605756', 02, 25, 0, 0.00, ''),
('010218052605756', 02, 26, 0, 0.00, ''),
('010218052605756', 02, 27, 0, 0.00, ''),
('010218052605756', 02, 28, 0, 0.00, ''),
('010218052605756', 02, 29, 0, 0.00, ''),
('010218052605756', 02, 30, 0, 0.00, ''),
('010218052605756', 02, 31, 0, 0.00, ''),
('010218052605756', 02, 32, 0, 0.00, ''),
('010218052605756', 02, 33, 0, 0.00, ''),
('010218052605756', 02, 34, 0, 0.00, ''),
('010218052605756', 02, 35, 0, 0.00, ''),
('010218052605756', 02, 36, 3, 11.00, ''),
('010218052605756', 02, 37, 0, 0.00, ''),
('010218052605756', 02, 38, 0, 0.00, ''),
('010218052605756', 02, 39, 0, 0.00, ''),
('010218052605756', 02, 40, 0, 0.00, ''),
('010218052605756', 02, 41, 0, 0.00, ''),
('010218052605756', 02, 42, 0, 0.00, ''),
('010218052605756', 02, 43, 1, 8.00, ''),
('010218052605756', 02, 44, 0, 0.00, ''),
('010218052605756', 02, 45, 0, 0.00, ''),
('010218052605756', 02, 46, 0, 0.00, ''),
('010218052605756', 02, 47, 0, 0.00, ''),
('010218052605756', 02, 48, 0, 0.00, ''),
('010218052605756', 02, 49, 0, 0.00, ''),
('010218052605756', 02, 50, 0, 0.00, ''),
('010218052605756', 02, 51, 0, 0.00, ''),
('010218052605756', 02, 52, 0, 0.00, ''),
('010218052605756', 02, 53, 0, 0.00, ''),
('010218052605756', 02, 54, 0, 0.00, ''),
('010218052605756', 02, 55, 0, 0.00, ''),
('010218052605756', 02, 56, 0, 0.00, ''),
('010218052605756', 02, 57, 0, 0.00, ''),
('010218052605756', 02, 58, 0, 0.00, ''),
('010218052605756', 02, 59, 0, 0.00, ''),
('010218052605756', 02, 60, 0, 0.00, ''),
('010218052605756', 02, 61, 0, 0.00, ''),
('010218052605756', 02, 62, 0, 0.00, ''),
('010218052605756', 02, 63, 0, 0.00, ''),
('010218052605756', 02, 64, 0, 0.00, ''),
('010218052605756', 02, 65, 0, 0.00, ''),
('010218052605756', 02, 66, 0, 0.00, ''),
('010118052621104', 01, 1, 3, 8.40, ''),
('010118052621104', 01, 2, 3, 8.40, ''),
('010218052621104', 02, 3, 0, 0.00, ''),
('010218052621104', 02, 4, 0, 0.00, ''),
('010218052621104', 02, 5, 0, 0.00, ''),
('010218052621104', 02, 6, 0, 0.00, ''),
('010218052621104', 02, 7, 0, 0.00, ''),
('010218052621104', 02, 8, 0, 0.00, ''),
('010218052621104', 02, 9, 0, 0.00, ''),
('010218052621104', 02, 10, 0, 0.00, ''),
('010218052621104', 02, 11, 0, 0.00, ''),
('010218052621104', 02, 12, 0, 0.00, ''),
('010218052621104', 02, 13, 0, 0.00, ''),
('010218052621104', 02, 14, 0, 0.00, ''),
('010218052621104', 02, 15, 0, 0.00, ''),
('010218052621104', 02, 16, 0, 0.00, ''),
('010218052621104', 02, 17, 0, 0.00, ''),
('010218052621104', 02, 18, 0, 0.00, ''),
('010218052621104', 02, 19, 0, 0.00, ''),
('010218052621104', 02, 20, 0, 0.00, ''),
('010218052621104', 02, 21, 0, 152.00, ''),
('010218052621104', 02, 22, 1, 12.00, ''),
('010218052621104', 02, 23, 0, 0.00, ''),
('010218052621104', 02, 24, 0, 0.00, ''),
('010218052621104', 02, 25, 0, 0.00, ''),
('010218052621104', 02, 26, 0, 0.00, ''),
('010218052621104', 02, 27, 0, 0.00, ''),
('010218052621104', 02, 28, 0, 0.00, ''),
('010218052621104', 02, 29, 12, 128.00, ''),
('010218052621104', 02, 30, 0, 0.00, ''),
('010218052621104', 02, 31, 0, 0.00, ''),
('010218052621104', 02, 32, 0, 0.00, ''),
('010218052621104', 02, 33, 0, 0.00, ''),
('010218052621104', 02, 34, 0, 0.00, ''),
('010218052621104', 02, 35, 0, 0.00, ''),
('010218052621104', 02, 36, 0, 0.00, ''),
('010218052621104', 02, 37, 0, 0.00, ''),
('010218052621104', 02, 38, 0, 0.00, ''),
('010218052621104', 02, 39, 0, 0.00, ''),
('010218052621104', 02, 40, 0, 0.00, ''),
('010218052621104', 02, 41, 0, 0.00, ''),
('010218052621104', 02, 42, 0, 0.00, ''),
('010218052621104', 02, 43, 0, 0.00, ''),
('010218052621104', 02, 44, 0, 0.00, ''),
('010218052621104', 02, 45, 0, 0.00, ''),
('010218052621104', 02, 46, 0, 0.00, ''),
('010218052621104', 02, 47, 0, 0.00, ''),
('010218052621104', 02, 48, 0, 0.00, ''),
('010218052621104', 02, 49, 0, 0.00, ''),
('010218052621104', 02, 50, 0, 0.00, ''),
('010218052621104', 02, 51, 0, 0.00, ''),
('010218052621104', 02, 52, 1, 12.00, ''),
('010218052621104', 02, 53, 0, 0.00, ''),
('010218052621104', 02, 54, 0, 0.00, ''),
('010218052621104', 02, 55, 0, 0.00, ''),
('010218052621104', 02, 56, 0, 0.00, ''),
('010218052621104', 02, 57, 0, 0.00, ''),
('010218052621104', 02, 58, 0, 0.00, ''),
('010218052621104', 02, 59, 0, 0.00, ''),
('010218052621104', 02, 60, 0, 0.00, ''),
('010218052621104', 02, 61, 0, 0.00, ''),
('010218052621104', 02, 62, 0, 0.00, ''),
('010218052621104', 02, 63, 0, 0.00, ''),
('010218052621104', 02, 64, 0, 0.00, ''),
('010218052621104', 02, 65, 0, 0.00, ''),
('010218052621104', 02, 66, 0, 0.00, ''),
('010118052205820', 01, 1, 10, 45.20, ''),
('010118052205820', 01, 2, 10, 45.20, ''),
('010218052205820', 02, 3, 0, 0.00, ''),
('010218052205820', 02, 4, 0, 0.00, ''),
('010218052205820', 02, 5, 4, 8.00, ''),
('010218052205820', 02, 6, 0, 0.00, ''),
('010218052205820', 02, 7, 0, 0.00, ''),
('010218052205820', 02, 8, 0, 0.00, ''),
('010218052205820', 02, 9, 0, 0.00, ''),
('010218052205820', 02, 10, 0, 0.00, ''),
('010218052205820', 02, 11, 0, 0.00, ''),
('010218052205820', 02, 12, 0, 0.00, ''),
('010218052205820', 02, 13, 0, 0.00, ''),
('010218052205820', 02, 14, 4, 8.00, ''),
('010218052205820', 02, 15, 0, 0.00, ''),
('010218052205820', 02, 16, 0, 0.00, ''),
('010218052205820', 02, 17, 0, 0.00, ''),
('010218052205820', 02, 18, 0, 0.00, ''),
('010218052205820', 02, 19, 0, 0.00, ''),
('010218052205820', 02, 20, 0, 0.00, ''),
('010218052205820', 02, 21, 0, 15.00, ''),
('010218052205820', 02, 22, 3, 15.00, ''),
('010218052205820', 02, 23, 0, 0.00, ''),
('010218052205820', 02, 24, 0, 0.00, ''),
('010218052205820', 02, 25, 0, 0.00, ''),
('010218052205820', 02, 26, 0, 0.00, ''),
('010218052205820', 02, 27, 0, 0.00, ''),
('010218052205820', 02, 28, 0, 0.00, ''),
('010218052205820', 02, 29, 0, 0.00, ''),
('010218052205820', 02, 30, 0, 0.00, ''),
('010218052205820', 02, 31, 0, 0.00, ''),
('010218052205820', 02, 32, 0, 0.00, ''),
('010218052205820', 02, 33, 0, 0.00, ''),
('010218052205820', 02, 34, 0, 0.00, ''),
('010218052205820', 02, 35, 0, 0.00, ''),
('010218052205820', 02, 36, 0, 0.00, ''),
('010218052205820', 02, 37, 0, 0.00, ''),
('010218052205820', 02, 38, 0, 0.00, ''),
('010218052205820', 02, 39, 0, 0.00, ''),
('010218052205820', 02, 40, 0, 0.00, ''),
('010218052205820', 02, 41, 0, 0.00, ''),
('010218052205820', 02, 42, 0, 0.00, ''),
('010218052205820', 02, 43, 0, 0.00, ''),
('010218052205820', 02, 44, 0, 0.00, ''),
('010218052205820', 02, 45, 0, 0.00, ''),
('010218052205820', 02, 46, 0, 0.00, ''),
('010218052205820', 02, 47, 0, 0.00, ''),
('010218052205820', 02, 48, 0, 0.00, ''),
('010218052205820', 02, 49, 0, 0.00, ''),
('010218052205820', 02, 50, 0, 0.00, ''),
('010218052205820', 02, 51, 0, 0.00, ''),
('010218052205820', 02, 52, 0, 0.00, ''),
('010218052205820', 02, 53, 0, 0.00, ''),
('010218052205820', 02, 54, 0, 0.00, ''),
('010218052205820', 02, 55, 0, 0.00, ''),
('010218052205820', 02, 56, 0, 0.00, ''),
('010218052205820', 02, 57, 0, 0.00, ''),
('010218052205820', 02, 58, 0, 0.00, ''),
('010218052205820', 02, 59, 0, 0.00, ''),
('010218052205820', 02, 60, 0, 0.00, ''),
('010218052205820', 02, 61, 0, 0.00, ''),
('010218052205820', 02, 62, 0, 0.00, ''),
('010218052205820', 02, 63, 0, 0.00, ''),
('010218052205820', 02, 64, 0, 0.00, ''),
('010218052205820', 02, 65, 0, 0.00, ''),
('010218052205820', 02, 66, 0, 0.00, ''),
('010118052205763', 01, 1, 18, 65.30, ''),
('010118052205763', 01, 2, 18, 65.30, ''),
('010218052205763', 02, 3, 0, 0.00, ''),
('010218052205763', 02, 4, 0, 0.00, ''),
('010218052205763', 02, 5, 14, 66.00, ''),
('010218052205763', 02, 6, 0, 0.00, ''),
('010218052205763', 02, 7, 0, 0.00, ''),
('010218052205763', 02, 8, 0, 0.00, ''),
('010218052205763', 02, 9, 0, 0.00, ''),
('010218052205763', 02, 10, 2, 40.00, ''),
('010218052205763', 02, 11, 0, 0.00, ''),
('010218052205763', 02, 12, 0, 0.00, ''),
('010218052205763', 02, 13, 0, 0.00, ''),
('010218052205763', 02, 14, 12, 26.00, ''),
('010218052205763', 02, 15, 0, 0.00, ''),
('010218052205763', 02, 16, 0, 0.00, ''),
('010218052205763', 02, 17, 0, 0.00, ''),
('010218052205763', 02, 18, 0, 0.00, ''),
('010218052205763', 02, 19, 0, 0.00, ''),
('010218052205763', 02, 20, 0, 0.00, ''),
('010218052205763', 02, 21, 0, 326.00, ''),
('010218052205763', 02, 22, 15, 128.00, ''),
('010218052205763', 02, 23, 0, 0.00, ''),
('010218052205763', 02, 24, 0, 0.00, ''),
('010218052205763', 02, 25, 0, 0.00, ''),
('010218052205763', 02, 26, 0, 0.00, ''),
('010218052205763', 02, 27, 1, 8.00, ''),
('010218052205763', 02, 28, 0, 0.00, ''),
('010218052205763', 02, 29, 0, 0.00, ''),
('010218052205763', 02, 30, 0, 0.00, ''),
('010218052205763', 02, 31, 0, 0.00, ''),
('010218052205763', 02, 32, 0, 0.00, ''),
('010218052205763', 02, 33, 0, 0.00, ''),
('010218052205763', 02, 34, 0, 0.00, ''),
('010218052205763', 02, 35, 0, 0.00, ''),
('010218052205763', 02, 36, 2, 6.00, ''),
('010218052205763', 02, 37, 1, 10.00, ''),
('010218052205763', 02, 38, 1, 2.00, ''),
('010218052205763', 02, 39, 0, 0.00, ''),
('010218052205763', 02, 40, 1, 10.00, ''),
('010218052205763', 02, 41, 0, 0.00, ''),
('010218052205763', 02, 42, 8, 64.00, ''),
('010218052205763', 02, 43, 6, 48.00, ''),
('010218052205763', 02, 44, 0, 0.00, ''),
('010218052205763', 02, 45, 0, 0.00, ''),
('010218052205763', 02, 46, 2, 38.00, ''),
('010218052205763', 02, 47, 0, 0.00, ''),
('010218052205763', 02, 48, 0, 0.00, ''),
('010218052205763', 02, 49, 0, 0.00, ''),
('010218052205763', 02, 50, 0, 0.00, ''),
('010218052205763', 02, 51, 0, 0.00, ''),
('010218052205763', 02, 52, 1, 12.00, ''),
('010218052205763', 02, 53, 0, 0.00, ''),
('010218052205763', 02, 54, 0, 0.00, ''),
('010218052205763', 02, 55, 0, 0.00, ''),
('010218052205763', 02, 56, 0, 0.00, ''),
('010218052205763', 02, 57, 0, 0.00, ''),
('010218052205763', 02, 58, 0, 0.00, ''),
('010218052205763', 02, 59, 0, 0.00, ''),
('010218052205763', 02, 60, 0, 0.00, ''),
('010218052205763', 02, 61, 0, 0.00, ''),
('010218052205763', 02, 62, 0, 0.00, ''),
('010218052205763', 02, 63, 0, 0.00, ''),
('010218052205763', 02, 64, 0, 0.00, ''),
('010218052205763', 02, 65, 0, 0.00, ''),
('010218052205763', 02, 66, 0, 0.00, ''),
('010118052821104', 01, 1, 3, 6.80, ''),
('010118052821104', 01, 2, 3, 6.80, ''),
('010218052821104', 02, 3, 0, 0.00, ''),
('010218052821104', 02, 4, 0, 0.00, ''),
('010218052821104', 02, 5, 0, 0.00, ''),
('010218052821104', 02, 6, 0, 0.00, ''),
('010218052821104', 02, 7, 0, 0.00, ''),
('010218052821104', 02, 8, 0, 0.00, ''),
('010218052821104', 02, 9, 0, 0.00, ''),
('010218052821104', 02, 10, 0, 0.00, ''),
('010218052821104', 02, 11, 0, 0.00, ''),
('010218052821104', 02, 12, 0, 0.00, ''),
('010218052821104', 02, 13, 0, 0.00, ''),
('010218052821104', 02, 14, 0, 0.00, ''),
('010218052821104', 02, 15, 0, 0.00, ''),
('010218052821104', 02, 16, 0, 0.00, ''),
('010218052821104', 02, 17, 0, 0.00, ''),
('010218052821104', 02, 18, 0, 0.00, ''),
('010218052821104', 02, 19, 0, 0.00, ''),
('010218052821104', 02, 20, 0, 0.00, ''),
('010218052821104', 02, 21, 0, 124.00, ''),
('010218052821104', 02, 22, 0, 0.00, ''),
('010218052821104', 02, 23, 0, 0.00, ''),
('010218052821104', 02, 24, 0, 0.00, ''),
('010218052821104', 02, 25, 0, 0.00, ''),
('010218052821104', 02, 26, 0, 0.00, ''),
('010218052821104', 02, 27, 0, 0.00, ''),
('010218052821104', 02, 28, 0, 0.00, ''),
('010218052821104', 02, 29, 9, 100.00, ''),
('010218052821104', 02, 30, 0, 0.00, ''),
('010218052821104', 02, 31, 0, 0.00, ''),
('010218052821104', 02, 32, 0, 0.00, ''),
('010218052821104', 02, 33, 0, 0.00, ''),
('010218052821104', 02, 34, 0, 0.00, ''),
('010218052821104', 02, 35, 0, 0.00, ''),
('010218052821104', 02, 36, 0, 0.00, ''),
('010218052821104', 02, 37, 0, 0.00, ''),
('010218052821104', 02, 38, 0, 0.00, ''),
('010218052821104', 02, 39, 0, 0.00, ''),
('010218052821104', 02, 40, 0, 0.00, ''),
('010218052821104', 02, 41, 0, 0.00, ''),
('010218052821104', 02, 42, 0, 0.00, ''),
('010218052821104', 02, 43, 0, 0.00, ''),
('010218052821104', 02, 44, 0, 0.00, ''),
('010218052821104', 02, 45, 0, 0.00, ''),
('010218052821104', 02, 46, 0, 0.00, ''),
('010218052821104', 02, 47, 0, 0.00, ''),
('010218052821104', 02, 48, 0, 0.00, ''),
('010218052821104', 02, 49, 0, 0.00, ''),
('010218052821104', 02, 50, 0, 0.00, ''),
('010218052821104', 02, 51, 0, 0.00, ''),
('010218052821104', 02, 52, 2, 24.00, ''),
('010218052821104', 02, 53, 0, 0.00, ''),
('010218052821104', 02, 54, 0, 0.00, ''),
('010218052821104', 02, 55, 0, 0.00, ''),
('010218052821104', 02, 56, 0, 0.00, ''),
('010218052821104', 02, 57, 0, 0.00, ''),
('010218052821104', 02, 58, 0, 0.00, ''),
('010218052821104', 02, 59, 0, 0.00, ''),
('010218052821104', 02, 60, 0, 0.00, ''),
('010218052821104', 02, 61, 0, 0.00, ''),
('010218052821104', 02, 62, 0, 0.00, ''),
('010218052821104', 02, 63, 0, 0.00, ''),
('010218052821104', 02, 64, 0, 0.00, ''),
('010218052821104', 02, 65, 0, 0.00, ''),
('010218052821104', 02, 66, 0, 0.00, ''),
('010118053105734', 01, 1, 1, 0.30, ''),
('010118053105734', 01, 2, 1, 0.30, ''),
('010218053105734', 02, 3, 0, 0.00, ''),
('010218053105734', 02, 4, 0, 0.00, ''),
('010218053105734', 02, 5, 1, 30.00, ''),
('010218053105734', 02, 6, 0, 0.00, ''),
('010218053105734', 02, 7, 0, 0.00, ''),
('010218053105734', 02, 8, 0, 0.00, ''),
('010218053105734', 02, 9, 0, 0.00, ''),
('010218053105734', 02, 10, 1, 30.00, ''),
('010218053105734', 02, 11, 0, 0.00, ''),
('010218053105734', 02, 12, 0, 0.00, ''),
('010218053105734', 02, 13, 0, 0.00, ''),
('010218053105734', 02, 14, 0, 0.00, ''),
('010218053105734', 02, 15, 0, 0.00, ''),
('010218053105734', 02, 16, 0, 0.00, ''),
('010218053105734', 02, 17, 0, 0.00, ''),
('010218053105734', 02, 18, 0, 0.00, ''),
('010218053105734', 02, 19, 0, 0.00, ''),
('010218053105734', 02, 20, 0, 0.00, ''),
('010218053105734', 02, 21, 0, 66.00, ''),
('010218053105734', 02, 22, 3, 30.00, ''),
('010218053105734', 02, 23, 0, 0.00, ''),
('010218053105734', 02, 24, 0, 0.00, ''),
('010218053105734', 02, 25, 0, 0.00, ''),
('010218053105734', 02, 26, 0, 0.00, ''),
('010218053105734', 02, 27, 0, 0.00, ''),
('010218053105734', 02, 28, 0, 0.00, ''),
('010218053105734', 02, 29, 0, 0.00, ''),
('010218053105734', 02, 30, 0, 0.00, ''),
('010218053105734', 02, 31, 0, 0.00, ''),
('010218053105734', 02, 32, 0, 0.00, ''),
('010218053105734', 02, 33, 0, 0.00, ''),
('010218053105734', 02, 34, 0, 0.00, ''),
('010218053105734', 02, 35, 0, 0.00, ''),
('010218053105734', 02, 36, 2, 6.00, ''),
('010218053105734', 02, 37, 0, 0.00, ''),
('010218053105734', 02, 38, 0, 0.00, ''),
('010218053105734', 02, 39, 0, 0.00, ''),
('010218053105734', 02, 40, 0, 0.00, ''),
('010218053105734', 02, 41, 0, 0.00, ''),
('010218053105734', 02, 42, 0, 0.00, ''),
('010218053105734', 02, 43, 3, 30.00, ''),
('010218053105734', 02, 44, 0, 0.00, ''),
('010218053105734', 02, 45, 0, 0.00, ''),
('010218053105734', 02, 46, 0, 0.00, ''),
('010218053105734', 02, 47, 0, 0.00, ''),
('010218053105734', 02, 48, 0, 0.00, ''),
('010218053105734', 02, 49, 0, 0.00, ''),
('010218053105734', 02, 50, 0, 0.00, ''),
('010218053105734', 02, 51, 0, 0.00, ''),
('010218053105734', 02, 52, 0, 0.00, ''),
('010218053105734', 02, 53, 0, 0.00, ''),
('010218053105734', 02, 54, 0, 0.00, ''),
('010218053105734', 02, 55, 0, 0.00, ''),
('010218053105734', 02, 56, 0, 0.00, ''),
('010218053105734', 02, 57, 0, 0.00, ''),
('010218053105734', 02, 58, 0, 0.00, ''),
('010218053105734', 02, 59, 0, 0.00, ''),
('010218053105734', 02, 60, 0, 0.00, ''),
('010218053105734', 02, 61, 0, 0.00, ''),
('010218053105734', 02, 62, 0, 0.00, ''),
('010218053105734', 02, 63, 0, 0.00, ''),
('010218053105734', 02, 64, 0, 0.00, ''),
('010218053105734', 02, 65, 0, 0.00, ''),
('010218053105734', 02, 66, 0, 0.00, ''),
('010118052105763', 01, 1, 30, 142.30, ''),
('010118052105763', 01, 2, 30, 142.30, ''),
('010218052105763', 02, 3, 0, 0.00, ''),
('010218052105763', 02, 4, 0, 0.00, ''),
('010218052105763', 02, 5, 16, 140.00, ''),
('010218052105763', 02, 6, 0, 0.00, ''),
('010218052105763', 02, 7, 0, 0.00, ''),
('010218052105763', 02, 8, 0, 0.00, ''),
('010218052105763', 02, 9, 0, 0.00, ''),
('010218052105763', 02, 10, 6, 120.00, ''),
('010218052105763', 02, 11, 0, 0.00, ''),
('010218052105763', 02, 12, 0, 0.00, ''),
('010218052105763', 02, 13, 0, 0.00, ''),
('010218052105763', 02, 14, 10, 20.00, ''),
('010218052105763', 02, 15, 0, 0.00, ''),
('010218052105763', 02, 16, 0, 0.00, ''),
('010218052105763', 02, 17, 0, 0.00, ''),
('010218052105763', 02, 18, 0, 0.00, ''),
('010218052105763', 02, 19, 0, 0.00, ''),
('010218052105763', 02, 20, 0, 0.00, ''),
('010218052105763', 02, 21, 0, 441.00, ''),
('010218052105763', 02, 22, 11, 92.00, ''),
('010218052105763', 02, 23, 0, 0.00, ''),
('010218052105763', 02, 24, 0, 0.00, ''),
('010218052105763', 02, 25, 0, 0.00, ''),
('010218052105763', 02, 26, 0, 0.00, ''),
('010218052105763', 02, 27, 1, 8.00, ''),
('010218052105763', 02, 28, 0, 0.00, ''),
('010218052105763', 02, 29, 0, 0.00, ''),
('010218052105763', 02, 30, 0, 0.00, ''),
('010218052105763', 02, 31, 0, 0.00, ''),
('010218052105763', 02, 32, 0, 0.00, ''),
('010218052105763', 02, 33, 0, 0.00, ''),
('010218052105763', 02, 34, 0, 0.00, ''),
('010218052105763', 02, 35, 0, 0.00, ''),
('010218052105763', 02, 36, 3, 9.00, ''),
('010218052105763', 02, 37, 0, 0.00, ''),
('010218052105763', 02, 38, 2, 4.00, ''),
('010218052105763', 02, 39, 0, 0.00, ''),
('010218052105763', 02, 40, 0, 0.00, ''),
('010218052105763', 02, 41, 0, 0.00, ''),
('010218052105763', 02, 42, 6, 64.00, ''),
('010218052105763', 02, 43, 6, 52.00, ''),
('010218052105763', 02, 44, 0, 0.00, ''),
('010218052105763', 02, 45, 0, 0.00, ''),
('010218052105763', 02, 46, 5, 120.00, ''),
('010218052105763', 02, 47, 0, 0.00, ''),
('010218052105763', 02, 48, 0, 0.00, ''),
('010218052105763', 02, 49, 3, 80.00, ''),
('010218052105763', 02, 50, 0, 0.00, ''),
('010218052105763', 02, 51, 0, 0.00, ''),
('010218052105763', 02, 52, 1, 12.00, ''),
('010218052105763', 02, 53, 0, 0.00, ''),
('010218052105763', 02, 54, 0, 0.00, ''),
('010218052105763', 02, 55, 0, 0.00, ''),
('010218052105763', 02, 56, 0, 0.00, ''),
('010218052105763', 02, 57, 0, 0.00, ''),
('010218052105763', 02, 58, 0, 0.00, ''),
('010218052105763', 02, 59, 0, 0.00, ''),
('010218052105763', 02, 60, 0, 0.00, ''),
('010218052105763', 02, 61, 0, 0.00, ''),
('010218052105763', 02, 62, 0, 0.00, ''),
('010218052105763', 02, 63, 0, 0.00, ''),
('010218052105763', 02, 64, 0, 0.00, ''),
('010218052105763', 02, 65, 0, 0.00, ''),
('010218052105763', 02, 66, 0, 0.00, ''),
('010118052605790', 01, 1, 6, 15.10, ''),
('010118052605790', 01, 2, 6, 15.10, ''),
('010218052605790', 02, 3, 0, 0.00, ''),
('010218052605790', 02, 4, 0, 0.00, ''),
('010218052605790', 02, 5, 0, 0.00, ''),
('010218052605790', 02, 6, 0, 0.00, ''),
('010218052605790', 02, 7, 0, 0.00, ''),
('010218052605790', 02, 8, 0, 0.00, ''),
('010218052605790', 02, 9, 0, 0.00, ''),
('010218052605790', 02, 10, 0, 0.00, ''),
('010218052605790', 02, 11, 0, 0.00, ''),
('010218052605790', 02, 12, 0, 0.00, ''),
('010218052605790', 02, 13, 0, 0.00, ''),
('010218052605790', 02, 14, 0, 0.00, ''),
('010218052605790', 02, 15, 0, 0.00, ''),
('010218052605790', 02, 16, 0, 0.00, ''),
('010218052605790', 02, 17, 0, 0.00, ''),
('010218052605790', 02, 18, 0, 0.00, ''),
('010218052605790', 02, 19, 0, 0.00, ''),
('010218052605790', 02, 20, 0, 0.00, ''),
('010218052605790', 02, 21, 0, 0.00, ''),
('010218052605790', 02, 22, 0, 0.00, ''),
('010218052605790', 02, 23, 0, 0.00, ''),
('010218052605790', 02, 24, 0, 0.00, ''),
('010218052605790', 02, 25, 0, 0.00, ''),
('010218052605790', 02, 26, 0, 0.00, ''),
('010218052605790', 02, 27, 0, 0.00, ''),
('010218052605790', 02, 28, 0, 0.00, ''),
('010218052605790', 02, 29, 0, 0.00, ''),
('010218052605790', 02, 30, 0, 0.00, ''),
('010218052605790', 02, 31, 0, 0.00, ''),
('010218052605790', 02, 32, 0, 0.00, ''),
('010218052605790', 02, 33, 0, 0.00, ''),
('010218052605790', 02, 34, 0, 0.00, ''),
('010218052605790', 02, 35, 0, 0.00, ''),
('010218052605790', 02, 36, 0, 0.00, ''),
('010218052605790', 02, 37, 0, 0.00, ''),
('010218052605790', 02, 38, 0, 0.00, ''),
('010218052605790', 02, 39, 0, 0.00, ''),
('010218052605790', 02, 40, 0, 0.00, ''),
('010218052605790', 02, 41, 0, 0.00, ''),
('010218052605790', 02, 42, 0, 0.00, ''),
('010218052605790', 02, 43, 0, 0.00, ''),
('010218052605790', 02, 44, 0, 0.00, ''),
('010218052605790', 02, 45, 0, 0.00, ''),
('010218052605790', 02, 46, 0, 0.00, ''),
('010218052605790', 02, 47, 0, 0.00, ''),
('010218052605790', 02, 48, 0, 0.00, ''),
('010218052605790', 02, 49, 0, 0.00, ''),
('010218052605790', 02, 50, 0, 0.00, ''),
('010218052605790', 02, 51, 0, 0.00, ''),
('010218052605790', 02, 52, 0, 0.00, ''),
('010218052605790', 02, 53, 0, 0.00, ''),
('010218052605790', 02, 54, 0, 0.00, ''),
('010218052605790', 02, 55, 0, 0.00, ''),
('010218052605790', 02, 56, 0, 0.00, ''),
('010218052605790', 02, 57, 0, 0.00, ''),
('010218052605790', 02, 58, 0, 0.00, ''),
('010218052605790', 02, 59, 0, 0.00, ''),
('010218052605790', 02, 60, 0, 0.00, ''),
('010218052605790', 02, 61, 0, 0.00, ''),
('010218052605790', 02, 62, 0, 0.00, ''),
('010218052605790', 02, 63, 0, 0.00, ''),
('010218052605790', 02, 64, 0, 0.00, ''),
('010218052605790', 02, 65, 0, 0.00, ''),
('010218052605790', 02, 66, 0, 0.00, ''),
('010118051905763', 01, 1, 10, 46.90, ''),
('010118051905763', 01, 2, 10, 46.90, ''),
('010218051905763', 02, 3, 0, 0.00, ''),
('010218051905763', 02, 4, 0, 0.00, ''),
('010218051905763', 02, 5, 5, 10.00, ''),
('010218051905763', 02, 6, 0, 0.00, ''),
('010218051905763', 02, 7, 0, 0.00, ''),
('010218051905763', 02, 8, 0, 0.00, ''),
('010218051905763', 02, 9, 0, 0.00, ''),
('010218051905763', 02, 10, 0, 0.00, ''),
('010218051905763', 02, 11, 0, 0.00, ''),
('010218051905763', 02, 12, 0, 0.00, ''),
('010218051905763', 02, 13, 0, 0.00, ''),
('010218051905763', 02, 14, 5, 10.00, ''),
('010218051905763', 02, 15, 0, 0.00, ''),
('010218051905763', 02, 16, 0, 0.00, ''),
('010218051905763', 02, 17, 0, 0.00, ''),
('010218051905763', 02, 18, 0, 0.00, ''),
('010218051905763', 02, 19, 0, 0.00, ''),
('010218051905763', 02, 20, 0, 0.00, ''),
('010218051905763', 02, 21, 0, 242.00, ''),
('010218051905763', 02, 22, 11, 88.00, ''),
('010218051905763', 02, 23, 0, 0.00, ''),
('010218051905763', 02, 24, 0, 0.00, ''),
('010218051905763', 02, 25, 0, 0.00, ''),
('010218051905763', 02, 26, 0, 0.00, ''),
('010218051905763', 02, 27, 0, 0.00, ''),
('010218051905763', 02, 28, 1, 20.00, ''),
('010218051905763', 02, 29, 0, 0.00, ''),
('010218051905763', 02, 30, 0, 0.00, ''),
('010218051905763', 02, 31, 0, 0.00, ''),
('010218051905763', 02, 32, 0, 0.00, ''),
('010218051905763', 02, 33, 0, 0.00, ''),
('010218051905763', 02, 34, 0, 0.00, ''),
('010218051905763', 02, 35, 0, 0.00, ''),
('010218051905763', 02, 36, 0, 0.00, ''),
('010218051905763', 02, 37, 1, 10.00, ''),
('010218051905763', 02, 38, 1, 2.00, ''),
('010218051905763', 02, 39, 0, 0.00, ''),
('010218051905763', 02, 40, 0, 0.00, ''),
('010218051905763', 02, 41, 0, 0.00, ''),
('010218051905763', 02, 42, 3, 24.00, ''),
('010218051905763', 02, 43, 4, 32.00, ''),
('010218051905763', 02, 44, 0, 0.00, ''),
('010218051905763', 02, 45, 0, 0.00, ''),
('010218051905763', 02, 46, 3, 66.00, ''),
('010218051905763', 02, 47, 0, 0.00, ''),
('010218051905763', 02, 48, 0, 0.00, ''),
('010218051905763', 02, 49, 0, 0.00, ''),
('010218051905763', 02, 50, 0, 0.00, ''),
('010218051905763', 02, 51, 0, 0.00, ''),
('010218051905763', 02, 52, 0, 0.00, ''),
('010218051905763', 02, 53, 0, 0.00, ''),
('010218051905763', 02, 54, 0, 0.00, ''),
('010218051905763', 02, 55, 0, 0.00, ''),
('010218051905763', 02, 56, 0, 0.00, ''),
('010218051905763', 02, 57, 0, 0.00, ''),
('010218051905763', 02, 58, 0, 0.00, ''),
('010218051905763', 02, 59, 0, 0.00, ''),
('010218051905763', 02, 60, 0, 0.00, ''),
('010218051905763', 02, 61, 0, 0.00, ''),
('010218051905763', 02, 62, 0, 0.00, ''),
('010218051905763', 02, 63, 0, 0.00, ''),
('010218051905763', 02, 64, 0, 0.00, ''),
('010218051905763', 02, 65, 0, 0.00, ''),
('010218051905763', 02, 66, 0, 0.00, ''),
('010118051805763', 01, 1, 8, 43.80, ''),
('010118051805763', 01, 2, 8, 43.80, ''),
('010218051805763', 02, 3, 0, 0.00, ''),
('010218051805763', 02, 4, 0, 0.00, ''),
('010218051805763', 02, 5, 6, 30.00, ''),
('010218051805763', 02, 6, 0, 0.00, ''),
('010218051805763', 02, 7, 0, 0.00, ''),
('010218051805763', 02, 8, 0, 0.00, ''),
('010218051805763', 02, 9, 0, 0.00, ''),
('010218051805763', 02, 10, 1, 20.00, ''),
('010218051805763', 02, 11, 0, 0.00, ''),
('010218051805763', 02, 12, 0, 0.00, ''),
('010218051805763', 02, 13, 0, 0.00, ''),
('010218051805763', 02, 14, 5, 10.00, ''),
('010218051805763', 02, 15, 0, 0.00, ''),
('010218051805763', 02, 16, 0, 0.00, ''),
('010218051805763', 02, 17, 0, 0.00, ''),
('010218051805763', 02, 18, 0, 0.00, ''),
('010218051805763', 02, 19, 0, 0.00, ''),
('010218051805763', 02, 20, 0, 0.00, ''),
('010218051805763', 02, 21, 0, 268.00, ''),
('010218051805763', 02, 22, 7, 56.00, ''),
('010218051805763', 02, 23, 0, 0.00, ''),
('010218051805763', 02, 24, 0, 0.00, ''),
('010218051805763', 02, 25, 0, 0.00, ''),
('010218051805763', 02, 26, 0, 0.00, ''),
('010218051805763', 02, 27, 0, 0.00, ''),
('010218051805763', 02, 28, 0, 0.00, ''),
('010218051805763', 02, 29, 0, 0.00, ''),
('010218051805763', 02, 30, 0, 0.00, ''),
('010218051805763', 02, 31, 0, 0.00, ''),
('010218051805763', 02, 32, 0, 0.00, ''),
('010218051805763', 02, 33, 0, 0.00, ''),
('010218051805763', 02, 34, 0, 0.00, ''),
('010218051805763', 02, 35, 0, 0.00, ''),
('010218051805763', 02, 36, 4, 14.00, ''),
('010218051805763', 02, 37, 0, 0.00, ''),
('010218051805763', 02, 38, 0, 0.00, ''),
('010218051805763', 02, 39, 0, 0.00, ''),
('010218051805763', 02, 40, 1, 10.00, ''),
('010218051805763', 02, 41, 0, 0.00, ''),
('010218051805763', 02, 42, 3, 24.00, ''),
('010218051805763', 02, 43, 6, 56.00, ''),
('010218051805763', 02, 44, 0, 0.00, ''),
('010218051805763', 02, 45, 0, 0.00, ''),
('010218051805763', 02, 46, 3, 68.00, ''),
('010218051805763', 02, 47, 0, 0.00, ''),
('010218051805763', 02, 48, 0, 0.00, ''),
('010218051805763', 02, 49, 1, 40.00, ''),
('010218051805763', 02, 50, 0, 0.00, ''),
('010218051805763', 02, 51, 0, 0.00, ''),
('010218051805763', 02, 52, 0, 0.00, ''),
('010218051805763', 02, 53, 0, 0.00, ''),
('010218051805763', 02, 54, 0, 0.00, ''),
('010218051805763', 02, 55, 0, 0.00, ''),
('010218051805763', 02, 56, 0, 0.00, ''),
('010218051805763', 02, 57, 0, 0.00, ''),
('010218051805763', 02, 58, 0, 0.00, ''),
('010218051805763', 02, 59, 0, 0.00, ''),
('010218051805763', 02, 60, 0, 0.00, ''),
('010218051805763', 02, 61, 0, 0.00, ''),
('010218051805763', 02, 62, 0, 0.00, ''),
('010218051805763', 02, 63, 0, 0.00, ''),
('010218051805763', 02, 64, 0, 0.00, ''),
('010218051805763', 02, 65, 0, 0.00, ''),
('010218051805763', 02, 66, 0, 0.00, ''),
('010118052921104', 01, 1, 1, 17.10, ''),
('010118052921104', 01, 2, 1, 17.10, ''),
('010218052921104', 02, 3, 0, 0.00, ''),
('010218052921104', 02, 4, 0, 0.00, ''),
('010218052921104', 02, 5, 0, 0.00, ''),
('010218052921104', 02, 6, 0, 0.00, ''),
('010218052921104', 02, 7, 0, 0.00, ''),
('010218052921104', 02, 8, 0, 0.00, ''),
('010218052921104', 02, 9, 0, 0.00, ''),
('010218052921104', 02, 10, 0, 0.00, ''),
('010218052921104', 02, 11, 0, 0.00, ''),
('010218052921104', 02, 12, 0, 0.00, ''),
('010218052921104', 02, 13, 0, 0.00, ''),
('010218052921104', 02, 14, 0, 0.00, ''),
('010218052921104', 02, 15, 0, 0.00, ''),
('010218052921104', 02, 16, 0, 0.00, ''),
('010218052921104', 02, 17, 0, 0.00, ''),
('010218052921104', 02, 18, 0, 0.00, ''),
('010218052921104', 02, 19, 0, 0.00, ''),
('010218052921104', 02, 20, 0, 0.00, ''),
('010218052921104', 02, 21, 0, 100.00, ''),
('010218052921104', 02, 22, 3, 36.00, ''),
('010218052921104', 02, 23, 0, 0.00, ''),
('010218052921104', 02, 24, 0, 0.00, ''),
('010218052921104', 02, 25, 0, 0.00, ''),
('010218052921104', 02, 26, 0, 0.00, ''),
('010218052921104', 02, 27, 0, 0.00, ''),
('010218052921104', 02, 28, 0, 0.00, ''),
('010218052921104', 02, 29, 10, 64.00, ''),
('010218052921104', 02, 30, 0, 0.00, ''),
('010218052921104', 02, 31, 0, 0.00, ''),
('010218052921104', 02, 32, 0, 0.00, ''),
('010218052921104', 02, 33, 0, 0.00, ''),
('010218052921104', 02, 34, 0, 0.00, ''),
('010218052921104', 02, 35, 0, 0.00, ''),
('010218052921104', 02, 36, 0, 0.00, ''),
('010218052921104', 02, 37, 0, 0.00, ''),
('010218052921104', 02, 38, 0, 0.00, ''),
('010218052921104', 02, 39, 0, 0.00, ''),
('010218052921104', 02, 40, 0, 0.00, ''),
('010218052921104', 02, 41, 0, 0.00, ''),
('010218052921104', 02, 42, 0, 0.00, ''),
('010218052921104', 02, 43, 0, 0.00, ''),
('010218052921104', 02, 44, 0, 0.00, ''),
('010218052921104', 02, 45, 0, 0.00, ''),
('010218052921104', 02, 46, 0, 0.00, ''),
('010218052921104', 02, 47, 0, 0.00, ''),
('010218052921104', 02, 48, 0, 0.00, ''),
('010218052921104', 02, 49, 0, 0.00, ''),
('010218052921104', 02, 50, 0, 0.00, ''),
('010218052921104', 02, 51, 0, 0.00, ''),
('010218052921104', 02, 52, 0, 0.00, ''),
('010218052921104', 02, 53, 0, 0.00, ''),
('010218052921104', 02, 54, 0, 0.00, ''),
('010218052921104', 02, 55, 0, 0.00, ''),
('010218052921104', 02, 56, 0, 0.00, ''),
('010218052921104', 02, 57, 0, 0.00, ''),
('010218052921104', 02, 58, 0, 0.00, ''),
('010218052921104', 02, 59, 0, 0.00, ''),
('010218052921104', 02, 60, 0, 0.00, ''),
('010218052921104', 02, 61, 0, 0.00, ''),
('010218052921104', 02, 62, 0, 0.00, ''),
('010218052921104', 02, 63, 0, 0.00, ''),
('010218052921104', 02, 64, 0, 0.00, ''),
('010218052921104', 02, 65, 0, 0.00, ''),
('010218052921104', 02, 66, 0, 0.00, ''),
('010118051705763', 01, 1, 14, 63.50, ''),
('010118051705763', 01, 2, 14, 63.50, ''),
('010218051705763', 02, 3, 0, 0.00, ''),
('010218051705763', 02, 4, 0, 0.00, ''),
('010218051705763', 02, 5, 14, 64.00, ''),
('010218051705763', 02, 6, 0, 0.00, ''),
('010218051705763', 02, 7, 0, 0.00, ''),
('010218051705763', 02, 8, 0, 0.00, ''),
('010218051705763', 02, 9, 0, 0.00, ''),
('010218051705763', 02, 10, 2, 40.00, ''),
('010218051705763', 02, 11, 0, 0.00, ''),
('010218051705763', 02, 12, 0, 0.00, ''),
('010218051705763', 02, 13, 0, 0.00, ''),
('010218051705763', 02, 14, 12, 24.00, ''),
('010218051705763', 02, 15, 0, 0.00, ''),
('010218051705763', 02, 16, 0, 0.00, ''),
('010218051705763', 02, 17, 0, 0.00, ''),
('010218051705763', 02, 18, 0, 0.00, ''),
('010218051705763', 02, 19, 0, 0.00, ''),
('010218051705763', 02, 20, 0, 0.00, ''),
('010218051705763', 02, 21, 0, 327.00, ''),
('010218051705763', 02, 22, 7, 64.00, ''),
('010218051705763', 02, 23, 0, 0.00, ''),
('010218051705763', 02, 24, 0, 0.00, ''),
('010218051705763', 02, 25, 0, 0.00, ''),
('010218051705763', 02, 26, 0, 0.00, ''),
('010218051705763', 02, 27, 2, 16.00, ''),
('010218051705763', 02, 28, 0, 0.00, ''),
('010218051705763', 02, 29, 0, 0.00, ''),
('010218051705763', 02, 30, 0, 0.00, ''),
('010218051705763', 02, 31, 0, 0.00, ''),
('010218051705763', 02, 32, 0, 0.00, ''),
('010218051705763', 02, 33, 0, 0.00, ''),
('010218051705763', 02, 34, 0, 0.00, ''),
('010218051705763', 02, 35, 0, 0.00, ''),
('010218051705763', 02, 36, 4, 12.00, ''),
('010218051705763', 02, 37, 1, 10.00, ''),
('010218051705763', 02, 38, 0, 0.00, ''),
('010218051705763', 02, 39, 0, 0.00, ''),
('010218051705763', 02, 40, 1, 10.00, ''),
('010218051705763', 02, 41, 0, 0.00, ''),
('010218051705763', 02, 42, 4, 32.00, ''),
('010218051705763', 02, 43, 10, 80.00, ''),
('010218051705763', 02, 44, 0, 0.00, ''),
('010218051705763', 02, 45, 0, 0.00, ''),
('010218051705763', 02, 46, 2, 24.00, ''),
('010218051705763', 02, 47, 0, 0.00, ''),
('010218051705763', 02, 48, 0, 0.00, ''),
('010218051705763', 02, 49, 2, 55.00, ''),
('010218051705763', 02, 50, 0, 0.00, ''),
('010218051705763', 02, 51, 0, 0.00, ''),
('010218051705763', 02, 52, 2, 24.00, ''),
('010218051705763', 02, 53, 0, 0.00, ''),
('010218051705763', 02, 54, 0, 0.00, ''),
('010218051705763', 02, 55, 0, 0.00, ''),
('010218051705763', 02, 56, 0, 0.00, ''),
('010218051705763', 02, 57, 0, 0.00, ''),
('010218051705763', 02, 58, 0, 0.00, ''),
('010218051705763', 02, 59, 0, 0.00, ''),
('010218051705763', 02, 60, 0, 0.00, ''),
('010218051705763', 02, 61, 0, 0.00, ''),
('010218051705763', 02, 62, 0, 0.00, ''),
('010218051705763', 02, 63, 0, 0.00, ''),
('010218051705763', 02, 64, 0, 0.00, ''),
('010218051705763', 02, 65, 0, 0.00, ''),
('010218051705763', 02, 66, 0, 0.00, ''),
('010118052605800', 01, 1, 23, 15.89, ''),
('010118052605800', 01, 2, 23, 15.89, ''),
('010218052605800', 02, 3, 0, 0.00, ''),
('010218052605800', 02, 4, 0, 0.00, ''),
('010218052605800', 02, 5, 23, 82.00, ''),
('010218052605800', 02, 6, 0, 0.00, ''),
('010218052605800', 02, 7, 0, 0.00, ''),
('010218052605800', 02, 8, 0, 0.00, ''),
('010218052605800', 02, 9, 0, 0.00, ''),
('010218052605800', 02, 10, 2, 40.00, ''),
('010218052605800', 02, 11, 0, 0.00, ''),
('010218052605800', 02, 12, 0, 0.00, ''),
('010218052605800', 02, 13, 0, 0.00, ''),
('010218052605800', 02, 14, 21, 42.00, ''),
('010218052605800', 02, 15, 0, 0.00, ''),
('010218052605800', 02, 16, 0, 0.00, ''),
('010218052605800', 02, 17, 0, 0.00, ''),
('010218052605800', 02, 18, 0, 0.00, ''),
('010218052605800', 02, 19, 0, 0.00, ''),
('010218052605800', 02, 20, 0, 0.00, ''),
('010218052605800', 02, 21, 0, 132.00, ''),
('010218052605800', 02, 22, 5, 40.00, ''),
('010218052605800', 02, 23, 0, 0.00, ''),
('010218052605800', 02, 24, 0, 0.00, ''),
('010218052605800', 02, 25, 0, 0.00, ''),
('010218052605800', 02, 26, 0, 0.00, ''),
('010218052605800', 02, 27, 0, 0.00, ''),
('010218052605800', 02, 28, 0, 0.00, ''),
('010218052605800', 02, 29, 0, 0.00, ''),
('010218052605800', 02, 30, 0, 0.00, ''),
('010218052605800', 02, 31, 0, 0.00, ''),
('010218052605800', 02, 32, 0, 0.00, ''),
('010218052605800', 02, 33, 0, 0.00, ''),
('010218052605800', 02, 34, 0, 0.00, ''),
('010218052605800', 02, 35, 0, 0.00, ''),
('010218052605800', 02, 36, 0, 0.00, ''),
('010218052605800', 02, 37, 1, 10.00, ''),
('010218052605800', 02, 38, 1, 2.00, ''),
('010218052605800', 02, 39, 0, 0.00, ''),
('010218052605800', 02, 40, 0, 0.00, ''),
('010218052605800', 02, 41, 0, 0.00, ''),
('010218052605800', 02, 42, 1, 8.00, ''),
('010218052605800', 02, 43, 1, 8.00, ''),
('010218052605800', 02, 44, 0, 0.00, ''),
('010218052605800', 02, 45, 2, 20.00, ''),
('010218052605800', 02, 46, 3, 44.00, ''),
('010218052605800', 02, 47, 0, 0.00, ''),
('010218052605800', 02, 48, 0, 0.00, ''),
('010218052605800', 02, 49, 0, 0.00, ''),
('010218052605800', 02, 50, 0, 0.00, ''),
('010218052605800', 02, 51, 0, 0.00, ''),
('010218052605800', 02, 52, 0, 0.00, ''),
('010218052605800', 02, 53, 0, 0.00, ''),
('010218052605800', 02, 54, 0, 0.00, ''),
('010218052605800', 02, 55, 0, 0.00, ''),
('010218052605800', 02, 56, 0, 0.00, ''),
('010218052605800', 02, 57, 0, 0.00, ''),
('010218052605800', 02, 58, 0, 0.00, ''),
('010218052605800', 02, 59, 0, 0.00, ''),
('010218052605800', 02, 60, 0, 0.00, ''),
('010218052605800', 02, 61, 0, 0.00, ''),
('010218052605800', 02, 62, 0, 0.00, ''),
('010218052605800', 02, 63, 0, 0.00, ''),
('010218052605800', 02, 64, 0, 0.00, ''),
('010218052605800', 02, 65, 0, 0.00, ''),
('010218052605800', 02, 66, 0, 0.00, ''),
('010118051605763', 01, 1, 10, 55.20, ''),
('010118051605763', 01, 2, 10, 55.20, ''),
('010218051605763', 02, 3, 0, 0.00, ''),
('010218051605763', 02, 4, 0, 0.00, ''),
('010218051605763', 02, 5, 11, 64.00, ''),
('010218051605763', 02, 6, 0, 0.00, ''),
('010218051605763', 02, 7, 0, 0.00, ''),
('010218051605763', 02, 8, 0, 0.00, ''),
('010218051605763', 02, 9, 0, 0.00, ''),
('010218051605763', 02, 10, 3, 48.00, ''),
('010218051605763', 02, 11, 0, 0.00, ''),
('010218051605763', 02, 12, 0, 0.00, ''),
('010218051605763', 02, 13, 0, 0.00, ''),
('010218051605763', 02, 14, 8, 16.00, ''),
('010218051605763', 02, 15, 0, 0.00, ''),
('010218051605763', 02, 16, 0, 0.00, ''),
('010218051605763', 02, 17, 0, 0.00, ''),
('010218051605763', 02, 18, 0, 0.00, ''),
('010218051605763', 02, 19, 0, 0.00, ''),
('010218051605763', 02, 20, 0, 0.00, ''),
('010218051605763', 02, 21, 0, 229.00, ''),
('010218051605763', 02, 22, 3, 24.00, ''),
('010218051605763', 02, 23, 0, 0.00, ''),
('010218051605763', 02, 24, 0, 0.00, ''),
('010218051605763', 02, 25, 0, 0.00, ''),
('010218051605763', 02, 26, 0, 0.00, ''),
('010218051605763', 02, 27, 1, 8.00, ''),
('010218051605763', 02, 28, 1, 20.00, ''),
('010218051605763', 02, 29, 0, 0.00, ''),
('010218051605763', 02, 30, 0, 0.00, ''),
('010218051605763', 02, 31, 0, 0.00, ''),
('010218051605763', 02, 32, 0, 0.00, ''),
('010218051605763', 02, 33, 0, 0.00, ''),
('010218051605763', 02, 34, 0, 0.00, ''),
('010218051605763', 02, 35, 0, 0.00, ''),
('010218051605763', 02, 36, 2, 6.00, ''),
('010218051605763', 02, 37, 0, 0.00, ''),
('010218051605763', 02, 38, 2, 4.00, ''),
('010218051605763', 02, 39, 0, 0.00, ''),
('010218051605763', 02, 40, 1, 10.00, ''),
('010218051605763', 02, 41, 0, 0.00, ''),
('010218051605763', 02, 42, 4, 32.00, ''),
('010218051605763', 02, 43, 6, 52.00, ''),
('010218051605763', 02, 44, 0, 0.00, ''),
('010218051605763', 02, 45, 0, 0.00, ''),
('010218051605763', 02, 46, 1, 8.00, ''),
('010218051605763', 02, 47, 0, 0.00, ''),
('010218051605763', 02, 48, 0, 0.00, ''),
('010218051605763', 02, 49, 3, 65.00, ''),
('010218051605763', 02, 50, 0, 0.00, ''),
('010218051605763', 02, 51, 0, 0.00, ''),
('010218051605763', 02, 52, 0, 0.00, ''),
('010218051605763', 02, 53, 0, 0.00, ''),
('010218051605763', 02, 54, 0, 0.00, ''),
('010218051605763', 02, 55, 0, 0.00, ''),
('010218051605763', 02, 56, 0, 0.00, ''),
('010218051605763', 02, 57, 0, 0.00, ''),
('010218051605763', 02, 58, 0, 0.00, ''),
('010218051605763', 02, 59, 0, 0.00, ''),
('010218051605763', 02, 60, 0, 0.00, ''),
('010218051605763', 02, 61, 0, 0.00, ''),
('010218051605763', 02, 62, 0, 0.00, ''),
('010218051605763', 02, 63, 0, 0.00, ''),
('010218051605763', 02, 64, 0, 0.00, ''),
('010218051605763', 02, 65, 0, 0.00, ''),
('010218051605763', 02, 66, 0, 0.00, ''),
('010118051505763', 01, 1, 15, 39.40, ''),
('010118051505763', 01, 2, 15, 39.40, ''),
('010218051505763', 02, 3, 0, 0.00, ''),
('010218051505763', 02, 4, 0, 0.00, ''),
('010218051505763', 02, 5, 13, 62.00, ''),
('010218051505763', 02, 6, 0, 0.00, ''),
('010218051505763', 02, 7, 0, 0.00, ''),
('010218051505763', 02, 8, 0, 0.00, ''),
('010218051505763', 02, 9, 0, 0.00, ''),
('010218051505763', 02, 10, 2, 40.00, ''),
('010218051505763', 02, 11, 0, 0.00, ''),
('010218051505763', 02, 12, 0, 0.00, ''),
('010218051505763', 02, 13, 0, 0.00, ''),
('010218051505763', 02, 14, 11, 22.00, ''),
('010218051505763', 02, 15, 0, 0.00, ''),
('010218051505763', 02, 16, 0, 0.00, '');
INSERT INTO `lrecaudacion_detalle` (`LRECAU_ID`, `LRECTIP_ID`, `IDITEM`, `CANTIDAD`, `MONTO`, `CELDA`) VALUES
('010218051505763', 02, 17, 0, 0.00, ''),
('010218051505763', 02, 18, 0, 0.00, ''),
('010218051505763', 02, 19, 0, 0.00, ''),
('010218051505763', 02, 20, 0, 0.00, ''),
('010218051505763', 02, 21, 0, 283.00, ''),
('010218051505763', 02, 22, 8, 64.00, ''),
('010218051505763', 02, 23, 0, 0.00, ''),
('010218051505763', 02, 24, 0, 0.00, ''),
('010218051505763', 02, 25, 0, 0.00, ''),
('010218051505763', 02, 26, 0, 0.00, ''),
('010218051505763', 02, 27, 1, 8.00, ''),
('010218051505763', 02, 28, 1, 20.00, ''),
('010218051505763', 02, 29, 0, 0.00, ''),
('010218051505763', 02, 30, 0, 0.00, ''),
('010218051505763', 02, 31, 0, 0.00, ''),
('010218051505763', 02, 32, 0, 0.00, ''),
('010218051505763', 02, 33, 0, 0.00, ''),
('010218051505763', 02, 34, 0, 0.00, ''),
('010218051505763', 02, 35, 0, 0.00, ''),
('010218051505763', 02, 36, 1, 3.00, ''),
('010218051505763', 02, 37, 1, 10.00, ''),
('010218051505763', 02, 38, 1, 2.00, ''),
('010218051505763', 02, 39, 0, 0.00, ''),
('010218051505763', 02, 40, 1, 10.00, ''),
('010218051505763', 02, 41, 0, 0.00, ''),
('010218051505763', 02, 42, 4, 32.00, ''),
('010218051505763', 02, 43, 4, 36.00, ''),
('010218051505763', 02, 44, 0, 0.00, ''),
('010218051505763', 02, 45, 0, 0.00, ''),
('010218051505763', 02, 46, 4, 58.00, ''),
('010218051505763', 02, 47, 0, 0.00, ''),
('010218051505763', 02, 48, 0, 0.00, ''),
('010218051505763', 02, 49, 2, 40.00, ''),
('010218051505763', 02, 50, 0, 0.00, ''),
('010218051505763', 02, 51, 0, 0.00, ''),
('010218051505763', 02, 52, 0, 0.00, ''),
('010218051505763', 02, 53, 0, 0.00, ''),
('010218051505763', 02, 54, 0, 0.00, ''),
('010218051505763', 02, 55, 0, 0.00, ''),
('010218051505763', 02, 56, 0, 0.00, ''),
('010218051505763', 02, 57, 0, 0.00, ''),
('010218051505763', 02, 58, 0, 0.00, ''),
('010218051505763', 02, 59, 0, 0.00, ''),
('010218051505763', 02, 60, 0, 0.00, ''),
('010218051505763', 02, 61, 0, 0.00, ''),
('010218051505763', 02, 62, 0, 0.00, ''),
('010218051505763', 02, 63, 0, 0.00, ''),
('010218051505763', 02, 64, 0, 0.00, ''),
('010218051505763', 02, 65, 0, 0.00, ''),
('010218051505763', 02, 66, 0, 0.00, ''),
('010118052814727', 01, 1, 7, 86.20, ''),
('010118052814727', 01, 2, 7, 86.20, ''),
('010218052814727', 02, 3, 0, 0.00, ''),
('010218052814727', 02, 4, 0, 0.00, ''),
('010218052814727', 02, 5, 2, 4.00, ''),
('010218052814727', 02, 6, 0, 0.00, ''),
('010218052814727', 02, 7, 0, 0.00, ''),
('010218052814727', 02, 8, 0, 0.00, ''),
('010218052814727', 02, 9, 0, 0.00, ''),
('010218052814727', 02, 10, 0, 0.00, ''),
('010218052814727', 02, 11, 0, 0.00, ''),
('010218052814727', 02, 12, 0, 0.00, ''),
('010218052814727', 02, 13, 0, 0.00, ''),
('010218052814727', 02, 14, 0, 0.00, ''),
('010218052814727', 02, 15, 0, 0.00, ''),
('010218052814727', 02, 16, 0, 0.00, ''),
('010218052814727', 02, 17, 0, 0.00, ''),
('010218052814727', 02, 18, 0, 0.00, ''),
('010218052814727', 02, 19, 0, 0.00, ''),
('010218052814727', 02, 20, 2, 4.00, ''),
('010218052814727', 02, 21, 0, 36.00, ''),
('010218052814727', 02, 22, 3, 15.00, ''),
('010218052814727', 02, 23, 0, 0.00, ''),
('010218052814727', 02, 24, 0, 0.00, ''),
('010218052814727', 02, 25, 0, 0.00, ''),
('010218052814727', 02, 26, 0, 0.00, ''),
('010218052814727', 02, 27, 2, 10.00, ''),
('010218052814727', 02, 28, 1, 10.00, ''),
('010218052814727', 02, 29, 0, 0.00, ''),
('010218052814727', 02, 30, 0, 0.00, ''),
('010218052814727', 02, 31, 0, 0.00, ''),
('010218052814727', 02, 32, 0, 0.00, ''),
('010218052814727', 02, 33, 0, 0.00, ''),
('010218052814727', 02, 34, 0, 0.00, ''),
('010218052814727', 02, 35, 0, 0.00, ''),
('010218052814727', 02, 36, 1, 1.00, ''),
('010218052814727', 02, 37, 0, 0.00, ''),
('010218052814727', 02, 38, 0, 0.00, ''),
('010218052814727', 02, 39, 0, 0.00, ''),
('010218052814727', 02, 40, 0, 0.00, ''),
('010218052814727', 02, 41, 0, 0.00, ''),
('010218052814727', 02, 42, 0, 0.00, ''),
('010218052814727', 02, 43, 0, 0.00, ''),
('010218052814727', 02, 44, 0, 0.00, ''),
('010218052814727', 02, 45, 0, 0.00, ''),
('010218052814727', 02, 46, 0, 0.00, ''),
('010218052814727', 02, 47, 0, 0.00, ''),
('010218052814727', 02, 48, 0, 0.00, ''),
('010218052814727', 02, 49, 0, 0.00, ''),
('010218052814727', 02, 50, 0, 0.00, ''),
('010218052814727', 02, 51, 0, 0.00, ''),
('010218052814727', 02, 52, 0, 0.00, ''),
('010218052814727', 02, 53, 0, 0.00, ''),
('010218052814727', 02, 54, 0, 0.00, ''),
('010218052814727', 02, 55, 0, 0.00, ''),
('010218052814727', 02, 56, 0, 0.00, ''),
('010218052814727', 02, 57, 0, 0.00, ''),
('010218052814727', 02, 58, 0, 0.00, ''),
('010218052814727', 02, 59, 0, 0.00, ''),
('010218052814727', 02, 60, 0, 0.00, ''),
('010218052814727', 02, 61, 0, 0.00, ''),
('010218052814727', 02, 62, 0, 0.00, ''),
('010218052814727', 02, 63, 0, 0.00, ''),
('010218052814727', 02, 64, 0, 0.00, ''),
('010218052814727', 02, 65, 0, 0.00, ''),
('010218052814727', 02, 66, 0, 0.00, ''),
('010118052605842', 01, 1, 3, 19.20, ''),
('010118052605842', 01, 2, 3, 19.20, ''),
('010218052605842', 02, 3, 0, 0.00, ''),
('010218052605842', 02, 4, 0, 0.00, ''),
('010218052605842', 02, 5, 0, 0.00, ''),
('010218052605842', 02, 6, 0, 0.00, ''),
('010218052605842', 02, 7, 0, 0.00, ''),
('010218052605842', 02, 8, 0, 0.00, ''),
('010218052605842', 02, 9, 0, 0.00, ''),
('010218052605842', 02, 10, 0, 0.00, ''),
('010218052605842', 02, 11, 0, 0.00, ''),
('010218052605842', 02, 12, 0, 0.00, ''),
('010218052605842', 02, 13, 0, 0.00, ''),
('010218052605842', 02, 14, 0, 0.00, ''),
('010218052605842', 02, 15, 0, 0.00, ''),
('010218052605842', 02, 16, 0, 0.00, ''),
('010218052605842', 02, 17, 0, 0.00, ''),
('010218052605842', 02, 18, 0, 0.00, ''),
('010218052605842', 02, 19, 0, 0.00, ''),
('010218052605842', 02, 20, 0, 0.00, ''),
('010218052605842', 02, 21, 0, 50.00, ''),
('010218052605842', 02, 22, 5, 50.00, ''),
('010218052605842', 02, 23, 0, 0.00, ''),
('010218052605842', 02, 24, 0, 0.00, ''),
('010218052605842', 02, 25, 0, 0.00, ''),
('010218052605842', 02, 26, 0, 0.00, ''),
('010218052605842', 02, 27, 0, 0.00, ''),
('010218052605842', 02, 28, 0, 0.00, ''),
('010218052605842', 02, 29, 0, 0.00, ''),
('010218052605842', 02, 30, 0, 0.00, ''),
('010218052605842', 02, 31, 0, 0.00, ''),
('010218052605842', 02, 32, 0, 0.00, ''),
('010218052605842', 02, 33, 0, 0.00, ''),
('010218052605842', 02, 34, 0, 0.00, ''),
('010218052605842', 02, 35, 0, 0.00, ''),
('010218052605842', 02, 36, 0, 0.00, ''),
('010218052605842', 02, 37, 0, 0.00, ''),
('010218052605842', 02, 38, 0, 0.00, ''),
('010218052605842', 02, 39, 0, 0.00, ''),
('010218052605842', 02, 40, 0, 0.00, ''),
('010218052605842', 02, 41, 0, 0.00, ''),
('010218052605842', 02, 42, 0, 0.00, ''),
('010218052605842', 02, 43, 0, 0.00, ''),
('010218052605842', 02, 44, 0, 0.00, ''),
('010218052605842', 02, 45, 0, 0.00, ''),
('010218052605842', 02, 46, 0, 0.00, ''),
('010218052605842', 02, 47, 0, 0.00, ''),
('010218052605842', 02, 48, 0, 0.00, ''),
('010218052605842', 02, 49, 0, 0.00, ''),
('010218052605842', 02, 50, 0, 0.00, ''),
('010218052605842', 02, 51, 0, 0.00, ''),
('010218052605842', 02, 52, 0, 0.00, ''),
('010218052605842', 02, 53, 0, 0.00, ''),
('010218052605842', 02, 54, 0, 0.00, ''),
('010218052605842', 02, 55, 0, 0.00, ''),
('010218052605842', 02, 56, 0, 0.00, ''),
('010218052605842', 02, 57, 0, 0.00, ''),
('010218052605842', 02, 58, 0, 0.00, ''),
('010218052605842', 02, 59, 0, 0.00, ''),
('010218052605842', 02, 60, 0, 0.00, ''),
('010218052605842', 02, 61, 0, 0.00, ''),
('010218052605842', 02, 62, 0, 0.00, ''),
('010218052605842', 02, 63, 0, 0.00, ''),
('010218052605842', 02, 64, 0, 0.00, ''),
('010218052605842', 02, 65, 0, 0.00, ''),
('010218052605842', 02, 66, 0, 0.00, ''),
('010118052805842', 01, 1, 11, 63.60, ''),
('010118052805842', 01, 2, 11, 63.60, ''),
('010218052805842', 02, 3, 0, 0.00, ''),
('010218052805842', 02, 4, 0, 0.00, ''),
('010218052805842', 02, 5, 0, 0.00, ''),
('010218052805842', 02, 6, 0, 0.00, ''),
('010218052805842', 02, 7, 0, 0.00, ''),
('010218052805842', 02, 8, 0, 0.00, ''),
('010218052805842', 02, 9, 0, 0.00, ''),
('010218052805842', 02, 10, 0, 0.00, ''),
('010218052805842', 02, 11, 0, 0.00, ''),
('010218052805842', 02, 12, 0, 0.00, ''),
('010218052805842', 02, 13, 0, 0.00, ''),
('010218052805842', 02, 14, 0, 0.00, ''),
('010218052805842', 02, 15, 0, 0.00, ''),
('010218052805842', 02, 16, 0, 0.00, ''),
('010218052805842', 02, 17, 0, 0.00, ''),
('010218052805842', 02, 18, 0, 0.00, ''),
('010218052805842', 02, 19, 0, 0.00, ''),
('010218052805842', 02, 20, 0, 0.00, ''),
('010218052805842', 02, 21, 0, 12.00, ''),
('010218052805842', 02, 22, 0, 0.00, ''),
('010218052805842', 02, 23, 0, 0.00, ''),
('010218052805842', 02, 24, 0, 0.00, ''),
('010218052805842', 02, 25, 0, 0.00, ''),
('010218052805842', 02, 26, 0, 0.00, ''),
('010218052805842', 02, 27, 0, 0.00, ''),
('010218052805842', 02, 28, 0, 0.00, ''),
('010218052805842', 02, 29, 0, 0.00, ''),
('010218052805842', 02, 30, 0, 0.00, ''),
('010218052805842', 02, 31, 0, 0.00, ''),
('010218052805842', 02, 32, 0, 0.00, ''),
('010218052805842', 02, 33, 0, 0.00, ''),
('010218052805842', 02, 34, 0, 0.00, ''),
('010218052805842', 02, 35, 0, 0.00, ''),
('010218052805842', 02, 36, 0, 0.00, ''),
('010218052805842', 02, 37, 0, 0.00, ''),
('010218052805842', 02, 38, 0, 0.00, ''),
('010218052805842', 02, 39, 0, 0.00, ''),
('010218052805842', 02, 40, 0, 0.00, ''),
('010218052805842', 02, 41, 0, 0.00, ''),
('010218052805842', 02, 42, 0, 0.00, ''),
('010218052805842', 02, 43, 1, 12.00, ''),
('010218052805842', 02, 44, 0, 0.00, ''),
('010218052805842', 02, 45, 0, 0.00, ''),
('010218052805842', 02, 46, 0, 0.00, ''),
('010218052805842', 02, 47, 0, 0.00, ''),
('010218052805842', 02, 48, 0, 0.00, ''),
('010218052805842', 02, 49, 0, 0.00, ''),
('010218052805842', 02, 50, 0, 0.00, ''),
('010218052805842', 02, 51, 0, 0.00, ''),
('010218052805842', 02, 52, 0, 0.00, ''),
('010218052805842', 02, 53, 0, 0.00, ''),
('010218052805842', 02, 54, 0, 0.00, ''),
('010218052805842', 02, 55, 0, 0.00, ''),
('010218052805842', 02, 56, 0, 0.00, ''),
('010218052805842', 02, 57, 0, 0.00, ''),
('010218052805842', 02, 58, 0, 0.00, ''),
('010218052805842', 02, 59, 0, 0.00, ''),
('010218052805842', 02, 60, 0, 0.00, ''),
('010218052805842', 02, 61, 0, 0.00, ''),
('010218052805842', 02, 62, 0, 0.00, ''),
('010218052805842', 02, 63, 0, 0.00, ''),
('010218052805842', 02, 64, 0, 0.00, ''),
('010218052805842', 02, 65, 0, 0.00, ''),
('010218052805842', 02, 66, 0, 0.00, ''),
('010118053012668', 01, 1, 29, 148.30, ''),
('010118053012668', 01, 2, 29, 148.30, ''),
('010218053012668', 02, 3, 0, 0.00, ''),
('010218053012668', 02, 4, 0, 0.00, ''),
('010218053012668', 02, 5, 22, 60.00, ''),
('010218053012668', 02, 6, 0, 0.00, ''),
('010218053012668', 02, 7, 0, 0.00, ''),
('010218053012668', 02, 8, 0, 0.00, ''),
('010218053012668', 02, 9, 0, 0.00, ''),
('010218053012668', 02, 10, 2, 40.00, ''),
('010218053012668', 02, 11, 0, 0.00, ''),
('010218053012668', 02, 12, 0, 0.00, ''),
('010218053012668', 02, 13, 0, 0.00, ''),
('010218053012668', 02, 14, 0, 0.00, ''),
('010218053012668', 02, 15, 0, 0.00, ''),
('010218053012668', 02, 16, 0, 0.00, ''),
('010218053012668', 02, 17, 20, 20.00, ''),
('010218053012668', 02, 18, 0, 0.00, ''),
('010218053012668', 02, 19, 0, 0.00, ''),
('010218053012668', 02, 20, 0, 0.00, ''),
('010218053012668', 02, 21, 0, 596.00, ''),
('010218053012668', 02, 22, 16, 168.00, ''),
('010218053012668', 02, 23, 0, 0.00, ''),
('010218053012668', 02, 24, 0, 0.00, ''),
('010218053012668', 02, 25, 0, 0.00, ''),
('010218053012668', 02, 26, 0, 0.00, ''),
('010218053012668', 02, 27, 1, 8.00, ''),
('010218053012668', 02, 28, 1, 15.00, ''),
('010218053012668', 02, 29, 0, 0.00, ''),
('010218053012668', 02, 30, 7, 56.00, ''),
('010218053012668', 02, 31, 4, 55.00, ''),
('010218053012668', 02, 32, 0, 0.00, ''),
('010218053012668', 02, 33, 0, 0.00, ''),
('010218053012668', 02, 34, 0, 0.00, ''),
('010218053012668', 02, 35, 0, 0.00, ''),
('010218053012668', 02, 36, 16, 52.00, ''),
('010218053012668', 02, 37, 0, 0.00, ''),
('010218053012668', 02, 38, 2, 4.00, ''),
('010218053012668', 02, 39, 0, 0.00, ''),
('010218053012668', 02, 40, 3, 30.00, ''),
('010218053012668', 02, 41, 0, 0.00, ''),
('010218053012668', 02, 42, 7, 60.00, ''),
('010218053012668', 02, 43, 7, 72.00, ''),
('010218053012668', 02, 44, 0, 0.00, ''),
('010218053012668', 02, 45, 0, 0.00, ''),
('010218053012668', 02, 46, 7, 76.00, ''),
('010218053012668', 02, 47, 0, 0.00, ''),
('010218053012668', 02, 48, 0, 0.00, ''),
('010218053012668', 02, 49, 0, 0.00, ''),
('010218053012668', 02, 50, 0, 0.00, ''),
('010218053012668', 02, 51, 0, 0.00, ''),
('010218053012668', 02, 52, 0, 0.00, ''),
('010218053012668', 02, 53, 0, 0.00, ''),
('010218053012668', 02, 54, 0, 0.00, ''),
('010218053012668', 02, 55, 0, 0.00, ''),
('010218053012668', 02, 56, 0, 0.00, ''),
('010218053012668', 02, 57, 0, 0.00, ''),
('010218053012668', 02, 58, 0, 0.00, ''),
('010218053012668', 02, 59, 0, 0.00, ''),
('010218053012668', 02, 60, 0, 0.00, ''),
('010218053012668', 02, 61, 0, 0.00, ''),
('010218053012668', 02, 62, 0, 0.00, ''),
('010218053012668', 02, 63, 0, 0.00, ''),
('010218053012668', 02, 64, 0, 0.00, ''),
('010218053012668', 02, 65, 0, 0.00, ''),
('010218053012668', 02, 66, 0, 0.00, ''),
('010118051405763', 01, 1, 24, 135.60, ''),
('010118051405763', 01, 2, 24, 135.60, ''),
('010218051405763', 02, 3, 0, 0.00, ''),
('010218051405763', 02, 4, 0, 0.00, ''),
('010218051405763', 02, 5, 11, 94.00, ''),
('010218051405763', 02, 6, 0, 0.00, ''),
('010218051405763', 02, 7, 0, 0.00, ''),
('010218051405763', 02, 8, 0, 0.00, ''),
('010218051405763', 02, 9, 0, 0.00, ''),
('010218051405763', 02, 10, 4, 80.00, ''),
('010218051405763', 02, 11, 0, 0.00, ''),
('010218051405763', 02, 12, 0, 0.00, ''),
('010218051405763', 02, 13, 0, 0.00, ''),
('010218051405763', 02, 14, 7, 14.00, ''),
('010218051405763', 02, 15, 0, 0.00, ''),
('010218051405763', 02, 16, 0, 0.00, ''),
('010218051405763', 02, 17, 0, 0.00, ''),
('010218051405763', 02, 18, 0, 0.00, ''),
('010218051405763', 02, 19, 0, 0.00, ''),
('010218051405763', 02, 20, 0, 0.00, ''),
('010218051405763', 02, 21, 0, 312.00, ''),
('010218051405763', 02, 22, 9, 72.00, ''),
('010218051405763', 02, 23, 0, 0.00, ''),
('010218051405763', 02, 24, 0, 0.00, ''),
('010218051405763', 02, 25, 0, 0.00, ''),
('010218051405763', 02, 26, 0, 0.00, ''),
('010218051405763', 02, 27, 0, 0.00, ''),
('010218051405763', 02, 28, 1, 20.00, ''),
('010218051405763', 02, 29, 0, 0.00, ''),
('010218051405763', 02, 30, 0, 0.00, ''),
('010218051405763', 02, 31, 0, 0.00, ''),
('010218051405763', 02, 32, 0, 0.00, ''),
('010218051405763', 02, 33, 0, 0.00, ''),
('010218051405763', 02, 34, 0, 0.00, ''),
('010218051405763', 02, 35, 0, 0.00, ''),
('010218051405763', 02, 36, 4, 12.00, ''),
('010218051405763', 02, 37, 0, 0.00, ''),
('010218051405763', 02, 38, 0, 0.00, ''),
('010218051405763', 02, 39, 0, 0.00, ''),
('010218051405763', 02, 40, 2, 20.00, ''),
('010218051405763', 02, 41, 0, 0.00, ''),
('010218051405763', 02, 42, 6, 48.00, ''),
('010218051405763', 02, 43, 4, 36.00, ''),
('010218051405763', 02, 44, 0, 0.00, ''),
('010218051405763', 02, 45, 1, 10.00, ''),
('010218051405763', 02, 46, 2, 24.00, ''),
('010218051405763', 02, 47, 0, 0.00, ''),
('010218051405763', 02, 48, 0, 0.00, ''),
('010218051405763', 02, 49, 2, 70.00, ''),
('010218051405763', 02, 50, 0, 0.00, ''),
('010218051405763', 02, 51, 0, 0.00, ''),
('010218051405763', 02, 52, 0, 0.00, ''),
('010218051405763', 02, 53, 0, 0.00, ''),
('010218051405763', 02, 54, 0, 0.00, ''),
('010218051405763', 02, 55, 0, 0.00, ''),
('010218051405763', 02, 56, 0, 0.00, ''),
('010218051405763', 02, 57, 0, 0.00, ''),
('010218051405763', 02, 58, 0, 0.00, ''),
('010218051405763', 02, 59, 0, 0.00, ''),
('010218051405763', 02, 60, 0, 0.00, ''),
('010218051405763', 02, 61, 0, 0.00, ''),
('010218051405763', 02, 62, 0, 0.00, ''),
('010218051405763', 02, 63, 0, 0.00, ''),
('010218051405763', 02, 64, 0, 0.00, ''),
('010218051405763', 02, 65, 0, 0.00, ''),
('010218051405763', 02, 66, 0, 0.00, ''),
('010118053105791', 01, 1, 79, 281.40, ''),
('010118053105791', 01, 2, 79, 281.40, ''),
('010218053105791', 02, 3, 0, 0.00, ''),
('010218053105791', 02, 4, 0, 0.00, ''),
('010218053105791', 02, 5, 78, 238.00, ''),
('010218053105791', 02, 6, 0, 0.00, ''),
('010218053105791', 02, 7, 1, 30.00, ''),
('010218053105791', 02, 8, 0, 0.00, ''),
('010218053105791', 02, 9, 0, 0.00, ''),
('010218053105791', 02, 10, 17, 148.00, ''),
('010218053105791', 02, 11, 0, 0.00, ''),
('010218053105791', 02, 12, 0, 0.00, ''),
('010218053105791', 02, 13, 0, 0.00, ''),
('010218053105791', 02, 14, 60, 60.00, ''),
('010218053105791', 02, 15, 0, 0.00, ''),
('010218053105791', 02, 16, 0, 0.00, ''),
('010218053105791', 02, 17, 0, 0.00, ''),
('010218053105791', 02, 18, 0, 0.00, ''),
('010218053105791', 02, 19, 0, 0.00, ''),
('010218053105791', 02, 20, 0, 0.00, ''),
('010218053105791', 02, 21, 1, 1263.00, ''),
('010218053105791', 02, 22, 29, 298.00, ''),
('010218053105791', 02, 23, 0, 0.00, ''),
('010218053105791', 02, 24, 0, 0.00, ''),
('010218053105791', 02, 25, 0, 0.00, ''),
('010218053105791', 02, 26, 0, 0.00, ''),
('010218053105791', 02, 27, 3, 24.00, ''),
('010218053105791', 02, 28, 2, 35.00, ''),
('010218053105791', 02, 29, 13, 120.00, ''),
('010218053105791', 02, 30, 19, 152.00, ''),
('010218053105791', 02, 31, 1, 15.00, ''),
('010218053105791', 02, 32, 0, 0.00, ''),
('010218053105791', 02, 33, 0, 0.00, ''),
('010218053105791', 02, 34, 0, 0.00, ''),
('010218053105791', 02, 35, 0, 0.00, ''),
('010218053105791', 02, 36, 28, 88.00, ''),
('010218053105791', 02, 37, 1, 10.00, ''),
('010218053105791', 02, 38, 1, 2.00, ''),
('010218053105791', 02, 39, 0, 0.00, ''),
('010218053105791', 02, 40, 1, 10.00, ''),
('010218053105791', 02, 41, 0, 0.00, ''),
('010218053105791', 02, 42, 6, 48.00, ''),
('010218053105791', 02, 43, 0, 0.00, ''),
('010218053105791', 02, 44, 3, 24.00, ''),
('010218053105791', 02, 45, 2, 20.00, ''),
('010218053105791', 02, 46, 34, 381.00, ''),
('010218053105791', 02, 47, 0, 0.00, ''),
('010218053105791', 02, 48, 0, 0.00, ''),
('010218053105791', 02, 49, 0, 0.00, ''),
('010218053105791', 02, 50, 0, 0.00, ''),
('010218053105791', 02, 51, 0, 0.00, ''),
('010218053105791', 02, 52, 3, 36.00, ''),
('010218053105791', 02, 53, 0, 0.00, ''),
('010218053105791', 02, 54, 0, 0.00, ''),
('010218053105791', 02, 55, 0, 0.00, ''),
('010218053105791', 02, 56, 0, 0.00, ''),
('010218053105791', 02, 57, 0, 0.00, ''),
('010218053105791', 02, 58, 0, 0.00, ''),
('010218053105791', 02, 59, 0, 0.00, ''),
('010218053105791', 02, 60, 0, 0.00, ''),
('010218053105791', 02, 61, 0, 0.00, ''),
('010218053105791', 02, 62, 0, 0.00, ''),
('010218053105791', 02, 63, 0, 0.00, ''),
('010218053105791', 02, 64, 0, 0.00, ''),
('010218053105791', 02, 65, 0, 0.00, ''),
('010218053105791', 02, 66, 0, 0.00, ''),
('010118053005791', 01, 1, 79, 281.40, ''),
('010118053005791', 01, 2, 79, 281.40, ''),
('010218053005791', 02, 3, 0, 0.00, ''),
('010218053005791', 02, 4, 0, 0.00, ''),
('010218053005791', 02, 5, 78, 238.00, ''),
('010218053005791', 02, 6, 1, 30.00, ''),
('010218053005791', 02, 7, 0, 0.00, ''),
('010218053005791', 02, 8, 0, 0.00, ''),
('010218053005791', 02, 9, 0, 0.00, ''),
('010218053005791', 02, 10, 17, 148.00, ''),
('010218053005791', 02, 11, 0, 0.00, ''),
('010218053005791', 02, 12, 0, 0.00, ''),
('010218053005791', 02, 13, 0, 0.00, ''),
('010218053005791', 02, 14, 60, 60.00, ''),
('010218053005791', 02, 15, 0, 0.00, ''),
('010218053005791', 02, 16, 0, 0.00, ''),
('010218053005791', 02, 17, 0, 0.00, ''),
('010218053005791', 02, 18, 0, 0.00, ''),
('010218053005791', 02, 19, 0, 0.00, ''),
('010218053005791', 02, 20, 0, 0.00, ''),
('010218053005791', 02, 21, 1, 1253.00, ''),
('010218053005791', 02, 22, 29, 288.00, ''),
('010218053005791', 02, 23, 0, 0.00, ''),
('010218053005791', 02, 24, 0, 0.00, ''),
('010218053005791', 02, 25, 0, 0.00, ''),
('010218053005791', 02, 26, 0, 0.00, ''),
('010218053005791', 02, 27, 3, 24.00, ''),
('010218053005791', 02, 28, 2, 35.00, ''),
('010218053005791', 02, 29, 13, 120.00, ''),
('010218053005791', 02, 30, 19, 152.00, ''),
('010218053005791', 02, 31, 1, 15.00, ''),
('010218053005791', 02, 32, 0, 0.00, ''),
('010218053005791', 02, 33, 0, 0.00, ''),
('010218053005791', 02, 34, 0, 0.00, ''),
('010218053005791', 02, 35, 0, 0.00, ''),
('010218053005791', 02, 36, 28, 88.00, ''),
('010218053005791', 02, 37, 1, 10.00, ''),
('010218053005791', 02, 38, 1, 2.00, ''),
('010218053005791', 02, 39, 0, 0.00, ''),
('010218053005791', 02, 40, 1, 10.00, ''),
('010218053005791', 02, 41, 0, 0.00, ''),
('010218053005791', 02, 42, 6, 48.00, ''),
('010218053005791', 02, 43, 0, 0.00, ''),
('010218053005791', 02, 44, 3, 24.00, ''),
('010218053005791', 02, 45, 2, 20.00, ''),
('010218053005791', 02, 46, 34, 381.00, ''),
('010218053005791', 02, 47, 0, 0.00, ''),
('010218053005791', 02, 48, 0, 0.00, ''),
('010218053005791', 02, 49, 0, 0.00, ''),
('010218053005791', 02, 50, 0, 0.00, ''),
('010218053005791', 02, 51, 0, 0.00, ''),
('010218053005791', 02, 52, 3, 36.00, ''),
('010218053005791', 02, 53, 0, 0.00, ''),
('010218053005791', 02, 54, 0, 0.00, ''),
('010218053005791', 02, 55, 0, 0.00, ''),
('010218053005791', 02, 56, 0, 0.00, ''),
('010218053005791', 02, 57, 0, 0.00, ''),
('010218053005791', 02, 58, 0, 0.00, ''),
('010218053005791', 02, 59, 0, 0.00, ''),
('010218053005791', 02, 60, 0, 0.00, ''),
('010218053005791', 02, 61, 0, 0.00, ''),
('010218053005791', 02, 62, 0, 0.00, ''),
('010218053005791', 02, 63, 0, 0.00, ''),
('010218053005791', 02, 64, 0, 0.00, ''),
('010218053005791', 02, 65, 0, 0.00, ''),
('010218053005791', 02, 66, 0, 0.00, ''),
('010118052812668', 01, 1, 2, 20.00, ''),
('010118052812668', 01, 2, 2, 20.00, ''),
('010218052812668', 02, 3, 0, 0.00, ''),
('010218052812668', 02, 4, 0, 0.00, ''),
('010218052812668', 02, 5, 2, 4.00, ''),
('010218052812668', 02, 6, 0, 0.00, ''),
('010218052812668', 02, 7, 0, 0.00, ''),
('010218052812668', 02, 8, 0, 0.00, ''),
('010218052812668', 02, 9, 0, 0.00, ''),
('010218052812668', 02, 10, 0, 0.00, ''),
('010218052812668', 02, 11, 0, 0.00, ''),
('010218052812668', 02, 12, 0, 0.00, ''),
('010218052812668', 02, 13, 0, 0.00, ''),
('010218052812668', 02, 14, 2, 4.00, ''),
('010218052812668', 02, 15, 0, 0.00, ''),
('010218052812668', 02, 16, 0, 0.00, ''),
('010218052812668', 02, 17, 0, 0.00, ''),
('010218052812668', 02, 18, 0, 0.00, ''),
('010218052812668', 02, 19, 0, 0.00, ''),
('010218052812668', 02, 20, 0, 0.00, ''),
('010218052812668', 02, 21, 0, 16.00, ''),
('010218052812668', 02, 22, 1, 8.00, ''),
('010218052812668', 02, 23, 0, 0.00, ''),
('010218052812668', 02, 24, 0, 0.00, ''),
('010218052812668', 02, 25, 0, 0.00, ''),
('010218052812668', 02, 26, 0, 0.00, ''),
('010218052812668', 02, 27, 0, 0.00, ''),
('010218052812668', 02, 28, 0, 0.00, ''),
('010218052812668', 02, 29, 0, 0.00, ''),
('010218052812668', 02, 30, 0, 0.00, ''),
('010218052812668', 02, 31, 0, 0.00, ''),
('010218052812668', 02, 32, 0, 0.00, ''),
('010218052812668', 02, 33, 0, 0.00, ''),
('010218052812668', 02, 34, 0, 0.00, ''),
('010218052812668', 02, 35, 0, 0.00, ''),
('010218052812668', 02, 36, 0, 0.00, ''),
('010218052812668', 02, 37, 0, 0.00, ''),
('010218052812668', 02, 38, 0, 0.00, ''),
('010218052812668', 02, 39, 0, 0.00, ''),
('010218052812668', 02, 40, 0, 0.00, ''),
('010218052812668', 02, 41, 0, 0.00, ''),
('010218052812668', 02, 42, 1, 8.00, ''),
('010218052812668', 02, 43, 0, 0.00, ''),
('010218052812668', 02, 44, 0, 0.00, ''),
('010218052812668', 02, 45, 0, 0.00, ''),
('010218052812668', 02, 46, 0, 0.00, ''),
('010218052812668', 02, 47, 0, 0.00, ''),
('010218052812668', 02, 48, 0, 0.00, ''),
('010218052812668', 02, 49, 0, 0.00, ''),
('010218052812668', 02, 50, 0, 0.00, ''),
('010218052812668', 02, 51, 0, 0.00, ''),
('010218052812668', 02, 52, 0, 0.00, ''),
('010218052812668', 02, 53, 0, 0.00, ''),
('010218052812668', 02, 54, 0, 0.00, ''),
('010218052812668', 02, 55, 0, 0.00, ''),
('010218052812668', 02, 56, 0, 0.00, ''),
('010218052812668', 02, 57, 0, 0.00, ''),
('010218052812668', 02, 58, 0, 0.00, ''),
('010218052812668', 02, 59, 0, 0.00, ''),
('010218052812668', 02, 60, 0, 0.00, ''),
('010218052812668', 02, 61, 0, 0.00, ''),
('010218052812668', 02, 62, 0, 0.00, ''),
('010218052812668', 02, 63, 0, 0.00, ''),
('010218052812668', 02, 64, 0, 0.00, ''),
('010218052812668', 02, 65, 0, 0.00, ''),
('010218052812668', 02, 66, 0, 0.00, '');

-- --------------------------------------------------------

--
-- Estructura de tabla para la tabla `lrecaudacion_tipo`
--

CREATE TABLE IF NOT EXISTS `lrecaudacion_tipo` (
  `LRECTIP_ID` int(2) unsigned zerofill NOT NULL,
  `LRECTIP_NOMBRE` varchar(50) DEFAULT NULL,
  `LRECTIP_ALIAS` varchar(50) DEFAULT NULL,
  `LRECTIP_ESTADO` int(11) DEFAULT NULL
) ENGINE=MyISAM DEFAULT CHARSET=latin1;

--
-- Volcado de datos para la tabla `lrecaudacion_tipo`
--

INSERT INTO `lrecaudacion_tipo` (`LRECTIP_ID`, `LRECTIP_NOMBRE`, `LRECTIP_ALIAS`, `LRECTIP_ESTADO`) VALUES
(01, 'MEDICAMENTOS', 'SISMED', 1),
(02, 'RECURSOS DIRECTAMENTE RECAUDADOS', 'R.D.R', 1);

-- --------------------------------------------------------

--
-- Estructura de tabla para la tabla `lreporte`
--

CREATE TABLE IF NOT EXISTS `lreporte` (
  `LREP_ID` int(2) unsigned zerofill DEFAULT NULL,
  `LREP_NOMBRE` varchar(50) DEFAULT NULL,
  `LREP_ESTADO` char(1) DEFAULT NULL
) ENGINE=MyISAM DEFAULT CHARSET=latin1;

--
-- Volcado de datos para la tabla `lreporte`
--

INSERT INTO `lreporte` (`LREP_ID`, `LREP_NOMBRE`, `LREP_ESTADO`) VALUES
(01, 'REPORTE DE BOLETAS DEPOSITADAS DIARIAS', '1'),
(02, 'REPORTE DE BOLETAS DEPOSITADAS RESUMEN', '1'),
(03, 'REPORTE DE RECIBO DE INGRESOS', '1'),
(04, 'REPORTE DE CONSOLIDADO DE RECUDACION POR DEPOSITO', '1');

-- --------------------------------------------------------

--
-- Estructura de tabla para la tabla `mauditor`
--

CREATE TABLE IF NOT EXISTS `mauditor` (
  `MAUD_ID` int(11) NOT NULL,
  `MUSU_ID` int(11) DEFAULT NULL,
  `MAUD_FECREG` date DEFAULT NULL,
  `MAUD_ESTADO` varchar(50) DEFAULT NULL
) ENGINE=MyISAM DEFAULT CHARSET=latin1;

-- --------------------------------------------------------

--
-- Estructura de tabla para la tabla `mobjeto`
--

CREATE TABLE IF NOT EXISTS `mobjeto` (
  `MOBJ_ID` int(2) unsigned zerofill NOT NULL,
  `MOBJ_ALIAS` varchar(50) DEFAULT NULL,
  `MOBJ_NOMBRE` varchar(50) DEFAULT NULL,
  `MOBJ_ENLACE` varchar(50) DEFAULT NULL,
  `MOBJ_ICON` varchar(50) DEFAULT NULL,
  `MOBJ_PADRE` int(2) unsigned zerofill DEFAULT NULL,
  `MOBJ_ORDEN` int(11) DEFAULT NULL,
  `MOBJ_ESTADO` int(11) DEFAULT NULL
) ENGINE=MyISAM DEFAULT CHARSET=latin1;

--
-- Volcado de datos para la tabla `mobjeto`
--

INSERT INTO `mobjeto` (`MOBJ_ID`, `MOBJ_ALIAS`, `MOBJ_NOMBRE`, `MOBJ_ENLACE`, `MOBJ_ICON`, `MOBJ_PADRE`, `MOBJ_ORDEN`, `MOBJ_ESTADO`) VALUES
(01, 'Formato', 'Formatos', '', 'fa fa-angle-right', 00, 1, 1),
(02, 'Rec_diaria', 'Recaudacion Diaria', 'formato', 'fa fa-edit', 01, 1, 1),
(04, 'Reportes', 'Reportes', '', 'fa fa-angle-right', 00, 2, 1),
(05, 'Rep_general', 'Reporte General', 'reportegeneral', 'fa fa-table', 04, 1, 1),
(06, 'Cons_reg', 'Consulta Registro', 'consultaregistros', 'fa fa-neuter', 04, 2, 1),
(07, 'Mantenimiento', 'Mantenimiento', '', 'fa fa-angle-right', 00, 3, 1),
(08, 'Dat_usu', 'Datos de Usuario', 'perfil', 'fa fa-pencil', 07, 1, 1),
(09, 'Perf', 'Perfiles', 'perfiles', 'fa fa-paperclip', 07, 2, 1),
(10, 'Usuario', 'Usuario', 'usuario&mode=load', 'fa fa-user', 07, 3, 1),
(03, 'All_Rec', 'Todas las recaudaciones', 'todosformatos', 'fa fa-list-alt', 01, 2, 1),
(11, 'Graficos', 'Estadisticas', 'estadisticas', 'fa fa-table', 04, 3, 1);

-- --------------------------------------------------------

--
-- Estructura de tabla para la tabla `mperfil`
--

CREATE TABLE IF NOT EXISTS `mperfil` (
  `MPERF_ID` int(2) unsigned zerofill NOT NULL,
  `MPERF_ROL` varchar(50) DEFAULT NULL,
  `MPERF_NOMBRE` varchar(50) DEFAULT NULL,
  `MPERF_DESCRIPCION` varchar(250) DEFAULT NULL,
  `MPERF_FECIN` datetime DEFAULT NULL,
  `MPERF_HOST` varchar(20) DEFAULT NULL,
  `MPERF_USERIN` varchar(50) DEFAULT NULL,
  `MPERF_ESTADO` int(11) unsigned DEFAULT NULL
) ENGINE=MyISAM AUTO_INCREMENT=6 DEFAULT CHARSET=latin1;

--
-- Volcado de datos para la tabla `mperfil`
--

INSERT INTO `mperfil` (`MPERF_ID`, `MPERF_ROL`, `MPERF_NOMBRE`, `MPERF_DESCRIPCION`, `MPERF_FECIN`, `MPERF_HOST`, `MPERF_USERIN`, `MPERF_ESTADO`) VALUES
(01, 'ADMINISTRADOR', 'ADMINISTRADOR DE SISTEMAS', 'ADMINISTRADOR CON ACCESO TOTAL DEL SISTEMA', '2018-04-06 00:00:00', '172.16.20.19', 'ADMIN', 1),
(02, 'ADMINISTRADOR DE TESORERIA', 'ADMINISTRADOR DE TESORERIA', 'ADMINISTRADOR CON ACCESO  DEL SISTEMA A NIVEL DE DIRIS LIMA NORTE', '2018-05-13 16:25:29', '192.168.0.150', 'jivancplml@gmail.com', 1),
(03, 'REGISTRADOR ESTABLECIMIENTO', 'REGISTRADOR ESTABLECIMIENTO', 'REGISTRADOS DE INFORMACION EN EL SISTEMA', '2018-05-20 18:27:43', '192.168.0.150', 'jivancplml@gmail.com', 1),
(04, 'REPORTES', 'REPORTES', 'PERFIL SOLO DE REPORTES', '2018-05-13 16:30:03', '192.168.0.150', 'jivancplml@gmail.com', 1),
(05, 'MANTENIMIENTO', 'MANTENIMIENTO', 'PERFIL CON ACCESO A MANTENIMIENTO', '2018-05-13 16:30:20', '192.168.0.150', 'jivancplml@gmail.com', 1);

-- --------------------------------------------------------

--
-- Estructura de tabla para la tabla `mpermiso`
--

CREATE TABLE IF NOT EXISTS `mpermiso` (
  `MPERM_ID` int(4) unsigned zerofill NOT NULL,
  `MPERF_ID` int(2) unsigned zerofill DEFAULT NULL,
  `MOBJ_ID` int(2) unsigned zerofill DEFAULT NULL,
  `MPERM_TIP` varchar(50) DEFAULT NULL,
  `MPERM_ESTADO` int(11) DEFAULT NULL
) ENGINE=MyISAM AUTO_INCREMENT=543 DEFAULT CHARSET=latin1;

--
-- Volcado de datos para la tabla `mpermiso`
--

INSERT INTO `mpermiso` (`MPERM_ID`, `MPERF_ID`, `MOBJ_ID`, `MPERM_TIP`, `MPERM_ESTADO`) VALUES
(0001, 01, 01, 'MENU', 1),
(0002, 01, 01, 'VER', 1),
(0003, 01, 01, 'CREAR', 1),
(0004, 01, 01, 'ACTUALIZAR', 1),
(0005, 01, 01, 'ELIMINAR', 1),
(0006, 01, 02, 'MENU', 1),
(0007, 01, 02, 'VER', 1),
(0008, 01, 02, 'CREAR', 1),
(0009, 01, 02, 'ACTUALIZAR', 1),
(0010, 01, 02, 'ELIMINAR', 1),
(0011, 01, 03, 'MENU', 1),
(0012, 01, 03, 'VER', 1),
(0013, 01, 03, 'CREAR', 1),
(0014, 01, 03, 'ACTUALIZAR', 1),
(0015, 01, 03, 'ELIMINAR', 1),
(0016, 01, 04, 'MENU', 1),
(0017, 01, 04, 'VER', 1),
(0018, 01, 04, 'CREAR', 1),
(0019, 01, 04, 'ACTUALIZAR', 1),
(0020, 01, 04, 'ELIMINAR', 1),
(0021, 01, 05, 'MENU', 1),
(0022, 01, 05, 'VER', 1),
(0023, 01, 05, 'CREAR', 1),
(0024, 01, 05, 'ACTUALIZAR', 1),
(0025, 01, 05, 'ELIMINAR', 1),
(0031, 01, 07, 'MENU', 1),
(0032, 01, 07, 'VER', 1),
(0033, 01, 07, 'CREAR', 1),
(0034, 01, 07, 'ACTUALIZAR', 1),
(0035, 01, 07, 'ELIMINAR', 1),
(0036, 01, 08, 'MENU', 1),
(0037, 01, 08, 'VER', 1),
(0038, 01, 08, 'CREAR', 1),
(0039, 01, 08, 'ACTUALIZAR', 1),
(0040, 01, 08, 'ELIMINAR', 1),
(0041, 01, 09, 'MENU', 1),
(0042, 01, 09, 'VER', 1),
(0043, 01, 09, 'CREAR', 1),
(0044, 01, 09, 'ACTUALIZAR', 1),
(0045, 01, 09, 'ELIMINAR', 1),
(0385, 02, 05, 'CREAR', 1),
(0384, 02, 05, 'VER', 1),
(0383, 02, 05, 'MENU', 1),
(0477, 04, 05, 'ELIMINAR', 1),
(0363, 02, 01, 'MENU', 1),
(0056, 01, 10, 'MENU', 1),
(0057, 01, 10, 'VER', 1),
(0058, 01, 10, 'CREAR', 1),
(0059, 01, 10, 'ACTUALIZAR', 1),
(0060, 01, 10, 'ELIMINAR', 1),
(0476, 04, 05, 'ACTUALIZAR', 1),
(0475, 04, 05, 'CREAR', 1),
(0474, 04, 05, 'VER', 1),
(0382, 02, 04, 'ELIMINAR', 1),
(0381, 02, 04, 'ACTUALIZAR', 1),
(0380, 02, 04, 'CREAR', 1),
(0379, 02, 04, 'VER', 1),
(0378, 02, 04, 'MENU', 1),
(0377, 02, 03, 'ELIMINAR', 1),
(0376, 02, 03, 'ACTUALIZAR', 1),
(0375, 02, 03, 'CREAR', 1),
(0374, 02, 03, 'VER', 1),
(0373, 02, 03, 'MENU', 1),
(0372, 02, 02, 'ELIMINAR', 1),
(0371, 02, 02, 'ACTUALIZAR', 1),
(0370, 02, 02, 'CREAR', 1),
(0369, 02, 02, 'VER', 1),
(0368, 02, 02, 'MENU', 1),
(0473, 04, 05, 'MENU', 1),
(0472, 04, 04, 'ELIMINAR', 1),
(0471, 04, 04, 'ACTUALIZAR', 1),
(0470, 04, 04, 'CREAR', 1),
(0469, 04, 04, 'VER', 1),
(0468, 04, 04, 'MENU', 1),
(0367, 02, 01, 'ELIMINAR', 1),
(0366, 02, 01, 'ACTUALIZAR', 1),
(0365, 02, 01, 'CREAR', 1),
(0364, 02, 01, 'VER', 1),
(0512, 05, 10, 'ELIMINAR', 1),
(0511, 05, 10, 'ACTUALIZAR', 1),
(0510, 05, 10, 'CREAR', 1),
(0509, 05, 10, 'VER', 1),
(0508, 05, 10, 'MENU', 1),
(0507, 05, 09, 'ELIMINAR', 1),
(0506, 05, 09, 'ACTUALIZAR', 1),
(0505, 05, 09, 'CREAR', 1),
(0504, 05, 09, 'VER', 1),
(0503, 05, 09, 'MENU', 1),
(0502, 05, 08, 'ELIMINAR', 1),
(0501, 05, 08, 'ACTUALIZAR', 1),
(0500, 05, 08, 'CREAR', 1),
(0499, 05, 08, 'VER', 1),
(0498, 05, 08, 'MENU', 1),
(0497, 05, 07, 'ELIMINAR', 1),
(0496, 05, 07, 'ACTUALIZAR', 1),
(0495, 05, 07, 'CREAR', 1),
(0494, 05, 07, 'VER', 1),
(0493, 05, 07, 'MENU', 1),
(0386, 02, 05, 'ACTUALIZAR', 1),
(0387, 02, 05, 'ELIMINAR', 1),
(0393, 02, 07, 'MENU', 1),
(0394, 02, 07, 'VER', 1),
(0395, 02, 07, 'CREAR', 1),
(0396, 02, 07, 'ACTUALIZAR', 1),
(0397, 02, 07, 'ELIMINAR', 1),
(0398, 02, 08, 'MENU', 1),
(0399, 02, 08, 'VER', 1),
(0400, 02, 08, 'CREAR', 1),
(0401, 02, 08, 'ACTUALIZAR', 1),
(0402, 02, 08, 'ELIMINAR', 1),
(0403, 02, 09, 'MENU', 1),
(0404, 02, 09, 'VER', 1),
(0405, 02, 09, 'CREAR', 1),
(0406, 02, 09, 'ACTUALIZAR', 1),
(0407, 02, 09, 'ELIMINAR', 1),
(0408, 02, 10, 'MENU', 1),
(0409, 02, 10, 'VER', 1),
(0410, 02, 10, 'CREAR', 1),
(0411, 02, 10, 'ACTUALIZAR', 1),
(0412, 02, 10, 'ELIMINAR', 1),
(0537, 03, 08, 'ELIMINAR', 1),
(0536, 03, 08, 'ACTUALIZAR', 1),
(0535, 03, 08, 'CREAR', 1),
(0534, 03, 08, 'VER', 1),
(0533, 03, 08, 'MENU', 1),
(0532, 03, 07, 'ELIMINAR', 1),
(0531, 03, 07, 'ACTUALIZAR', 1),
(0530, 03, 07, 'CREAR', 1),
(0529, 03, 07, 'VER', 1),
(0528, 03, 07, 'MENU', 1),
(0527, 03, 03, 'ELIMINAR', 1),
(0526, 03, 03, 'ACTUALIZAR', 1),
(0525, 03, 03, 'CREAR', 1),
(0524, 03, 03, 'VER', 1),
(0523, 03, 03, 'MENU', 1),
(0522, 03, 02, 'ELIMINAR', 1),
(0521, 03, 02, 'ACTUALIZAR', 1),
(0520, 03, 02, 'CREAR', 1),
(0519, 03, 02, 'VER', 1),
(0518, 03, 02, 'MENU', 1),
(0517, 03, 01, 'ELIMINAR', 1),
(0516, 03, 01, 'ACTUALIZAR', 1),
(0515, 03, 01, 'CREAR', 1),
(0514, 03, 01, 'VER', 1),
(0513, 03, 01, 'MENU', 1),
(0483, 04, 07, 'MENU', 1),
(0484, 04, 07, 'VER', 1),
(0485, 04, 07, 'CREAR', 1),
(0486, 04, 07, 'ACTUALIZAR', 1),
(0487, 04, 07, 'ELIMINAR', 1),
(0488, 04, 08, 'MENU', 1),
(0489, 04, 08, 'VER', 1),
(0490, 04, 08, 'CREAR', 1),
(0491, 04, 08, 'ACTUALIZAR', 1),
(0492, 04, 08, 'ELIMINAR', 1);

-- --------------------------------------------------------

--
-- Estructura de tabla para la tabla `musuario`
--

CREATE TABLE IF NOT EXISTS `musuario` (
  `MUSU_ID` int(11) NOT NULL,
  `MUSU_LOGIN` varchar(50) DEFAULT NULL,
  `MUSU_PASSWORD` varchar(50) DEFAULT NULL,
  `MUSU_NOMBRES` varchar(300) DEFAULT NULL,
  `MUSU_FECINI` date DEFAULT NULL,
  `MUSU_FECVEN` date DEFAULT NULL,
  `MUSU_TELEFONO` varchar(50) DEFAULT NULL,
  `MUSU_CORREO` varchar(50) DEFAULT NULL,
  `MUSU_USERIN` varchar(50) DEFAULT NULL,
  `MUSU_IMG` varchar(70) DEFAULT NULL,
  `MUSU_FECIN` date DEFAULT NULL,
  `MUSU_HOST` varchar(50) DEFAULT NULL,
  `MUSU_ESTADO` int(11) DEFAULT NULL,
  `MPERF_ID` int(2) unsigned zerofill DEFAULT NULL,
  `NESTA_RENAES` int(5) unsigned zerofill DEFAULT NULL
) ENGINE=MyISAM AUTO_INCREMENT=103 DEFAULT CHARSET=latin1;

--
-- Volcado de datos para la tabla `musuario`
--

INSERT INTO `musuario` (`MUSU_ID`, `MUSU_LOGIN`, `MUSU_PASSWORD`, `MUSU_NOMBRES`, `MUSU_FECINI`, `MUSU_FECVEN`, `MUSU_TELEFONO`, `MUSU_CORREO`, `MUSU_USERIN`, `MUSU_IMG`, `MUSU_FECIN`, `MUSU_HOST`, `MUSU_ESTADO`, `MPERF_ID`, `NESTA_RENAES`) VALUES
(1, 'jivancplml@gmail.com', 'jiwKbeoxGk8Y6', 'IVAN JORGE CRUZ PEÑA', '2018-04-06', '2018-12-06', '964153832', 'jivancplmlm@gmail.com', NULL, 'user_man.png', '2018-04-06', '172.16.0.3', 1, 01, 00000),
(2, 'luisbasurto@gmail.com', 'luDEzCixD28UM', 'JOSE LUIS BASURTO ', '2018-04-16', '2018-12-12', '991584597', NULL, NULL, 'user_woman.png', '2018-04-16', '172.16.0.3', 0, 02, 00000),
(3, 'addemo@gmail.com', 'adrla7IBSfTZQ', 'CARLOS QUISPE ORE', '2018-04-23', NULL, '958690239', NULL, NULL, NULL, NULL, NULL, 0, 03, 05794),
(4, 'jivancplml@gmail.com', 'jiwKbeoxGk8Y6', 'IVAN JORGE CRUZ PEÑA', NULL, NULL, '', NULL, NULL, NULL, NULL, NULL, 0, 03, 00000),
(5, '23132@gsafsd.dsfsd', '235QkRJTXcpFI', NULL, NULL, NULL, NULL, NULL, NULL, NULL, NULL, NULL, 0, 01, 05791),
(6, 'sdfsd@sfsd.fsdfsdf', '', 'SFSDFD', NULL, NULL, '9959565', NULL, NULL, NULL, '2018-05-03', NULL, 0, 03, 05791),
(7, '1235@dsadas.asdas', '12S9Nimssyhng', 'JUAN DE LA CRUZ DEL POZO', NULL, NULL, '97654879', NULL, NULL, NULL, NULL, NULL, 0, 03, 05769),
(8, 'HUIJ@GMAAIL.COM', 'HUFmtzzZcx5To', 'EDMUNDO FLORES', NULL, NULL, '123456789', 'HUIJ@GMAAIL.COM', NULL, 'user_man.png', NULL, NULL, 0, 02, 05772),
(9, 'IJIJIJ@hotmail.com', 'IJ27diVF8dmbc', 'JUAN ', NULL, NULL, '123', 'IJIJIJ@hotmail.com', NULL, 'user_man.png', NULL, NULL, 0, 03, 07138),
(10, 'demo@gmail.com', 'dea.OW80TdGP2', 'DEMO', NULL, NULL, '999999999', 'demo@gmail.com', NULL, 'user_man.png', NULL, NULL, 0, 03, 05788),
(11, 'jdcruzp11@gmail.com', 'jdshCmCGn/v3k', 'JORGE DAVID', NULL, NULL, '98987786', 'jdcruzp11@gmail.com', NULL, 'user_man.png', NULL, NULL, 0, 03, 05802),
(12, 'sofia@gmail.com', 'soa7GXr8d/ra6', 'SOFIA GUTIERREZ', NULL, NULL, '987987897', 'sofia@gmail.com', NULL, 'user_man.png', NULL, NULL, 0, 03, 05791),
(13, 'jbsb01@hotmail.com', 'jbDNGwJX8.48g', 'JUANABLANCA SILVERA BAUTISTA', NULL, NULL, '959855667', 'jbsb01@hotmail.com', NULL, 'user_man.png', NULL, NULL, 1, 02, 00000),
(14, 'jc_1022@hotmail.com', 'jcosYJp2ipWLk', 'JUAN CARLOS GARCIA HERNANDEZ', NULL, NULL, '957350209', 'jc_1022@hotmail.com', NULL, 'user_man.png', NULL, NULL, 1, 02, 00000),
(15, 'jose_bt@hotmail.es', 'jouGcK3iSoL2Y', 'JOSE LUIS BASURTO TRIGOS', NULL, NULL, '991584597', 'jose_bt@hotmail.es', NULL, 'user_man.png', NULL, NULL, 1, 01, 00000),
(16, 'zenon_valdivia@hotmail.com', 'zeuJW1lAof/jo', 'ZENON GUILLERMO VALDIVIA MELENDEZ', NULL, NULL, '929563404', 'zenon_valdivia@hotmail.com', NULL, 'user_man.png', NULL, NULL, 1, 03, 05755),
(17, 'recaudaciondiris@gmail.com', 'rebxP.lqOj9v.', 'JOSE LUIS BASURTO T.', NULL, NULL, '01 201 1353', 'recaudaciondiris@gmail.com', NULL, 'user_man.png', NULL, NULL, 1, 03, 05798),
(18, 'irispillaca_2000@hotmail.com', 'ir9jAMBtLQG4U', 'IRIS SOLEDAD PILLACA QUISPE', NULL, NULL, '983324965', 'irispillaca_2000@hotmail.com', NULL, 'user_man.png', NULL, NULL, 1, 03, 07735),
(19, 'cmi.tahuantinsuyo.bajo@gmail.com', 'cmgy/XiGHa672', 'ROSA HILDA LUJAN ROJAS', NULL, NULL, '995809208', 'cmi.tahuantinsuyo.bajo@gmail.com', NULL, 'user_man.png', NULL, NULL, 1, 03, 05791),
(20, 'sandraq58@hotmail.com', 'salGcKhb7ueAM', 'SANDRA QUEZADA QUIROZ', NULL, NULL, '993095773', 'sandraq58@hotmail.com', NULL, 'user_man.png', NULL, NULL, 1, 03, 05824),
(21, 'anace530@hotmail.com', 'anBFFi3m/pfOo', 'ANA CECIBELL RIVERA ALVARADO', NULL, NULL, '945436465', 'anace530@hotmail.com', NULL, 'user_man.png', NULL, NULL, 1, 03, 05756),
(22, 'joanbave2010@hotmail.com', 'jo01yit7OzzI6', 'JENNY ROSA VENTURO RUIZ', NULL, NULL, '972076634', 'joanbave2010@hotmail.com', NULL, 'user_man.png', NULL, NULL, 1, 03, 05819),
(23, 'bethsangulo@hotmail.com', 'bez3OLdO.Zh7.', 'BETHS ANGULO MORIANO', NULL, NULL, '989285727', 'bethsangulo@hotmail.com', NULL, 'user_man.png', NULL, NULL, 1, 03, 05821),
(24, 'pilar_2189@hotmail.com', 'pi8QxZdywhF.o', 'CARMEN DEL PILAR RUMICHE PEñA DE QUISPE', NULL, NULL, '991887051', 'pilar_2189@hotmail.com', NULL, 'user_man.png', NULL, NULL, 1, 03, 21104),
(25, 'santiagochacon53@outlook.com', 'saEF79UpIES6A', 'FELIPE SANTIAGO CHACON TAPIA', NULL, NULL, '996378426', 'santiagochacon53@outlook.com', NULL, 'user_man.png', NULL, NULL, 1, 03, 05816),
(26, 'biologamery@hotmail.com', 'bit0/1O2qzzdw', 'MARIO PONCE GOMEZ', NULL, NULL, '966631211', 'biologamery@hotmail.com', NULL, 'user_man.png', NULL, NULL, 1, 03, 05754),
(27, 'yolandaflores_nd@hotmail.com', 'yo97c4rEpPyAI', 'YOLANDA NANCI FLORES VASQUEZ', NULL, NULL, '957963816', 'yolandaflores_nd@hotmail.com', NULL, 'user_man.png', NULL, NULL, 1, 03, 14727),
(28, 'utrillaenma@gmail.com', 'utt4YrmfYOdVc', 'ENMA UTRILLA TARAZONA', NULL, NULL, '987795662', 'utrillaenma@gmail.com', NULL, 'user_man.png', NULL, NULL, 1, 03, 05734),
(29, 'morylia57@gmail.com', 'moxB4KhlNYe6g', 'MARITZA LIA MORY LAMAS', NULL, NULL, '998873963', 'morylia57@gmail.com', NULL, 'user_man.png', NULL, NULL, 1, 03, 05790),
(30, 'meyjhey@hotmail.com', 'meEeMhRk8/z1E', 'MARIA MEYLIN MOSTACERO BURGOS', NULL, NULL, '996741830', 'meyjhey@hotmail.com', NULL, 'user_man.png', NULL, NULL, 1, 03, 05825),
(31, 'alidact@hotmail.com', 'altuS1KIYZ/uM', 'ALIDA NORMA COZ TAPIA', NULL, NULL, '987315597', 'alidact@hotmail.com', NULL, 'user_man.png', NULL, NULL, 1, 03, 05814),
(32, 'y_ponce19@hotmail.com', 'y_14QKxKBB8Dk', 'FANY YSABEL YNFANTES PONCE', NULL, NULL, '959540436', 'y_ponce19@hotmail.com', NULL, 'user_man.png', NULL, NULL, 1, 03, 05737),
(33, 'moises.azabache@gmail.com', 'modeetWxl0GFk', 'MOISES AZABACHE SANCHEZ', NULL, NULL, '991410399', 'moises.azabache@gmail.com', NULL, 'user_man.png', NULL, NULL, 1, 03, 05764),
(34, 'ijmv3011@gmail.com', 'ijLPkFoLcynx.', 'ISABEL MARIñOS VASQUEZ ', NULL, NULL, '990132672', 'ijmv3011@gmail.com', NULL, 'user_man.png', NULL, NULL, 1, 03, 05815),
(35, 'GUEVARAFLORESLLOY@gmail.com', 'GUMmxTM4wobJI', 'LLOY GUEVARA FLORES', NULL, NULL, '969797383', 'GUEVARAFLORESLLOY@gmail.com', NULL, 'user_man.png', NULL, NULL, 1, 03, 05759),
(38, 'lidiayapo@hotmail.com', 'liO2LrjrEC3nw', 'LIDIA YAPO LUPACA', NULL, NULL, '', 'lidiayapo@hotmail.com', NULL, 'user_man.png', NULL, NULL, 1, 03, 05817),
(39, 'gherrerapa35@hotmail.com', 'gh3F8jgrTMl8M', 'GREGORY HERRERA PALACIOS', NULL, NULL, '922257083', 'gherrerapa35@hotmail.com', NULL, 'user_man.png', NULL, NULL, 1, 03, 05758),
(40, 'lacsjess@gmail.com', 'laqUJJabAJKl.', 'LICCY AZARELI CAMACHO SIGUAS', NULL, NULL, '988301526', 'lacsjess@gmail.com', NULL, 'user_man.png', NULL, NULL, 1, 03, 05787),
(41, 'bustinza1604@gmail.com', 'bunaq1SQ2vVh2', 'MARCELINA BUSTINZA QUISPE', NULL, NULL, '998954303', 'bustinza1604@gmail.com', NULL, 'user_man.png', NULL, NULL, 1, 03, 05739),
(42, 'merry020302@hotmail.com', 'mec87YIYBVhU.', 'ANTONIA OCHOA ROJAS', NULL, NULL, '998005951', 'merry020302@hotmail.com', NULL, 'user_man.png', NULL, NULL, 1, 03, 05735),
(43, 'hecorvento@hotmail.com', 'hebjgPj9fEUko', 'HECTOR  FLORENTINO VENTOSILLA CANALES', NULL, NULL, '997147811', 'hecorvento@hotmail.com', NULL, 'user_man.png', NULL, NULL, 0, 03, 05793),
(44, 'ariela_0601@hotmail.com', 'arXp8nfk2vP1w', 'ARIELA FERNANDEZ MEJIA ', NULL, NULL, '956669046', 'ariela_0601@hotmail.com', NULL, 'user_man.png', NULL, NULL, 1, 03, 05763),
(45, 'hectorvento@hotmail.com', 'hebjgPj9fEUko', 'HECTOR FLORENTINO VENTOSILLA CANALES', NULL, NULL, '997147811', 'hectorvento@hotmail.com', NULL, 'user_man.png', NULL, NULL, 1, 03, 05793),
(46, 'amandalopezv1955@gmail.com', 'ame056aLfbhaI', 'AMANDA LOPEZ VALDIZAN ', NULL, NULL, '978072975', 'amandalopezv1955@gmail.com', NULL, 'user_man.png', NULL, NULL, 1, 03, 05786),
(47, 'bailonamarica@hotmail.com', 'ba06.yDNUTL7s', 'LUZ AMERICA BAILON REYES', NULL, NULL, '957683666', 'bailonamarica@hotmail.com', NULL, 'user_man.png', NULL, NULL, 0, 03, 05757),
(48, 'bailonamerica@hotmail.com', 'ba06.yDNUTL7s', 'LUZ AMERICA BAILON REYES', NULL, NULL, '957683666', 'bailonamerica@hotmail.com', NULL, 'user_man.png', NULL, NULL, 1, 03, 05757),
(49, 'borjapastranamarisol@hotmail.com', 'boSpmOJ8H8btY', 'BERNA MARISOL BORJA PASTRANA', NULL, NULL, '950270324', 'borjapastranamarisol@hotmail.com', NULL, 'user_man.png', NULL, NULL, 1, 03, 05738),
(50, 'carolstephanycs@gmail.com', 'caAoa/jc0rCjY', 'CAROL STEPHANY CASTILLO SALCEDO', NULL, NULL, '997898524', 'carolstephanycs@gmail.com', NULL, 'user_man.png', NULL, NULL, 1, 03, 05761),
(51, 'gcvilma2@gmail.com', 'gclNOvNyXqHjA', 'VILMA GOMEZ CUADROS', NULL, NULL, '947573087', 'gcvilma2@gmail.com', NULL, 'user_man.png', NULL, NULL, 1, 03, 05740),
(52, 'yordana29@hotmail.com', 'yoNhPyjAf9sZY', 'JISSETH YORDANA VASQUEZ GUZMAN', NULL, NULL, '961802497', 'yordana29@hotmail.com', NULL, 'user_man.png', NULL, NULL, 1, 03, 05822),
(53, 'villasdeanconps@gmail.com', 'vik3fbrlpG5ls', 'GAUDENCIA MAUTINO HUARCAS', NULL, NULL, '979890123', 'villasdeanconps@gmail.com', NULL, 'user_man.png', NULL, NULL, 1, 03, 16525),
(54, 'mchavezdiaz13@gmail.com', 'mcDG7vC6u4Eqg', 'MARTIN ALBERTO CHAVEZ DIAZ', NULL, NULL, '928065274', 'mchavezdiaz13@gmail.com', NULL, 'user_man.png', NULL, NULL, 1, 03, 05765),
(55, 'juanitaalbino@gmail.com', 'ju0oZCStfFJgI', 'JUANA ESPIRITA ALBINO CASTILLO', NULL, NULL, '940741640', 'juanitaalbino@gmail.com', NULL, 'user_man.png', NULL, NULL, 0, 03, 05772),
(56, 'juanitaalbino@hotmail.com', 'ju0oZCStfFJgI', 'ESPIRITA JUANA ALBINO CASTILLO', NULL, NULL, '940741640', 'juanitaalbino@hotmail.com', NULL, 'user_man.png', NULL, NULL, 1, 03, 05772),
(57, 'ludivaldivia2@gmail.com', 'luZv7GLD0COy.', 'LUDY SARA VALDIVIA TRUJILLO', NULL, NULL, '948197654', 'ludivaldivia2@gmail.com', NULL, 'user_man.png', NULL, NULL, 0, 03, 05792),
(58, 'ritasoledad1216@gmail.com', 'ri2se0UirLtrU', 'ESPINOZA CRUZADO RITA SOLEDAD', NULL, NULL, '944441667', 'ritasoledad1216@gmail.com', NULL, 'user_man.png', NULL, NULL, 1, 03, 05767),
(59, 'ludivaldivia2@gmail.coy', 'luXIo2wbOp0Ec', 'LUDY SARA VALDIVIA TRUJILLO', NULL, NULL, '948197654', 'ludivaldivia2@gmail.coy', NULL, 'user_man.png', NULL, NULL, 0, 03, 05792),
(60, 'eusebia141201@hotmail.com', 'euWTTWS.uLLyc', 'EUSEBIA CARRION MORALES', NULL, NULL, '992009428', 'eusebia141201@hotmail.com', NULL, 'user_man.png', NULL, NULL, 1, 03, 05760),
(61, 'ludyvaldivia2@gmail.com', 'luXIo2wbOp0Ec', 'LUDY SARA VALDIVIA TRUJILLO', NULL, NULL, '948197654', 'ludyvaldivia2@gmail.com', NULL, 'user_man.png', NULL, NULL, 1, 03, 05792),
(62, 'elsacubillas22@gmail.com', 'elZi1hawdlpj.', 'ELSA LUCILA CUBILLAS FERNANDEZ', NULL, NULL, '971106280', 'elsacubillas22@gmail.com', NULL, 'user_man.png', NULL, NULL, 1, 03, 05770),
(63, 'anyelica777@hotmail.com', 'anUiU0rozOZ4E', 'ANGELICA CRISTINA COSSIO PERALDO', NULL, NULL, '991766529', 'anyelica777@hotmail.com', NULL, 'user_man.png', NULL, NULL, 1, 03, 06886),
(64, 'csolis140786@gmail.com', 'csUKrwq6twoRw', 'CARLOS BERNARDO SOLIS ARANDA', NULL, NULL, '962965762', 'csolis140786@gmail.com', NULL, 'user_man.png', NULL, NULL, 1, 03, 10633),
(65, 'nellyalvarado1168@hotmail.com', 'ned0fC8WfiWWg', 'NELLY MUñOZ ALVARADO', NULL, NULL, '977131036', 'nellyalvarado1168@hotmail.com', NULL, 'user_man.png', NULL, NULL, 1, 03, 05773),
(66, 'chizat30@gmail.com', 'chcWq98ATzz5.', 'LUIS PONCE VALVERDE', NULL, NULL, '952504338', 'chizat30@gmail.com', NULL, 'user_man.png', NULL, NULL, 1, 03, 05820),
(67, 'ynesgonzaleszelada@gmail.com', 'yndpQVqwBhx6E', 'YNES GONZALES ZELADA', NULL, NULL, '', 'ynesgonzaleszelada@gmail.com', NULL, 'user_man.png', NULL, NULL, 1, 03, 05741),
(68, 'pamela_lumy@hotmail.com', 'paq6poflyfguU', 'PAMELA OJEDA BARBOZA', NULL, NULL, '992822491', 'pamela_lumy@hotmail.com', NULL, 'user_man.png', NULL, NULL, 1, 03, 05771),
(69, 'carmen0050_@hotmail.com', 'caCZrhn5MJ5TA', 'CARMEN URIVE VELIZ', NULL, NULL, '990787029', 'carmen0050_@hotmail.com', NULL, 'user_man.png', NULL, NULL, 0, 03, 12668),
(70, 'pssanbenito@gmail.com', 'pseVl3AkYTGKY', 'MILAGROS VICTORIA MOYA PARIONA', NULL, NULL, '989658200', 'pssanbenito@gmail.com', NULL, 'user_man.png', NULL, NULL, 1, 03, 07138),
(71, 'chavel_isa11@hotmail.com', 'chXUpJNRiKQJQ', 'ISABEL PICON CAMPO', NULL, NULL, '987903250', 'chavel_isa11@hotmail.com', NULL, 'user_man.png', NULL, NULL, 1, 03, 05762),
(72, 'carmen_0050@hotmail.com', 'caCZrhn5MJ5TA', 'CARMEN URIVE VELIZ', NULL, NULL, '990787029', 'carmen_0050@hotmail.com', NULL, 'user_man.png', NULL, NULL, 1, 03, 12668),
(73, 'ludith_ms@hotmail.es', 'lu/cQeU9peOWY', 'LUDITH MOLERO SALAS', NULL, NULL, '930553251', 'ludith_ms@hotmail.es', NULL, 'user_man.png', NULL, NULL, 1, 03, 05753),
(74, 'mzpacheco@gmail.com', 'mzrLTUIXsKn2Q', 'MARIA ESTHER ZEGARRA PACHECO', NULL, NULL, '941974157', 'mzpacheco@gmail.com', NULL, 'user_man.png', NULL, NULL, 0, 03, 05788),
(75, 'mzpacheco98@gmail.com', 'mzrLTUIXsKn2Q', 'MARIA ESTHER ZEGARRA PACHECO', NULL, NULL, '941974157', 'mzpacheco98@gmail.com', NULL, 'user_man.png', NULL, NULL, 1, 03, 05788),
(76, 'ludi48@hotmail.com', 'lulx2qgp61rfw', 'LOURDES CHATE  HUAMAN', NULL, NULL, '957349324', 'ludi48@hotmail.com', NULL, 'user_man.png', NULL, NULL, 1, 03, 07684),
(77, 'lch25565@gmail.com', 'lcsuc2HHA.UeU', 'ADELMA HUAMAN ESPINOZA', NULL, NULL, '982940286', 'lch25565@gmail.com', NULL, 'user_man.png', NULL, NULL, 1, 03, 05769),
(78, 'giovanirondon@hotmail.com', 'givkPn1DaHMi.', 'ALDO RONDON DE LA CRUZ', NULL, NULL, '948432895', 'giovanirondon@hotmail.com', NULL, 'user_man.png', NULL, NULL, 1, 03, 05644),
(79, 'xivivi_17@hotmail.com', 'xinZkj85BgdBU', 'NANCY LOPEZ ESPEJO', NULL, NULL, '997685360', 'xivivi_17@hotmail.com', NULL, 'user_man.png', NULL, NULL, 1, 03, 05752),
(80, 'luz_dts_0711@hotmaill.com', 'lu81.85roVavY', 'LUZ DE LA CRUZ SOSA', NULL, NULL, '995551476', 'luz_dts_0711@hotmaill.com', NULL, 'user_man.png', NULL, NULL, 1, 03, 05643),
(81, 'muso1175@hotmail.com', 'muUelce5bR8g.', 'MOISES SULCA MENDOZA', NULL, NULL, '976499430', 'muso1175@hotmail.com', NULL, 'user_man.png', NULL, NULL, 1, 03, 05748),
(82, 'normanina2015@hotmail.com', 'nokbNCX6A2hXs', 'NORMA IRENE NINA HERRERA', NULL, NULL, '979784227', 'normanina2015@hotmail.com', NULL, 'user_man.png', NULL, NULL, 1, 03, 05742),
(83, 'susydu27@hotmail.com', 'suBrbazQLhJWQ', 'SUSANA DIAZ UBALDO', NULL, NULL, '943214260', 'susydu27@hotmail.com', NULL, 'user_man.png', NULL, NULL, 1, 03, 05749),
(84, 'margachel@gmail.com', 'maF.2T9GvXReQ', 'MARGARITA CHELA CASTRO ANCO', NULL, NULL, '986812091', 'margachel@gmail.com', NULL, 'user_man.png', NULL, NULL, 1, 03, 05804),
(85, 'dennishuamanvallejo@gmail.com', 'deIr2zTEVZeIw', 'DENNIS HUAMAN VALLEJO', NULL, NULL, '965968499', 'dennishuamanvallejo@gmail.com', NULL, 'user_man.png', NULL, NULL, 1, 03, 05745),
(86, 'briana_100913@hotmail.com', 'brgs7vavccXx.', 'WENDY VALENZUELA QUINTANA', NULL, NULL, '993843800', 'briana_100913@hotmail.com', NULL, 'user_man.png', NULL, NULL, 1, 03, 05797),
(87, 'amigamery_57@hotmail.com', 'amGzCxX3atEr6', 'MERY LUZ SOTO MUCHA', NULL, NULL, '937480947', 'amigamery_57@hotmail.com', NULL, 'user_man.png', NULL, NULL, 1, 03, 05796),
(88, 'eventurah@hotmail.com', 'evt.hdy0a50lA', 'EVA VENTURA HERNANDEZ', NULL, NULL, '988802833', 'eventurah@hotmail.com', NULL, 'user_man.png', NULL, NULL, 1, 03, 05809),
(89, 'emilyve4@hotmail.com', 'emh.im5RgFaQ2', 'OLIMPIA EMILIA LARA VELEZMORO', NULL, NULL, '946775485', 'emilyve4@hotmail.com', NULL, 'user_man.png', NULL, NULL, 1, 03, 05800),
(90, 'isabelguerra_1@hotmail.com', 'isz8vxFISkF26', 'ELENA YSABEL GUERRA ERAZO', NULL, NULL, '987014017', 'isabelguerra_1@hotmail.com', NULL, 'user_man.png', NULL, NULL, 1, 03, 11891),
(91, 'luisaav2611@gmail.com', 'luusKxri526v.', 'LUISA ALEJANDRA VELARDE SIGUAS', NULL, NULL, '951854487', 'luisaav2611@gmail.com', NULL, 'user_man.png', NULL, NULL, 1, 03, 05842),
(92, 'lilfarrell2h@gmail.com', 'liddoU5xyaRo6', 'ANDERSON ABARCA TRIGOS', NULL, NULL, '96977491', 'lilfarrell2h@gmail.com', NULL, 'user_man.png', NULL, NULL, 1, 03, 05812),
(93, 'janet2926@hotmail.com', 'jak/fIjEBlkvw', 'JANET RODRIGUEZ PEREZ', NULL, NULL, '965800517', 'janet2926@hotmail.com', NULL, 'user_man.png', NULL, NULL, 1, 03, 05751),
(94, 'rafaelrios_24@hotmail.com', 'raVvwHrP4YO4s', 'RAFAEL ORTIZ RIOS', NULL, NULL, '993935107', 'rafaelrios_24@hotmail.com', NULL, 'user_man.png', NULL, NULL, 1, 03, 05750),
(95, 'joshla_75@hotmail.com', 'jozf9Kvm60ZRA', 'MERCEDEZ TARAZONA REYES', NULL, NULL, '995000959', 'joshla_75@hotmail.com', NULL, 'user_man.png', NULL, NULL, 1, 03, 05808),
(96, 'cgcmuni@hotmail.com', 'cg4QF4NinH3rI', 'CATHERINE  GRACE CASTAGNE NORIEGA', NULL, NULL, '957602485', 'cgcmuni@hotmail.com', NULL, 'user_man.png', NULL, NULL, 1, 03, 05805),
(97, 'jass130@hotmail.com', 'jaBG5PFOVcxYY', 'BEATRIZ SANGAMA VASQUEZ', NULL, NULL, '', 'jass130@hotmail.com', NULL, 'user_man.png', NULL, NULL, 1, 03, 05801),
(98, 'sabinajeri@hotmail.com', 'samWxUgfSfEfc', 'SABINA ALICIA JERI SANCHO', NULL, NULL, '950297874', 'sabinajeri@hotmail.com', NULL, 'user_man.png', NULL, NULL, 1, 03, 05736),
(99, 'dersypintado1595@hotmail.com', 'deJNpo7tnE.Yk', 'DERSY  PINTADO GARCIA', NULL, NULL, '939545777', 'dersypintado1595@hotmail.com', NULL, 'user_man.png', NULL, NULL, 1, 03, 05798),
(100, 'liliczu@hotmail.com', 'liZlmP5lS.hf6', 'LILIANA CHAUCA ZUñIGA', NULL, NULL, '986701360', 'liliczu@hotmail.com', NULL, 'user_man.png', NULL, NULL, 1, 03, 05823),
(101, 'jessica2_j@hotmail.com', 'jeZJchtBCw.pQ', 'JESSICA MARIBEL TASAYCO PILCO', NULL, NULL, '997345594', 'jessica2_j@hotmail.com', NULL, 'user_man.png', NULL, NULL, 1, 03, 05818),
(102, 'jimm14am@gmail.com', 'jiuyUrEqU5Vj6', 'JIMMY ARRIETA  MARTEL', NULL, NULL, '989296314', 'jimm14am@gmail.com', NULL, 'user_man.png', NULL, NULL, 1, 03, 05806);

-- --------------------------------------------------------

--
-- Estructura de tabla para la tabla `ndepartamento`
--

CREATE TABLE IF NOT EXISTS `ndepartamento` (
  `NDEPA_ID` int(2) unsigned zerofill NOT NULL,
  `NPAIS_ID` varchar(2) DEFAULT NULL,
  `NDEPA_NOMBRE` varchar(200) DEFAULT NULL,
  `NDEPA_ORDEN` int(11) DEFAULT NULL,
  `NDEPA_ESTADO` int(11) DEFAULT NULL
) ENGINE=MyISAM DEFAULT CHARSET=latin1;

--
-- Volcado de datos para la tabla `ndepartamento`
--

INSERT INTO `ndepartamento` (`NDEPA_ID`, `NPAIS_ID`, `NDEPA_NOMBRE`, `NDEPA_ORDEN`, `NDEPA_ESTADO`) VALUES
(00, '0', 'NINGUNO', 0, 0),
(01, 'PE', 'AMAZONAS', 1, 0),
(02, 'PE', 'ANCASH', 2, 0),
(03, 'PE', 'APURIMAC', 3, 0),
(04, 'PE', 'AREQUIPA', 4, 0),
(05, 'PE', 'AYACUCHO', 5, 0),
(06, 'PE', 'CAJAMARCA', 6, 0),
(07, 'PE', 'CALLAO', 7, 0),
(08, 'PE', 'CUSCO', 8, 0),
(09, 'PE', 'HUANCAVELICA', 9, 0),
(10, 'PE', 'HUANUCO', 10, 0),
(11, 'PE', 'ICA', 11, 0),
(12, 'PE', 'JUNIN', 12, 0),
(13, 'PE', 'LA LIBERTAD', 13, 0),
(14, 'PE', 'LAMBAYEQUE', 14, 0),
(15, 'PE', 'LIMA', 15, 1),
(16, 'PE', 'LORETO', 16, 0),
(17, 'PE', 'MADRE DE DIOS', 17, 0),
(18, 'PE', 'MOQUEGUA', 18, 0),
(19, 'PE', 'PASCO', 19, 0),
(20, 'PE', 'PIURA', 20, 0),
(21, 'PE', 'PUNO', 21, 0),
(22, 'PE', 'SAN MARTIN', 22, 0),
(23, 'PE', 'TACNA', 23, 0),
(24, 'PE', 'TUMBES', 24, 0),
(25, 'PE', 'UCAYALI', 25, 0);

-- --------------------------------------------------------

--
-- Estructura de tabla para la tabla `ndistrito`
--

CREATE TABLE IF NOT EXISTS `ndistrito` (
  `NDIST_ID` int(6) unsigned zerofill NOT NULL,
  `NPROV_ID` int(4) unsigned zerofill DEFAULT NULL,
  `NDIST_NOMBRE` varchar(200) DEFAULT NULL,
  `NDIST_ORDEN` int(11) DEFAULT NULL,
  `NDIST_ESTADO` int(11) DEFAULT NULL
) ENGINE=MyISAM DEFAULT CHARSET=latin1;

--
-- Volcado de datos para la tabla `ndistrito`
--

INSERT INTO `ndistrito` (`NDIST_ID`, `NPROV_ID`, `NDIST_NOMBRE`, `NDIST_ORDEN`, `NDIST_ESTADO`) VALUES
(000000, 0000, 'NINGUNO', 0, 0),
(010101, 0101, 'CHACHAPOYAS', 1, 0),
(010102, 0101, 'ASUNCION', 2, 0),
(010103, 0101, 'BALSAS', 3, 0),
(010104, 0101, 'CHETO', 4, 0),
(010105, 0101, 'CHILIQUIN', 5, 0),
(010106, 0101, 'CHUQUIBAMBA', 6, 0),
(010107, 0101, 'GRANADA', 7, 0),
(010108, 0101, 'HUANCAS', 8, 0),
(010109, 0101, 'LA JALCA', 9, 0),
(010110, 0101, 'LEIMEBAMBA', 10, 0),
(010111, 0101, 'LEVANTO', 11, 0),
(010112, 0101, 'MAGDALENA', 12, 0),
(010113, 0101, 'MARISCAL CASTILLA', 13, 0),
(010114, 0101, 'MOLINOPAMPA', 14, 0),
(010115, 0101, 'MONTEVIDEO', 15, 0),
(010116, 0101, 'OLLEROS', 16, 0),
(010117, 0101, 'QUINJALCA', 17, 0),
(010118, 0101, 'SAN FRANCISCO DE DAGUAS', 18, 0),
(010119, 0101, 'SAN ISIDRO DE MAINO', 19, 0),
(010120, 0101, 'SOLOCO', 20, 0),
(010121, 0101, 'SONCHE', 21, 0),
(010201, 0102, 'LA PECA', 22, 0),
(010202, 0102, 'ARAMANGO', 23, 0),
(010203, 0102, 'COPALLIN', 24, 0),
(010204, 0102, 'EL PARCO', 25, 0),
(010205, 0102, 'IMAZA', 26, 0),
(010301, 0103, 'JUMBILLA', 27, 0),
(010302, 0103, 'CHISQUILLA', 28, 0),
(010303, 0103, 'CHURUJA', 29, 0),
(010304, 0103, 'COROSHA', 30, 0),
(010305, 0103, 'CUISPES', 31, 0),
(010306, 0103, 'FLORIDA', 32, 0),
(010307, 0103, 'JAZAN', 33, 0),
(010308, 0103, 'RECTA', 34, 0),
(010309, 0103, 'SAN CARLOS', 35, 0),
(010310, 0103, 'SHIPASBAMBA', 36, 0),
(010311, 0103, 'VALERA', 37, 0),
(010312, 0103, 'YAMBRASBAMBA', 38, 0),
(010401, 0104, 'NIEVA', 39, 0),
(010402, 0104, 'EL CENEPA', 40, 0),
(010403, 0104, 'RIO SANTIAGO', 41, 0),
(010501, 0105, 'LAMUD', 42, 0),
(010502, 0105, 'CAMPORRENDONDO', 43, 0),
(010503, 0105, 'COCABAMBA', 44, 0),
(010504, 0105, 'COLCAMAR', 45, 0),
(010505, 0105, 'CONILA', 46, 0),
(010506, 0105, 'INGUILPATA', 47, 0),
(010507, 0105, 'LONGUITA', 48, 0),
(010508, 0105, 'LONYA CHICO', 49, 0),
(010509, 0105, 'LUYA', 50, 0),
(010510, 0105, 'LUYA VIEJO', 51, 0),
(010511, 0105, 'MARIA', 52, 0),
(010512, 0105, 'OCALLI', 53, 0),
(010513, 0105, 'OCUMAL', 54, 0),
(010514, 0105, 'PISUQUIA', 55, 0),
(010515, 0105, 'PROVIDENCIA', 56, 0),
(010516, 0105, 'SAN CRISTOBAL', 57, 0),
(010517, 0105, 'SAN FRANCISCO DE YESO', 58, 0),
(010518, 0105, 'SAN JERONIMO', 59, 0),
(010519, 0105, 'SAN JUAN DE LOPECANCHA', 60, 0),
(010520, 0105, 'SANTA CATALINA', 61, 0),
(010521, 0105, 'SANTO TOMAS', 62, 0),
(010522, 0105, 'TINGO', 63, 0),
(010523, 0105, 'TRITA', 64, 0),
(010601, 0106, 'SAN NICOLAS', 65, 0),
(010602, 0106, 'CHIRIMOTO', 66, 0),
(010603, 0106, 'COCHAMAL', 67, 0),
(010604, 0106, 'HUAMBO', 68, 0),
(010605, 0106, 'LIMABAMBA', 69, 0),
(010606, 0106, 'LONGAR', 70, 0),
(010607, 0106, 'MARISCAL BENAVIDES', 71, 0),
(010608, 0106, 'MILPUC', 72, 0),
(010609, 0106, 'OMIA', 73, 0),
(010610, 0106, 'SANTA ROSA', 74, 0),
(010611, 0106, 'TOTORA', 75, 0),
(010612, 0106, 'VISTA ALEGRE', 76, 0),
(010701, 0107, 'BAGUA GRANDE', 77, 0),
(010702, 0107, 'CAJARURO', 78, 0),
(010703, 0107, 'CUMBA', 79, 0),
(010704, 0107, 'EL MILAGRO', 80, 0),
(010705, 0107, 'JAMALCA', 81, 0),
(010706, 0107, 'LONYA GRANDE', 82, 0),
(010707, 0107, 'YAMON', 83, 0),
(020101, 0201, 'HUARAZ', 84, 0),
(020102, 0201, 'COCHABAMBA', 85, 0),
(020103, 0201, 'COLCABAMBA', 86, 0),
(020104, 0201, 'HUANCHAY', 87, 0),
(020105, 0201, 'INDEPENDENCIA', 88, 0),
(020106, 0201, 'JANGAS', 89, 0),
(020107, 0201, 'LA LIBERTAD', 90, 0),
(020108, 0201, 'OLLEROS', 91, 0),
(020109, 0201, 'PAMPAS', 92, 0),
(020110, 0201, 'PARIACOTO', 93, 0),
(020111, 0201, 'PIRA', 94, 0),
(020112, 0201, 'TARICA', 95, 0),
(020201, 0202, 'AIJA', 96, 0),
(020202, 0202, 'CORIS', 97, 0),
(020203, 0202, 'HUACLLAN', 98, 0),
(020204, 0202, 'LA MERCED', 99, 0),
(020205, 0202, 'SUCCHA', 100, 0),
(020301, 0203, 'LLAMELLIN', 101, 0),
(020302, 0203, 'ACZO', 102, 0),
(020303, 0203, 'CHACCHO', 103, 0),
(020304, 0203, 'CHINGAS', 104, 0),
(020305, 0203, 'MIRGAS', 105, 0),
(020306, 0203, 'SAN JUAN DE RONTOY', 106, 0),
(020401, 0204, 'CHACAS', 107, 0),
(020402, 0204, 'ACOCHACA', 108, 0),
(020501, 0205, 'CHIQUIAN', 109, 0),
(020502, 0205, 'ABELARDO PARDO LEZAMETA', 110, 0),
(020503, 0205, 'ANTONIO RAYMONDI', 111, 0),
(020504, 0205, 'AQUIA', 112, 0),
(020505, 0205, 'CAJACAY', 113, 0),
(020506, 0205, 'CANIS', 114, 0),
(020507, 0205, 'COLQUIOC', 115, 0),
(020508, 0205, 'HUALLANCA', 116, 0),
(020509, 0205, 'HUASTA', 117, 0),
(020510, 0205, 'HUAYLLACAYAN', 118, 0),
(020511, 0205, 'LA PRIMAVERA', 119, 0),
(020512, 0205, 'MANGAS', 120, 0),
(020513, 0205, 'PACLLON', 121, 0),
(020514, 0205, 'SAN MIGUEL DE CORPANQUI', 122, 0),
(020515, 0205, 'TICLLOS', 123, 0),
(020601, 0206, 'CARHUAZ', 124, 0),
(020602, 0206, 'ACOPAMPA', 125, 0),
(020603, 0206, 'AMASHCA', 126, 0),
(020604, 0206, 'ANTA', 127, 0),
(020605, 0206, 'ATAQUERO', 128, 0),
(020606, 0206, 'MARCARA', 129, 0),
(020607, 0206, 'PARIAHUANCA', 130, 0),
(020608, 0206, 'SAN MIGUEL DE ACO', 131, 0),
(020609, 0206, 'SHILLA', 132, 0),
(020610, 0206, 'TINCO', 133, 0),
(020611, 0206, 'YUNGAR', 134, 0),
(020701, 0207, 'SAN LUIS', 135, 0),
(020702, 0207, 'SAN NICOLAS', 136, 0),
(020703, 0207, 'YAUYA', 137, 0),
(020801, 0208, 'CASMA', 138, 0),
(020802, 0208, 'BUENA VISTA ALTA', 139, 0),
(020803, 0208, 'COMANDANTE NOEL', 140, 0),
(020804, 0208, 'YAUTAN', 141, 0),
(020901, 0209, 'CORONGO', 142, 0),
(020902, 0209, 'ACO', 143, 0),
(020903, 0209, 'BAMBAS', 144, 0),
(020904, 0209, 'CUSCA', 145, 0),
(020905, 0209, 'LA PAMPA', 146, 0),
(020906, 0209, 'YANAC', 147, 0),
(020907, 0209, 'YUPAN', 148, 0),
(021001, 0210, 'HUARI', 149, 0),
(021002, 0210, 'ANRA', 150, 0),
(021003, 0210, 'CAJAY', 151, 0),
(021004, 0210, 'CHAVIN DE HUANTAR', 152, 0),
(021005, 0210, 'HUACACHI', 153, 0),
(021006, 0210, 'HUACCHIS', 154, 0),
(021007, 0210, 'HUACHIS', 155, 0),
(021008, 0210, 'HUANTAR', 156, 0),
(021009, 0210, 'MASIN', 157, 0),
(021010, 0210, 'PAUCAS', 158, 0),
(021011, 0210, 'PONTO', 159, 0),
(021012, 0210, 'RAHUAPAMPA', 160, 0),
(021013, 0210, 'RAPAYAN', 161, 0),
(021014, 0210, 'SAN MARCOS', 162, 0),
(021015, 0210, 'SAN PEDRO DE CHANA', 163, 0),
(021016, 0210, 'UCO', 164, 0),
(021101, 0211, 'HUARMEY', 165, 0),
(021102, 0211, 'COCHAPETI', 166, 0),
(021103, 0211, 'CULEBRAS', 167, 0),
(021104, 0211, 'HUAYAN', 168, 0),
(021105, 0211, 'MALVAS', 169, 0),
(021201, 0212, 'CARAZ', 170, 0),
(021202, 0212, 'HUALLANCA', 171, 0),
(021203, 0212, 'HUATA', 172, 0),
(021204, 0212, 'HUAYLAS', 173, 0),
(021205, 0212, 'MATO', 174, 0),
(021206, 0212, 'PAMPAROMAS', 175, 0),
(021207, 0212, 'PUEBLO LIBRE', 176, 0),
(021208, 0212, 'SANTA CRUZ', 177, 0),
(021209, 0212, 'SANTO TORIBIO', 178, 0),
(021210, 0212, 'YURACMARCA', 179, 0),
(021301, 0213, 'PISCOBAMBA', 180, 0),
(021302, 0213, 'CASCA', 181, 0),
(021303, 0213, 'ELEAZAR GUZMAN BARRON', 182, 0),
(021304, 0213, 'FIDEL OLIVAS ESCUDERO', 183, 0),
(021305, 0213, 'LLAMA', 184, 0),
(021306, 0213, 'LLUMPA', 185, 0),
(021307, 0213, 'LUCMA', 186, 0),
(021308, 0213, 'MUSGA', 187, 0),
(021401, 0214, 'OCROS', 188, 0),
(021402, 0214, 'ACAS', 189, 0),
(021403, 0214, 'CAJAMARQUILLA', 190, 0),
(021404, 0214, 'CARHUAPAMPA', 191, 0),
(021405, 0214, 'COCHAS', 192, 0),
(021406, 0214, 'CONGAS', 193, 0),
(021407, 0214, 'LLIPA', 194, 0),
(021408, 0214, 'SAN CRISTOBAL DE RAJAN', 195, 0),
(021409, 0214, 'SAN PEDRO', 196, 0),
(021410, 0214, 'SANTIAGO DE CHILCAS', 197, 0),
(021501, 0215, 'CABANA', 198, 0),
(021502, 0215, 'BOLOGNESI', 199, 0),
(021503, 0215, 'CONCUCHOS', 200, 0),
(021504, 0215, 'HUACASCHUQUE', 201, 0),
(021505, 0215, 'HUANDOVAL', 202, 0),
(021506, 0215, 'LACABAMBA', 203, 0),
(021507, 0215, 'LLAPO', 204, 0),
(021508, 0215, 'PALLASCA', 205, 0),
(021509, 0215, 'PAMPAS', 206, 0),
(021510, 0215, 'SANTA ROSA', 207, 0),
(021511, 0215, 'TAUCA', 208, 0),
(021601, 0216, 'POMABAMBA', 209, 0),
(021602, 0216, 'HUAYLLAN', 210, 0),
(021603, 0216, 'PAROBAMBA', 211, 0),
(021604, 0216, 'QUINUABAMBA', 212, 0),
(021701, 0217, 'RECUAY', 213, 0),
(021702, 0217, 'CATAC', 214, 0),
(021703, 0217, 'COTAPARACO', 215, 0),
(021704, 0217, 'HUAYLLAPAMPA', 216, 0),
(021705, 0217, 'LLACLLIN', 217, 0),
(021706, 0217, 'MARCA', 218, 0),
(021707, 0217, 'PAMPAS CHICO', 219, 0),
(021708, 0217, 'PARARIN', 220, 0),
(021709, 0217, 'TAPACOCHA', 221, 0),
(021710, 0217, 'TICAPAMPA', 222, 0),
(021801, 0218, 'CHIMBOTE', 223, 0),
(021802, 0218, 'CACERES DEL PERU', 224, 0),
(021803, 0218, 'COISHCO', 225, 0),
(021804, 0218, 'MACATE', 226, 0),
(021805, 0218, 'MORO', 227, 0),
(021806, 0218, 'NEPE?A', 228, 0),
(021807, 0218, 'SAMANCO', 229, 0),
(021808, 0218, 'SANTA', 230, 0),
(021809, 0218, 'NUEVO CHIMBOTE', 231, 0),
(021901, 0219, 'SIHUAS', 232, 0),
(021902, 0219, 'ACOBAMBA', 233, 0),
(021903, 0219, 'ALFONSO UGARTE', 234, 0),
(021904, 0219, 'CASHAPAMPA', 235, 0),
(021905, 0219, 'CHINGALPO', 236, 0),
(021906, 0219, 'HUAYLLABAMBA', 237, 0),
(021907, 0219, 'QUICHES', 238, 0),
(021908, 0219, 'RAGASH', 239, 0),
(021909, 0219, 'SAN JUAN', 240, 0),
(021910, 0219, 'SICSIBAMBA', 241, 0),
(022001, 0220, 'YUNGAY', 242, 0),
(022002, 0220, 'CASCAPARA', 243, 0),
(022003, 0220, 'MANCOS', 244, 0),
(022004, 0220, 'MATACOTO', 245, 0),
(022005, 0220, 'QUILLO', 246, 0),
(022006, 0220, 'RANRAHIRCA', 247, 0),
(022007, 0220, 'SHUPLUY', 248, 0),
(022008, 0220, 'YANAMA', 249, 0),
(030101, 0301, 'ABANCAY', 250, 0),
(030102, 0301, 'CHACOCHE', 251, 0),
(030103, 0301, 'CIRCA', 252, 0),
(030104, 0301, 'CURAHUASI', 253, 0),
(030105, 0301, 'HUANIPACA', 254, 0),
(030106, 0301, 'LAMBRAMA', 255, 0),
(030107, 0301, 'PICHIRHUA', 256, 0),
(030108, 0301, 'SAN PEDRO DE CACHORA', 257, 0),
(030109, 0301, 'TAMBURCO', 258, 0),
(030201, 0302, 'ANDAHUAYLAS', 259, 0),
(030202, 0302, 'ANDARAPA', 260, 0),
(030203, 0302, 'CHIARA', 261, 0),
(030204, 0302, 'HUANCARAMA', 262, 0),
(030205, 0302, 'HUANCARAY', 263, 0),
(030206, 0302, 'HUANYANA', 264, 0),
(030207, 0302, 'KISHUARA', 265, 0),
(030208, 0302, 'PACOBAMBA', 266, 0),
(030209, 0302, 'PACUCHA', 267, 0),
(030210, 0302, 'PAMPACHIRI', 268, 0),
(030211, 0302, 'POMACOCHA', 269, 0),
(030212, 0302, 'SAN ANTONIO DE CACHI', 270, 0),
(030213, 0302, 'SAN JERONIMO', 271, 0),
(030214, 0302, 'SAN MIGUEL DE CHACCRAMPA', 272, 0),
(030215, 0302, 'SANTA MARIA DE CHICMO', 273, 0),
(030216, 0302, 'TALAVERA', 274, 0),
(030217, 0302, 'TUMAY HUARACA', 275, 0),
(030218, 0302, 'TURPO', 276, 0),
(030219, 0302, 'KAQUIABAMBA', 277, 0),
(030301, 0303, 'ANTABAMBA', 278, 0),
(030302, 0303, 'EL ORO', 279, 0),
(030303, 0303, 'HUAQUIRCA', 280, 0),
(030304, 0303, 'JUAN ESPINOZA MEDRANO', 281, 0),
(030305, 0303, 'OROPESA', 282, 0),
(030306, 0303, 'PACHACONAS', 283, 0),
(030307, 0303, 'SABAINO', 284, 0),
(030401, 0304, 'CHALHUANCA', 285, 0),
(030402, 0304, 'CAPAYA', 286, 0),
(030403, 0304, 'CARAYBAMBA', 287, 0),
(030404, 0304, 'CHAPIMARCA', 288, 0),
(030405, 0304, 'COLCABAMBA', 289, 0),
(030406, 0304, 'COTARUSE', 290, 0),
(030407, 0304, 'HUAYLLO', 291, 0),
(030408, 0304, 'JUSTO APU SAHUARAURA', 292, 0),
(030409, 0304, 'LUCRE', 293, 0),
(030410, 0304, 'POCOHUANCA', 294, 0),
(030411, 0304, 'SAN JUAN DE CHAC?A', 295, 0),
(030412, 0304, 'SA?AYCA', 296, 0),
(030413, 0304, 'SORAYA', 297, 0),
(030414, 0304, 'TAPAIRIHUA', 298, 0),
(030415, 0304, 'TINTAY', 299, 0),
(030416, 0304, 'TORAYA', 300, 0),
(030417, 0304, 'YANACA', 301, 0),
(030501, 0305, 'TAMBOBAMBA', 302, 0),
(030502, 0305, 'COTABAMBAS', 303, 0),
(030503, 0305, 'COYLLURQUI', 304, 0),
(030504, 0305, 'HAQUIRA', 305, 0),
(030505, 0305, 'MARA', 306, 0),
(030506, 0305, 'CHALLHUAHUACHO', 307, 0),
(030601, 0306, 'CHINCHEROS', 308, 0),
(030602, 0306, 'ANCO-HUALLO', 309, 0),
(030603, 0306, 'COCHARCAS', 310, 0),
(030604, 0306, 'HUACCANA', 311, 0),
(030605, 0306, 'OCOBAMBA', 312, 0),
(030606, 0306, 'ONGOY', 313, 0),
(030607, 0306, 'URANMARCA', 314, 0),
(030608, 0306, 'RANRACANCHA', 315, 0),
(030701, 0307, 'CHUQUIBAMBILLA', 316, 0),
(030702, 0307, 'CURPAHUASI', 317, 0),
(030703, 0307, 'GAMARRA', 318, 0),
(030704, 0307, 'HUAYLLATI', 319, 0),
(030705, 0307, 'MAMARA', 320, 0),
(030706, 0307, 'MICAELA BASTIDAS', 321, 0),
(030707, 0307, 'PATAYPAMPA', 322, 0),
(030708, 0307, 'PROGRESO', 323, 0),
(030709, 0307, 'SAN ANTONIO', 324, 0),
(030710, 0307, 'SANTA ROSA', 325, 0),
(030711, 0307, 'TURPAY', 326, 0),
(030712, 0307, 'VILCABAMBA', 327, 0),
(030713, 0307, 'VIRUNDO', 328, 0),
(030714, 0307, 'CURASCO', 329, 0),
(040101, 0401, 'AREQUIPA', 330, 0),
(040102, 0401, 'ALTO SELVA ALEGRE', 331, 0),
(040103, 0401, 'CAYMA', 332, 0),
(040104, 0401, 'CERRO COLORADO', 333, 0),
(040105, 0401, 'CHARACATO', 334, 0),
(040106, 0401, 'CHIGUATA', 335, 0),
(040107, 0401, 'JACOBO HUNTER', 336, 0),
(040108, 0401, 'LA JOYA', 337, 0),
(040109, 0401, 'MARIANO MELGAR', 338, 0),
(040110, 0401, 'MIRAFLORES', 339, 0),
(040111, 0401, 'MOLLEBAYA', 340, 0),
(040112, 0401, 'PAUCARPATA', 341, 0),
(040113, 0401, 'POCSI', 342, 0),
(040114, 0401, 'POLOBAYA', 343, 0),
(040115, 0401, 'QUEQUE?A', 344, 0),
(040116, 0401, 'SABANDIA', 345, 0),
(040117, 0401, 'SACHACA', 346, 0),
(040118, 0401, 'SAN JUAN DE SIGUAS', 347, 0),
(040119, 0401, 'SAN JUAN DE TARUCANI', 348, 0),
(040120, 0401, 'SANTA ISABEL DE SIGUAS', 349, 0),
(040121, 0401, 'SANTA RITA DE SIGUAS', 350, 0),
(040122, 0401, 'SOCABAYA', 351, 0),
(040123, 0401, 'TIABAYA', 352, 0),
(040124, 0401, 'UCHUMAYO', 353, 0),
(040125, 0401, 'VITOR', 354, 0),
(040126, 0401, 'YANAHUARA', 355, 0),
(040127, 0401, 'YARABAMBA', 356, 0),
(040128, 0401, 'YURA', 357, 0),
(040129, 0401, 'JOSE BUSTAMANTE Y RIVERO', 358, 0),
(040201, 0402, 'CAMANA', 359, 0),
(040202, 0402, 'JOSE MARIA QUIMPER', 360, 0),
(040203, 0402, 'MARIANO NICOLAS VALCARCEL', 361, 0),
(040204, 0402, 'MARISCAL CACERES', 362, 0),
(040205, 0402, 'NICOLAS DE PIEROLA', 363, 0),
(040206, 0402, 'OCO?A', 364, 0),
(040207, 0402, 'QUILCA', 365, 0),
(040208, 0402, 'SAMUEL PASTOR', 366, 0),
(040301, 0403, 'CARAVELI', 367, 0),
(040302, 0403, 'ACARI', 368, 0),
(040303, 0403, 'ATICO', 369, 0),
(040304, 0403, 'ATIQUIPA', 370, 0),
(040305, 0403, 'BELLA UNION', 371, 0),
(040306, 0403, 'CAHUACHO', 372, 0),
(040307, 0403, 'CHALA', 373, 0),
(040308, 0403, 'CHAPARRA', 374, 0),
(040309, 0403, 'HUANUHUANU', 375, 0),
(040310, 0403, 'JAQUI', 376, 0),
(040311, 0403, 'LOMAS', 377, 0),
(040312, 0403, 'QUICACHA', 378, 0),
(040313, 0403, 'YAUCA', 379, 0),
(040401, 0404, 'APLAO', 380, 0),
(040402, 0404, 'ANDAGUA', 381, 0),
(040403, 0404, 'AYO', 382, 0),
(040404, 0404, 'CHACHAS', 383, 0),
(040405, 0404, 'CHILCAYMARCA', 384, 0),
(040406, 0404, 'CHOCO', 385, 0),
(040407, 0404, 'HUANCARQUI', 386, 0),
(040408, 0404, 'MACHAGUAY', 387, 0),
(040409, 0404, 'ORCOPAMPA', 388, 0),
(040410, 0404, 'PAMPACOLCA', 389, 0),
(040411, 0404, 'TIPAN', 390, 0),
(040412, 0404, 'U?ON', 391, 0),
(040413, 0404, 'URACA', 392, 0),
(040414, 0404, 'VIRACO', 393, 0),
(040501, 0405, 'CHIVAY', 394, 0),
(040502, 0405, 'ACHOMA', 395, 0),
(040503, 0405, 'CABANACONDE', 396, 0),
(040504, 0405, 'CALLALLI', 397, 0),
(040505, 0405, 'CAYLLOMA', 398, 0),
(040506, 0405, 'COPORAQUE', 399, 0),
(040507, 0405, 'HUAMBO', 400, 0),
(040508, 0405, 'HUANCA', 401, 0),
(040509, 0405, 'ICHUPAMPA', 402, 0),
(040510, 0405, 'LARI', 403, 0),
(040511, 0405, 'LLUTA', 404, 0),
(040512, 0405, 'MACA', 405, 0),
(040513, 0405, 'MADRIGAL', 406, 0),
(040514, 0405, 'SAN ANTONIO DE CHUCA', 407, 0),
(040515, 0405, 'SIBAYO', 408, 0),
(040516, 0405, 'TAPAY', 409, 0),
(040517, 0405, 'TISCO', 410, 0),
(040518, 0405, 'TUTI', 411, 0),
(040519, 0405, 'YANQUE', 412, 0),
(040520, 0405, 'MAJES', 413, 0),
(040601, 0406, 'CHUQUIBAMBA', 414, 0),
(040602, 0406, 'ANDARAY', 415, 0),
(040603, 0406, 'CAYARANI', 416, 0),
(040604, 0406, 'CHICHAS', 417, 0),
(040605, 0406, 'IRAY', 418, 0),
(040606, 0406, 'RIO GRANDE', 419, 0),
(040607, 0406, 'SALAMANCA', 420, 0),
(040608, 0406, 'YANAQUIHUA', 421, 0),
(040701, 0407, 'MOLLENDO', 422, 0),
(040702, 0407, 'COCACHACRA', 423, 0),
(040703, 0407, 'DEAN VALDIVIA', 424, 0),
(040704, 0407, 'ISLAY', 425, 0),
(040705, 0407, 'MEJIA', 426, 0),
(040706, 0407, 'PUNTA DE BOMBON', 427, 0),
(040801, 0408, 'COTAHUASI', 428, 0),
(040802, 0408, 'ALCA', 429, 0),
(040803, 0408, 'CHARCANA', 430, 0),
(040804, 0408, 'HUAYNACOTAS', 431, 0),
(040805, 0408, 'PAMPAMARCA', 432, 0),
(040806, 0408, 'PUYCA', 433, 0),
(040807, 0408, 'QUECHUALLA', 434, 0),
(040808, 0408, 'SAYLA', 435, 0),
(040809, 0408, 'TAURIA', 436, 0),
(040810, 0408, 'TOMEPAMPA', 437, 0),
(040811, 0408, 'TORO', 438, 0),
(050101, 0501, 'AYACUCHO', 439, 0),
(050102, 0501, 'ACOCRO', 440, 0),
(050103, 0501, 'ACOS VINCHOS', 441, 0),
(050104, 0501, 'CARMEN ALTO', 442, 0),
(050105, 0501, 'CHIARA', 443, 0),
(050106, 0501, 'OCROS', 444, 0),
(050107, 0501, 'PACAYCASA', 445, 0),
(050108, 0501, 'QUINUA', 446, 0),
(050109, 0501, 'SAN JOSE DE TICLLAS', 447, 0),
(050110, 0501, 'SAN JUAN BAUTISTA', 448, 0),
(050111, 0501, 'SANTIAGO DE PISCHA', 449, 0),
(050112, 0501, 'SOCOS', 450, 0),
(050113, 0501, 'TAMBILLO', 451, 0),
(050114, 0501, 'VINCHOS', 452, 0),
(050201, 0502, 'CANGALLO', 453, 0),
(050202, 0502, 'CHUSCHI', 454, 0),
(050203, 0502, 'LOS MOROCHUCOS', 455, 0),
(050204, 0502, 'MARIA PARADO DE BELLIDO', 456, 0),
(050205, 0502, 'PARAS', 457, 0),
(050206, 0502, 'TOTOS', 458, 0),
(050301, 0503, 'SANCOS', 459, 0),
(050302, 0503, 'CARAPO', 460, 0),
(050303, 0503, 'SACSAMARCA', 461, 0),
(050304, 0503, 'SANTIAGO DE LUCANAMARCA', 462, 0),
(050401, 0504, 'HUANTA', 463, 0),
(050402, 0504, 'AYAHUANCO', 464, 0),
(050403, 0504, 'HUAMANGUILLA', 465, 0),
(050404, 0504, 'IGUAIN', 466, 0),
(050405, 0504, 'LURICOCHA', 467, 0),
(050406, 0504, 'SANTILLANA', 468, 0),
(050407, 0504, 'SIVIA', 469, 0),
(050501, 0505, 'SAN MIGUEL', 470, 0),
(050502, 0505, 'ANCO', 471, 0),
(050503, 0505, 'AYNA', 472, 0),
(050504, 0505, 'CHILCAS', 473, 0),
(050505, 0505, 'CHUNGUI', 474, 0),
(050506, 0505, 'LUIS CARRANZA', 475, 0),
(050507, 0505, 'SANTA ROSA', 476, 0),
(050508, 0505, 'TAMBO', 477, 0),
(050601, 0506, 'PUQUIO', 478, 0),
(050602, 0506, 'AUCARA', 479, 0),
(050603, 0506, 'CABANA', 480, 0),
(050604, 0506, 'CARMEN SALCEDO', 481, 0),
(050605, 0506, 'CHAVI?A', 482, 0),
(050606, 0506, 'CHIPAO', 483, 0),
(050607, 0506, 'HUAC-HUAS', 484, 0),
(050608, 0506, 'LARAMATE', 485, 0),
(050609, 0506, 'LEONCIO PRADO', 486, 0),
(050610, 0506, 'LLAUTA', 487, 0),
(050611, 0506, 'LUCANAS', 488, 0),
(050612, 0506, 'OCA?A', 489, 0),
(050613, 0506, 'OTOCA', 490, 0),
(050614, 0506, 'SAISA', 491, 0),
(050615, 0506, 'SAN CRISTOBAL', 492, 0),
(050616, 0506, 'SAN JUAN', 493, 0),
(050617, 0506, 'SAN PEDRO', 494, 0),
(050618, 0506, 'SAN PEDRO DE PALCO', 495, 0),
(050619, 0506, 'SANCOS', 496, 0),
(050620, 0506, 'SANTA ANA DE HUAYCAHUACHO', 497, 0),
(050621, 0506, 'SANTA LUCIA', 498, 0),
(050701, 0507, 'CORACORA', 499, 0),
(050702, 0507, 'CHUMPI', 500, 0),
(050703, 0507, 'CORONEL CASTA?EDA', 501, 0),
(050704, 0507, 'PACAPAUSA', 502, 0),
(050705, 0507, 'PULLO', 503, 0),
(050706, 0507, 'PUYUSCA', 504, 0),
(050707, 0507, 'SAN FCO DE RAVACAYCO', 505, 0),
(050708, 0507, 'UPAHUACHO', 506, 0),
(050801, 0508, 'PAUSA', 507, 0),
(050802, 0508, 'COLTA', 508, 0),
(050803, 0508, 'CORCULLA', 509, 0),
(050804, 0508, 'LAMPA', 510, 0),
(050805, 0508, 'MARCABAMBA', 511, 0),
(050806, 0508, 'OYOLO', 512, 0),
(050807, 0508, 'PARARCA', 513, 0),
(050808, 0508, 'SAN JAVIER DE ALPABAMBA', 514, 0),
(050809, 0508, 'SAN JOSE DE USHUA', 515, 0),
(050810, 0508, 'SARA SARA', 516, 0),
(050901, 0509, 'QUEROBAMBA', 517, 0),
(050902, 0509, 'BELEN', 518, 0),
(050903, 0509, 'CHALCOS', 519, 0),
(050904, 0509, 'CHILCAYOC', 520, 0),
(050905, 0509, 'HUACA?A', 521, 0),
(050906, 0509, 'MORCOLLA', 522, 0),
(050907, 0509, 'PAICO', 523, 0),
(050908, 0509, 'SAN PEDRO DE LARCAY', 524, 0),
(050909, 0509, 'SAN SALVADOR DE QUIJE', 525, 0),
(050910, 0509, 'SANTIAGO DE PAUCARAY', 526, 0),
(050911, 0509, 'SORAS', 527, 0),
(051001, 0510, 'HUANCAPI', 528, 0),
(051002, 0510, 'ALCAMENCA', 529, 0),
(051003, 0510, 'APONGO', 530, 0),
(051004, 0510, 'ASQUIPATA', 531, 0),
(051005, 0510, 'CANARIA', 532, 0),
(051006, 0510, 'CAYARA', 533, 0),
(051007, 0510, 'COLCA', 534, 0),
(051008, 0510, 'HUAMANQUIQUIA', 535, 0),
(051009, 0510, 'HUANCARAYLLA', 536, 0),
(051010, 0510, 'HUAYA', 537, 0),
(051011, 0510, 'SARHUA', 538, 0),
(051012, 0510, 'VILCANCHOS', 539, 0),
(051101, 0511, 'VILCASHUAMAN', 540, 0),
(051102, 0511, 'ACCOMARCA', 541, 0),
(051103, 0511, 'CARHUANCA', 542, 0),
(051104, 0511, 'CONCEPCION', 543, 0),
(051105, 0511, 'HUAMBALPA', 544, 0),
(051106, 0511, 'INDEPENDENCIA', 545, 0),
(051107, 0511, 'SAURAMA', 546, 0),
(051108, 0511, 'VISCHONGO', 547, 0),
(060101, 0601, 'CAJAMARCA', 548, 0),
(060102, 0601, 'ASUNCION', 549, 0),
(060103, 0601, 'CHETILLA', 550, 0),
(060104, 0601, 'COSPAN', 551, 0),
(060105, 0601, 'ENCA?ADA', 552, 0),
(060106, 0601, 'JESUS', 553, 0),
(060107, 0601, 'LLACANORA', 554, 0),
(060108, 0601, 'LOS BA?OS DEL INCA', 555, 0),
(060109, 0601, 'MAGDALENA', 556, 0),
(060110, 0601, 'MATARA', 557, 0),
(060111, 0601, 'NAMORA', 558, 0),
(060112, 0601, 'SAN JUAN', 559, 0),
(060201, 0602, 'CAJABAMBA', 560, 0),
(060202, 0602, 'CACHACHI', 561, 0),
(060203, 0602, 'CONDEBAMBA', 562, 0),
(060204, 0602, 'SITACOCHA', 563, 0),
(060301, 0603, 'CELENDIN', 564, 0),
(060302, 0603, 'CHUMUCH', 565, 0),
(060303, 0603, 'CORTEGANA', 566, 0),
(060304, 0603, 'HUASMIN', 567, 0),
(060305, 0603, 'JORGE CHAVEZ', 568, 0),
(060306, 0603, 'JOSE GALVEZ', 569, 0),
(060307, 0603, 'MIGUEL IGLESIAS', 570, 0),
(060308, 0603, 'OXAMARCA', 571, 0),
(060309, 0603, 'SOROCHUCO', 572, 0),
(060310, 0603, 'SUCRE', 573, 0),
(060311, 0603, 'UTCO', 574, 0),
(060312, 0603, 'LA LIBERTAD DE PALLAN', 575, 0),
(060401, 0604, 'CHOTA', 576, 0),
(060402, 0604, 'ANGUIA', 577, 0),
(060403, 0604, 'CHADIN', 578, 0),
(060404, 0604, 'CHIGUIRIP', 579, 0),
(060405, 0604, 'CHIMBAN', 580, 0),
(060406, 0604, 'CHOROPAMPA', 581, 0),
(060407, 0604, 'COCHABAMBA', 582, 0),
(060408, 0604, 'CONCHAN', 583, 0),
(060409, 0604, 'HUAMBOS', 584, 0),
(060410, 0604, 'LAJAS', 585, 0),
(060411, 0604, 'LLAMA', 586, 0),
(060412, 0604, 'MIRACOSTA', 587, 0),
(060413, 0604, 'PACCHA', 588, 0),
(060414, 0604, 'PION', 589, 0),
(060415, 0604, 'QUEROCOTO', 590, 0),
(060416, 0604, 'SAN JUAN DE LICUPIS', 591, 0),
(060417, 0604, 'TACABAMBA', 592, 0),
(060418, 0604, 'TOCMOCHE', 593, 0),
(060419, 0604, 'CHALAMARCA', 594, 0),
(060501, 0605, 'CONTUMAZA', 595, 0),
(060502, 0605, 'CHILETE', 596, 0),
(060503, 0605, 'CUPISNIQUE', 597, 0),
(060504, 0605, 'GUZMANGO', 598, 0),
(060505, 0605, 'SAN BENITO', 599, 0),
(060506, 0605, 'SANTA CRUZ DE TOLED', 600, 0),
(060507, 0605, 'TANTARICA', 601, 0),
(060508, 0605, 'YONAN', 602, 0),
(060601, 0606, 'CUTERVO', 603, 0),
(060602, 0606, 'CALLAYUC', 604, 0),
(060603, 0606, 'CHOROS', 605, 0),
(060604, 0606, 'CUJILLO', 606, 0),
(060605, 0606, 'LA RAMADA', 607, 0),
(060606, 0606, 'PIMPINGOS', 608, 0),
(060607, 0606, 'QUEROCOTILLO', 609, 0),
(060608, 0606, 'SAN ANDRES DE CUTERVO', 610, 0),
(060609, 0606, 'SAN JUAN DE CUTERVO', 611, 0),
(060610, 0606, 'SAN LUIS DE LUCMA', 612, 0),
(060611, 0606, 'SANTA CRUZ', 613, 0),
(060612, 0606, 'SANTO DOMINGO DE LA CAPIL', 614, 0),
(060613, 0606, 'SANTO TOMAS', 615, 0),
(060614, 0606, 'SOCOTA', 616, 0),
(060615, 0606, 'TORIBIO CASANOVA', 617, 0),
(060701, 0607, 'BAMBAMARCA', 618, 0),
(060702, 0607, 'CHUGUR', 619, 0),
(060703, 0607, 'HUALGAYOC', 620, 0),
(060801, 0608, 'JAEN', 621, 0),
(060802, 0608, 'BELLAVISTA', 622, 0),
(060803, 0608, 'CHONTALI', 623, 0),
(060804, 0608, 'COLASAY', 624, 0),
(060805, 0608, 'HUABAL', 625, 0),
(060806, 0608, 'LAS PIRIAS', 626, 0),
(060807, 0608, 'POMAHUACA', 627, 0),
(060808, 0608, 'PUCARA', 628, 0),
(060809, 0608, 'SALLIQUE', 629, 0),
(060810, 0608, 'SAN FELIPE', 630, 0),
(060811, 0608, 'SAN JOSE DEL ALTO', 631, 0),
(060812, 0608, 'SANTA ROSA', 632, 0),
(060901, 0609, 'SAN IGNACIO', 633, 0),
(060902, 0609, 'CHIRINOS', 634, 0),
(060903, 0609, 'HUARANGO', 635, 0),
(060904, 0609, 'LA COIPA', 636, 0),
(060905, 0609, 'NAMBALLE', 637, 0),
(060906, 0609, 'SAN JOSE DE LOURDES', 638, 0),
(060907, 0609, 'TABACONAS', 639, 0),
(061001, 0610, 'PEDRO GALVEZ', 640, 0),
(061002, 0610, 'CHANCAY', 641, 0),
(061003, 0610, 'EDUARDO VILLANUEVA', 642, 0),
(061004, 0610, 'GREGORIO PITA', 643, 0),
(061005, 0610, 'ICHOCAN', 644, 0),
(061006, 0610, 'JOSE MANUEL QUIROZ', 645, 0),
(061007, 0610, 'JOSE SABOGAL', 646, 0),
(061101, 0611, 'SAN MIGUEL', 647, 0),
(061102, 0611, 'BOLIVAR', 648, 0),
(061103, 0611, 'CALQUIS', 649, 0),
(061104, 0611, 'CATILLUC', 650, 0),
(061105, 0611, 'EL PRADO', 651, 0),
(061106, 0611, 'LA FLORIDA', 652, 0),
(061107, 0611, 'LLAPA', 653, 0),
(061108, 0611, 'NANCHOC', 654, 0),
(061109, 0611, 'NIEPOS', 655, 0),
(061110, 0611, 'SAN GREGORIO', 656, 0),
(061111, 0611, 'SAN SILVESTRE DE CONCHAN', 657, 0),
(061112, 0611, 'TONGOD', 658, 0),
(061113, 0611, 'UNION AGUA BLANCA', 659, 0),
(061201, 0612, 'SAN PABLO', 660, 0),
(061202, 0612, 'SAN BERNARDINO', 661, 0),
(061203, 0612, 'SAN LUIS', 662, 0),
(061204, 0612, 'TUMBADEN', 663, 0),
(061301, 0613, 'SANTA CRUZ', 664, 0),
(061302, 0613, 'ANDABAMBA', 665, 0),
(061303, 0613, 'CATACHE', 666, 0),
(061304, 0613, 'CHANCAYBA?OS', 667, 0),
(061305, 0613, 'LA ESPERANZA', 668, 0),
(061306, 0613, 'NINABAMBA', 669, 0),
(061307, 0613, 'PULAN', 670, 0),
(061308, 0613, 'SAUCEPAMPA', 671, 0),
(061309, 0613, 'SEXI', 672, 0),
(061310, 0613, 'UTICYACU', 673, 0),
(061311, 0613, 'YAUYUCAN', 674, 0),
(070101, 0701, 'CALLAO', 675, 0),
(070102, 0701, 'BELLAVISTA', 676, 0),
(070103, 0701, 'CARMEN DE LA LEGUA REYNO', 677, 0),
(070104, 0701, 'LA PERLA', 678, 0),
(070105, 0701, 'LA PUNTA', 679, 0),
(070106, 0701, 'VENTANILLA', 680, 0),
(070107, 0701, 'MI PERU', 681, 0),
(080101, 0801, 'CUSCO', 682, 0),
(080102, 0801, 'CCORCA', 683, 0),
(080103, 0801, 'POROY', 684, 0),
(080104, 0801, 'SAN JERONIMO', 685, 0),
(080105, 0801, 'SAN SEBASTIAN', 686, 0),
(080106, 0801, 'SANTIAGO', 687, 0),
(080107, 0801, 'SAYLLA', 688, 0),
(080108, 0801, 'WANCHAQ', 689, 0),
(080201, 0802, 'ACOMAYO', 690, 0),
(080202, 0802, 'ACOPIA', 691, 0),
(080203, 0802, 'ACOS', 692, 0),
(080204, 0802, 'MOSOC LLACTA', 693, 0),
(080205, 0802, 'POMACANCHI', 694, 0),
(080206, 0802, 'RONDOCAN', 695, 0),
(080207, 0802, 'SANGARARA', 696, 0),
(080301, 0803, 'ANTA', 697, 0),
(080302, 0803, 'ANCAHUASI', 698, 0),
(080303, 0803, 'CACHIMAYO', 699, 0),
(080304, 0803, 'CHINCHAYPUJIO', 700, 0),
(080305, 0803, 'HUAROCONDO', 701, 0),
(080306, 0803, 'LIMATAMBO', 702, 0),
(080307, 0803, 'MOLLEPATA', 703, 0),
(080308, 0803, 'PUCYURA', 704, 0),
(080309, 0803, 'ZURITE', 705, 0),
(080401, 0804, 'CALCA', 706, 0),
(080402, 0804, 'COYA', 707, 0),
(080403, 0804, 'LAMAY', 708, 0),
(080404, 0804, 'LARES', 709, 0),
(080405, 0804, 'PISAC', 710, 0),
(080406, 0804, 'SAN SALVADOR', 711, 0),
(080407, 0804, 'TARAY', 712, 0),
(080408, 0804, 'YANATILE', 713, 0),
(080501, 0805, 'YANAOCA', 714, 0),
(080502, 0805, 'CHECCA', 715, 0),
(080503, 0805, 'KUNTURKANKI', 716, 0),
(080504, 0805, 'LANGUI', 717, 0),
(080505, 0805, 'LAYO', 718, 0),
(080506, 0805, 'PAMPAMARCA', 719, 0),
(080507, 0805, 'QUEHUE', 720, 0),
(080508, 0805, 'TUPAC AMARU', 721, 0),
(080601, 0806, 'SICUANI', 722, 0),
(080602, 0806, 'CHECACUPE', 723, 0),
(080603, 0806, 'COMBAPATA', 724, 0),
(080604, 0806, 'MARANGANI', 725, 0),
(080605, 0806, 'PITUMARCA', 726, 0),
(080606, 0806, 'SAN PABLO', 727, 0),
(080607, 0806, 'SAN PEDRO', 728, 0),
(080608, 0806, 'TINTA', 729, 0),
(080701, 0807, 'SANTO TOMAS', 730, 0),
(080702, 0807, 'CAPACMARCA', 731, 0),
(080703, 0807, 'CHAMACA', 732, 0),
(080704, 0807, 'COLQUEMARCA', 733, 0),
(080705, 0807, 'LIVITACA', 734, 0),
(080706, 0807, 'LLUSCO', 735, 0),
(080707, 0807, 'QUI?OTA', 736, 0),
(080708, 0807, 'VELILLE', 737, 0),
(080801, 0808, 'ESPINAR', 738, 0),
(080802, 0808, 'CONDOROMA', 739, 0),
(080803, 0808, 'COPORAQUE', 740, 0),
(080804, 0808, 'OCORURO', 741, 0),
(080805, 0808, 'PALLPATA', 742, 0),
(080806, 0808, 'PICHIGUA', 743, 0),
(080807, 0808, 'SUYCKUTAMBO', 744, 0),
(080808, 0808, 'ALTO PICHIGUA', 745, 0),
(080901, 0809, 'SANTA ANA', 746, 0),
(080902, 0809, 'ECHERATE', 747, 0),
(080903, 0809, 'HUAYOPATA', 748, 0),
(080904, 0809, 'MARANURA', 749, 0),
(080905, 0809, 'OCOBAMBA', 750, 0),
(080906, 0809, 'QUELLOUNO', 751, 0),
(080907, 0809, 'KIMBIRI', 752, 0),
(080908, 0809, 'SANTA TERESA', 753, 0),
(080909, 0809, 'VILCABAMBA', 754, 0),
(080910, 0809, 'PICHARI', 755, 0),
(081001, 0810, 'PARURO', 756, 0),
(081002, 0810, 'ACCHA', 757, 0),
(081003, 0810, 'CCAPI', 758, 0),
(081004, 0810, 'COLCHA', 759, 0),
(081005, 0810, 'HUANOQUITE', 760, 0),
(081006, 0810, 'OMACHA', 761, 0),
(081007, 0810, 'PACCARITAMBO', 762, 0),
(081008, 0810, 'PILLPINTO', 763, 0),
(081009, 0810, 'YAURISQUE', 764, 0),
(081101, 0811, 'PAUCARTAMBO', 765, 0),
(081102, 0811, 'CAICAY', 766, 0),
(081103, 0811, 'CHALLABAMBA', 767, 0),
(081104, 0811, 'COLQUEPATA', 768, 0),
(081105, 0811, 'HUANCARANI', 769, 0),
(081106, 0811, 'KOSNIPATA', 770, 0),
(081201, 0812, 'URCOS', 771, 0),
(081202, 0812, 'ANDAHUAYLILLAS', 772, 0),
(081203, 0812, 'CAMANTI', 773, 0),
(081204, 0812, 'CCARHUAYO', 774, 0),
(081205, 0812, 'CCATCA', 775, 0),
(081206, 0812, 'CUSIPATA', 776, 0),
(081207, 0812, 'HUARO', 777, 0),
(081208, 0812, 'LUCRE', 778, 0),
(081209, 0812, 'MARCAPATA', 779, 0),
(081210, 0812, 'OCONGATE', 780, 0),
(081211, 0812, 'OROPESA', 781, 0),
(081212, 0812, 'QUIQUIJANA', 782, 0),
(081301, 0813, 'URUBAMBA', 783, 0),
(081302, 0813, 'CHINCHERO', 784, 0),
(081303, 0813, 'HUAYLLABAMBA', 785, 0),
(081304, 0813, 'MACHUPICCHU', 786, 0),
(081305, 0813, 'MARAS', 787, 0),
(081306, 0813, 'OLLANTAYTAMBO', 788, 0),
(081307, 0813, 'YUCAY', 789, 0),
(090101, 0901, 'HUANCAVELICA', 790, 0),
(090102, 0901, 'ACOBAMBILLA', 791, 0),
(090103, 0901, 'ACORIA', 792, 0),
(090104, 0901, 'CONAYCA', 793, 0),
(090105, 0901, 'CUENCA', 794, 0),
(090106, 0901, 'HUACHOCOLPA', 795, 0),
(090107, 0901, 'HUAYLLAHUARA', 796, 0),
(090108, 0901, 'IZCUCHACA', 797, 0),
(090109, 0901, 'LARIA', 798, 0),
(090110, 0901, 'MANTA', 799, 0),
(090111, 0901, 'MARISCAL CACERES', 800, 0),
(090112, 0901, 'MOYA', 801, 0),
(090113, 0901, 'NUEVO OCCORO', 802, 0),
(090114, 0901, 'PALCA', 803, 0),
(090115, 0901, 'PILCHACA', 804, 0),
(090116, 0901, 'VILCA', 805, 0),
(090117, 0901, 'YAULI', 806, 0),
(090201, 0902, 'ACOBAMBA', 807, 0),
(090202, 0902, 'ANDABAMBA', 808, 0),
(090203, 0902, 'ANTA', 809, 0),
(090204, 0902, 'CAJA', 810, 0),
(090205, 0902, 'MARCAS', 811, 0),
(090206, 0902, 'PAUCARA', 812, 0),
(090207, 0902, 'POMACOCHA', 813, 0),
(090208, 0902, 'ROSARIO', 814, 0),
(090301, 0903, 'LIRCAY', 815, 0),
(090302, 0903, 'ANCHONGA', 816, 0),
(090303, 0903, 'CALLANMARCA', 817, 0),
(090304, 0903, 'CCOCHACCASA', 818, 0),
(090305, 0903, 'CHINCHO', 819, 0),
(090306, 0903, 'CONGALLA', 820, 0),
(090307, 0903, 'HUANCA-HUANCA', 821, 0),
(090308, 0903, 'HUAYLLAY GRANDE', 822, 0),
(090309, 0903, 'JULCAMARCA', 823, 0),
(090310, 0903, 'SAN ANTONIO DE ANTAPARCO', 824, 0),
(090311, 0903, 'SANTO TOMAS DE PATA', 825, 0),
(090312, 0903, 'SECCLLA', 826, 0),
(090401, 0904, 'CASTROVIRREYNA', 827, 0),
(090402, 0904, 'ARMA', 828, 0),
(090403, 0904, 'AURAHUA', 829, 0),
(090404, 0904, 'CAPILLAS', 830, 0),
(090405, 0904, 'CHUPAMARCA', 831, 0),
(090406, 0904, 'COCAS', 832, 0),
(090407, 0904, 'HUACHOS', 833, 0),
(090408, 0904, 'HUAMATAMBO', 834, 0),
(090409, 0904, 'MOLLEPAMPA', 835, 0),
(090410, 0904, 'SAN JUAN', 836, 0),
(090411, 0904, 'SANTA ANA', 837, 0),
(090412, 0904, 'TANTARA', 838, 0),
(090413, 0904, 'TICRAPO', 839, 0),
(090501, 0905, 'CHURCAMPA', 840, 0),
(090502, 0905, 'ANCO', 841, 0),
(090503, 0905, 'CHINCHIHUASI', 842, 0),
(090504, 0905, 'EL CARMEN', 843, 0),
(090505, 0905, 'LA MERCED', 844, 0),
(090506, 0905, 'LOCROJA', 845, 0),
(090507, 0905, 'PAUCARBAMBA', 846, 0),
(090508, 0905, 'SAN MIGUEL DE MAYOCC', 847, 0),
(090509, 0905, 'SAN PEDRO DE CORIS', 848, 0),
(090510, 0905, 'PACHAMARCA', 849, 0),
(090601, 0906, 'HUAYTARA', 850, 0),
(090602, 0906, 'AYAVI', 851, 0),
(090603, 0906, 'CORDOVA', 852, 0),
(090604, 0906, 'HUAYACUNDO ARMA', 853, 0),
(090605, 0906, 'LARAMACA', 854, 0),
(090606, 0906, 'OCOYO', 855, 0),
(090607, 0906, 'PILPICHACA', 856, 0),
(090608, 0906, 'QUERCO', 857, 0),
(090609, 0906, 'QUITO-ARMA', 858, 0),
(090610, 0906, 'SAN ANTONIO DE CUSICANCHA', 859, 0),
(090611, 0906, 'SAN FCO DE SANGAYAICO', 860, 0),
(090612, 0906, 'SAN ISIDRO', 861, 0),
(090613, 0906, 'SANTIAGO DE CHOCORVOS', 862, 0),
(090614, 0906, 'SANTIAGO DE QUIRAHUARA', 863, 0),
(090615, 0906, 'SANTO DOMINGO DE CAPILLAS', 864, 0),
(090616, 0906, 'TAMBO', 865, 0),
(090701, 0907, 'PAMPAS', 866, 0),
(090702, 0907, 'ACOSTAMBO', 867, 0),
(090703, 0907, 'ACRAQUIA', 868, 0),
(090704, 0907, 'AHUAYCHA', 869, 0),
(090705, 0907, 'COLCABAMBA', 870, 0),
(090706, 0907, 'DANIEL HERNANDEZ', 871, 0),
(090707, 0907, 'HUACHOCOLPA', 872, 0),
(090708, 0907, 'HUANDO', 873, 0),
(090709, 0907, 'HUARIBAMBA', 874, 0),
(090710, 0907, '?AHUIMPUQUIO', 875, 0),
(090711, 0907, 'PAZOS', 876, 0),
(090713, 0907, 'QUISHUAR', 877, 0),
(090714, 0907, 'SALCABAMBA', 878, 0),
(090715, 0907, 'SALCAHUASI', 879, 0),
(090716, 0907, 'SAN MARCOS DE ROCCHAC', 880, 0),
(090717, 0907, 'SURCUBAMBA', 881, 0),
(090718, 0907, 'TINTAY PUNCU', 882, 0),
(100101, 1001, 'HUANUCO', 883, 0),
(100102, 1001, 'AMARILIS', 884, 0),
(100103, 1001, 'CHINCHAO', 885, 0),
(100104, 1001, 'CHURUBAMBA', 886, 0),
(100105, 1001, 'MARGOS', 887, 0),
(100106, 1001, 'QUISQUI', 888, 0),
(100107, 1001, 'SAN FRANCISCO DE CAYRAN', 889, 0),
(100108, 1001, 'SAN PEDRO DE CHAULAN', 890, 0),
(100109, 1001, 'SANTA MARIA DEL VALLE', 891, 0),
(100110, 1001, 'YARUMAYO', 892, 0),
(100201, 1002, 'AMBO', 893, 0),
(100202, 1002, 'CAYNA', 894, 0),
(100203, 1002, 'COLPAS', 895, 0),
(100204, 1002, 'CONCHAMARCA', 896, 0),
(100205, 1002, 'HUACAR', 897, 0),
(100207, 1002, 'SAN RAFAEL', 898, 0),
(100208, 1002, 'TOMAY KICHWA', 899, 0),
(100301, 1003, 'LA UNION', 900, 0),
(100307, 1003, 'CHUQUIS', 901, 0),
(100311, 1003, 'MARIAS', 902, 0),
(100313, 1003, 'PACHAS', 903, 0),
(100316, 1003, 'QUIVILLA', 904, 0),
(100317, 1003, 'RIPAN', 905, 0),
(100321, 1003, 'SHUNQUI', 906, 0),
(100322, 1003, 'SILLAPATA', 907, 0),
(100323, 1003, 'YANAS', 908, 0),
(100401, 1004, 'HUACAYBAMBA', 909, 0),
(100402, 1004, 'CANCHABAMBA', 910, 0),
(100403, 1004, 'COCHABAMBA', 911, 0),
(100404, 1004, 'PINRA', 912, 0),
(100501, 1005, 'LLATA', 913, 0),
(100502, 1005, 'ARANCAY', 914, 0),
(100503, 1005, 'CHAVIN DE PARIARCA', 915, 0),
(100504, 1005, 'JACAS GRANDE', 916, 0),
(100505, 1005, 'JIRCAN', 917, 0),
(100506, 1005, 'MIRAFLORES', 918, 0),
(100507, 1005, 'MONZON', 919, 0),
(100508, 1005, 'PUNCHAO', 920, 0),
(100509, 1005, 'PU?OS', 921, 0),
(100510, 1005, 'SINGA', 922, 0),
(100511, 1005, 'TANTAMAYO', 923, 0),
(100601, 1006, 'RUPA-RUPA', 924, 0),
(100602, 1006, 'DANIEL ALOMIA ROBLES', 925, 0),
(100603, 1006, 'HERMILIO VALDIZAN', 926, 0),
(100604, 1006, 'JOSE CRESPO Y CASTILLO', 927, 0),
(100605, 1006, 'LUYANDO', 928, 0),
(100606, 1006, 'MARIANO DAMASCO BERAUN', 929, 0),
(100701, 1007, 'HUACRACHUCO', 930, 0),
(100702, 1007, 'CHOLON', 931, 0),
(100703, 1007, 'SAN BUENAVENTURA', 932, 0),
(100801, 1008, 'PANAO', 933, 0),
(100802, 1008, 'CHAGLLA', 934, 0),
(100803, 1008, 'MOLINO', 935, 0),
(100804, 1008, 'UMARI', 936, 0),
(100901, 1009, 'PUERTO INCA', 937, 0),
(100902, 1009, 'CODO DEL POZUZO', 938, 0),
(100903, 1009, 'HONORIA', 939, 0),
(100904, 1009, 'TOURNAVISTA', 940, 0),
(100905, 1009, 'YUYAPICHIS', 941, 0),
(101001, 1010, 'JESUS', 942, 0),
(101002, 1010, 'BA?OS', 943, 0),
(101003, 1010, 'JIVIA', 944, 0),
(101004, 1010, 'QUEROPALCA', 945, 0),
(101005, 1010, 'RONDOS', 946, 0),
(101006, 1010, 'SAN FRANCISCO DE ASIS', 947, 0),
(101007, 1010, 'SAN MIGUEL DE CAURI', 948, 0),
(101101, 1011, 'CHAVINILLO', 949, 0),
(101102, 1011, 'CAHUAC', 950, 0),
(101103, 1011, 'CHACABAMBA', 951, 0),
(101104, 1011, 'CHUPAN', 952, 0),
(101105, 1011, 'JACAS CHICO', 953, 0),
(101106, 1011, 'OBAS', 954, 0),
(101107, 1011, 'PAMPAMARCA', 955, 0),
(110101, 1101, 'ICA', 956, 0),
(110102, 1101, 'LA TINGUI?A', 957, 0),
(110103, 1101, 'LOS AQUIJES', 958, 0),
(110104, 1101, 'OCUCAJE', 959, 0),
(110105, 1101, 'PACHACUTEC', 960, 0),
(110106, 1101, 'PARCONA', 961, 0),
(110107, 1101, 'PUEBLO NUEVO', 962, 0),
(110108, 1101, 'SALAS', 963, 0),
(110109, 1101, 'SAN JOSE DE LOS MOLINOS', 964, 0),
(110110, 1101, 'SAN JUAN BAUTISTA', 965, 0),
(110111, 1101, 'SANTIAGO', 966, 0),
(110112, 1101, 'SUBTANJALLA', 967, 0),
(110113, 1101, 'TATE', 968, 0),
(110114, 1101, 'YAUCA DEL ROSARIO', 969, 0),
(110201, 1102, 'CHINCHA ALTA', 970, 0),
(110202, 1102, 'ALTO LARAN', 971, 0),
(110203, 1102, 'CHAVIN', 972, 0),
(110204, 1102, 'CHINCHA BAJA', 973, 0),
(110205, 1102, 'EL CARMEN', 974, 0),
(110206, 1102, 'GROCIO PRADO', 975, 0),
(110207, 1102, 'PUEBLO NUEVO', 976, 0),
(110208, 1102, 'SAN JUAN DE YANAC', 977, 0),
(110209, 1102, 'SAN PEDRO DE HUACARPANA', 978, 0),
(110210, 1102, 'SUNAMPE', 979, 0),
(110211, 1102, 'TAMBO DE MORA', 980, 0),
(110301, 1103, 'NASCA', 981, 0),
(110302, 1103, 'CHANGUILLO', 982, 0),
(110303, 1103, 'EL INGENIO', 983, 0),
(110304, 1103, 'MARCONA', 984, 0),
(110305, 1103, 'VISTA ALEGRE', 985, 0),
(110401, 1104, 'PALPA', 986, 0),
(110402, 1104, 'LLIPATA', 987, 0),
(110403, 1104, 'RIO GRANDE', 988, 0),
(110404, 1104, 'SANTA CRUZ', 989, 0),
(110405, 1104, 'TIBILLO', 990, 0),
(110501, 1105, 'PISCO', 991, 0),
(110502, 1105, 'HUANCANO', 992, 0),
(110503, 1105, 'HUMAY', 993, 0),
(110504, 1105, 'INDEPENDENCIA', 994, 0),
(110505, 1105, 'PARACAS', 995, 0),
(110506, 1105, 'SAN ANDRES', 996, 0),
(110507, 1105, 'SAN CLEMENTE', 997, 0),
(110508, 1105, 'TUPAC AMARU INCA', 998, 0),
(120101, 1201, 'HUANCAYO', 999, 0),
(120104, 1201, 'CARHUACALLANGA', 1000, 0),
(120105, 1201, 'CHACAPAMPA', 1001, 0),
(120106, 1201, 'CHICCHE', 1002, 0),
(120107, 1201, 'CHILCA', 1003, 0),
(120108, 1201, 'CHONGOS ALTO', 1004, 0),
(120111, 1201, 'CHUPURO', 1005, 0),
(120112, 1201, 'COLCA', 1006, 0),
(120113, 1201, 'CULLHUAS', 1007, 0),
(120114, 1201, 'EL TAMBO', 1008, 0),
(120116, 1201, 'HUACRAPUQUIO', 1009, 0),
(120117, 1201, 'HUALHUAS', 1010, 0),
(120119, 1201, 'HUANCAN', 1011, 0),
(120120, 1201, 'HUASICANCHA', 1012, 0),
(120121, 1201, 'HUAYUCACHI', 1013, 0),
(120122, 1201, 'INGENIO', 1014, 0),
(120124, 1201, 'PARIAHUANCA', 1015, 0),
(120125, 1201, 'PILCOMAYO', 1016, 0),
(120126, 1201, 'PUCARA', 1017, 0),
(120127, 1201, 'QUICHUAY', 1018, 0),
(120128, 1201, 'QUILCAS', 1019, 0),
(120129, 1201, 'SAN AGUSTIN', 1020, 0),
(120130, 1201, 'SAN JERONIMO DE TUNAN', 1021, 0),
(120132, 1201, 'SA?O', 1022, 0),
(120133, 1201, 'SAPALLANGA', 1023, 0),
(120134, 1201, 'SICAYA', 1024, 0),
(120135, 1201, 'SANTO DOMINGO DE ACOBAMBA', 1025, 0),
(120136, 1201, 'VIQUES', 1026, 0),
(120201, 1202, 'CONCEPCION', 1027, 0),
(120202, 1202, 'ACO', 1028, 0),
(120203, 1202, 'ANDAMARCA', 1029, 0),
(120204, 1202, 'CHAMBARA', 1030, 0),
(120205, 1202, 'COCHAS', 1031, 0),
(120206, 1202, 'COMAS', 1032, 0),
(120207, 1202, 'HEROINAS DE TOLEDO', 1033, 0),
(120208, 1202, 'MANZANARES', 1034, 0),
(120209, 1202, 'MARISCAL CASTILLA', 1035, 0),
(120210, 1202, 'MATAHUASI', 1036, 0),
(120211, 1202, 'MITO', 1037, 0),
(120212, 1202, 'NUEVE DE JULIO', 1038, 0),
(120213, 1202, 'ORCOTUNA', 1039, 0),
(120214, 1202, 'SAN JOSE DE QUERO', 1040, 0),
(120215, 1202, 'SANTA ROSA DE OCOPA', 1041, 0),
(120301, 1203, 'CHANCHAMAYO', 1042, 0),
(120302, 1203, 'PERENE', 1043, 0),
(120303, 1203, 'PICHANAQUI', 1044, 0),
(120304, 1203, 'SAN LUIIS DE SHUARO', 1045, 0),
(120305, 1203, 'SAN RAMON', 1046, 0),
(120306, 1203, 'VITOC', 1047, 0),
(120401, 1204, 'JAUJA', 1048, 0),
(120402, 1204, 'ACOLLA', 1049, 0),
(120403, 1204, 'APATA', 1050, 0),
(120404, 1204, 'ATAURA', 1051, 0),
(120405, 1204, 'CANCHAYLLO', 1052, 0),
(120406, 1204, 'CURICACA', 1053, 0),
(120407, 1204, 'EL MANTARO', 1054, 0),
(120408, 1204, 'HUAMALI', 1055, 0),
(120409, 1204, 'HUARIPAMPA', 1056, 0),
(120410, 1204, 'HUERTAS', 1057, 0),
(120411, 1204, 'JANJAILLO', 1058, 0),
(120412, 1204, 'JULCAN', 1059, 0),
(120413, 1204, 'LEONOR ORDO?EZ', 1060, 0),
(120414, 1204, 'LLOCLLAPAMPA', 1061, 0),
(120415, 1204, 'MARCO', 1062, 0),
(120416, 1204, 'MASMA', 1063, 0),
(120417, 1204, 'MASMA CHICCHE', 1064, 0),
(120418, 1204, 'MOLINOS', 1065, 0),
(120419, 1204, 'MONOBAMBA', 1066, 0),
(120420, 1204, 'MUQUI', 1067, 0),
(120421, 1204, 'MUQUIYAUYO', 1068, 0),
(120422, 1204, 'PACA', 1069, 0),
(120423, 1204, 'PACCHA', 1070, 0),
(120424, 1204, 'PANCAN', 1071, 0),
(120425, 1204, 'PARCO', 1072, 0),
(120426, 1204, 'POMACANCHA', 1073, 0),
(120427, 1204, 'RICRAN', 1074, 0),
(120428, 1204, 'SAN LORENZO', 1075, 0),
(120429, 1204, 'SAN PEDRO DE CHUNAN', 1076, 0),
(120430, 1204, 'SAUSA', 1077, 0),
(120431, 1204, 'SINCOS', 1078, 0),
(120432, 1204, 'TUNAN MARCA', 1079, 0),
(120433, 1204, 'YAULI', 1080, 0),
(120434, 1204, 'YAUYOS', 1081, 0),
(120501, 1205, 'JUNIN', 1082, 0),
(120502, 1205, 'CARHUAMAYO', 1083, 0),
(120503, 1205, 'ONDORES', 1084, 0),
(120504, 1205, 'ULCUMAYO', 1085, 0),
(120601, 1206, 'SATIPO', 1086, 0),
(120602, 1206, 'COVIRIALI', 1087, 0),
(120603, 1206, 'LLAYLLA', 1088, 0),
(120604, 1206, 'MAZAMARI', 1089, 0),
(120605, 1206, 'PAMPA HERMOSA', 1090, 0),
(120606, 1206, 'PANGOA', 1091, 0),
(120607, 1206, 'RIO NEGRO', 1092, 0),
(120608, 1206, 'RIO TAMBO', 1093, 0),
(120701, 1207, 'TARMA', 1094, 0),
(120702, 1207, 'ACOBAMBA', 1095, 0),
(120703, 1207, 'HUARICOLCA', 1096, 0),
(120704, 1207, 'HUASAHUASI', 1097, 0),
(120705, 1207, 'LA UNION', 1098, 0),
(120706, 1207, 'PALCA', 1099, 0),
(120707, 1207, 'PALCAMAYO', 1100, 0),
(120708, 1207, 'SAN PEDRO DE CAJAS', 1101, 0),
(120709, 1207, 'TAPO', 1102, 0),
(120801, 1208, 'LA OROYA', 1103, 0),
(120802, 1208, 'CHACAPALCA', 1104, 0),
(120803, 1208, 'HUAY-HUAY', 1105, 0),
(120804, 1208, 'MARCAPOMACOCHA', 1106, 0),
(120805, 1208, 'MOROCOCHA', 1107, 0),
(120806, 1208, 'PACCHA', 1108, 0),
(120807, 1208, 'STA BARBARA DE CARHUACAY', 1109, 0),
(120808, 1208, 'SANTA ROSA DE SACCO', 1110, 0),
(120809, 1208, 'SUITUCANCHA', 1111, 0),
(120810, 1208, 'YAULI', 1112, 0),
(120901, 1209, 'CHUPACA', 1113, 0),
(120902, 1209, 'AHUAC', 1114, 0),
(120903, 1209, 'CHONGOS BAJO', 1115, 0),
(120904, 1209, 'HUACHAC', 1116, 0),
(120905, 1209, 'HUAMANCACA CHICO', 1117, 0),
(120906, 1209, 'SAN JUAN DE ISCOS', 1118, 0),
(120907, 1209, 'SAN JUAN DE JARPA', 1119, 0),
(120908, 1209, 'TRES DE DICIEMBRE', 1120, 0),
(120909, 1209, 'YANACANCHA', 1121, 0),
(130101, 1301, 'TRUJILLO', 1122, 0),
(130102, 1301, 'EL PORVENIR', 1123, 0),
(130103, 1301, 'FLORENCIA DE MORA', 1124, 0),
(130104, 1301, 'HUANCHACO', 1125, 0),
(130105, 1301, 'LA ESPERANZA', 1126, 0),
(130106, 1301, 'LAREDO', 1127, 0),
(130107, 1301, 'MOCHE', 1128, 0),
(130108, 1301, 'POROTO', 1129, 0),
(130109, 1301, 'SALAVERRY', 1130, 0),
(130110, 1301, 'SIMBAL', 1131, 0),
(130111, 1301, 'VICTOR LARCO HERRERA', 1132, 0),
(130201, 1302, 'ASCOPE', 1133, 0),
(130202, 1302, 'CHICAMA', 1134, 0),
(130203, 1302, 'CHOCOPE', 1135, 0),
(130204, 1302, 'MAGDALENA DE CAO', 1136, 0),
(130205, 1302, 'PAIJAN', 1137, 0),
(130206, 1302, 'RAZURI', 1138, 0),
(130207, 1302, 'SANTIAGO DE CAO', 1139, 0),
(130208, 1302, 'CASA GRANDE', 1140, 0),
(130301, 1303, 'BOLIVAR', 1141, 0),
(130302, 1303, 'BAMBAMARCA', 1142, 0),
(130303, 1303, 'CONDORMARCA', 1143, 0),
(130304, 1303, 'LONGOTEA', 1144, 0),
(130305, 1303, 'UCHUMARCA', 1145, 0),
(130306, 1303, 'UCUNCHA', 1146, 0),
(130401, 1304, 'CHEPEN', 1147, 0),
(130402, 1304, 'PACANGA', 1148, 0),
(130403, 1304, 'PUEBLO NUEVO', 1149, 0),
(130501, 1305, 'JULCAN', 1150, 0),
(130502, 1305, 'CALAMARCA', 1151, 0),
(130503, 1305, 'CARABAMBA', 1152, 0),
(130504, 1305, 'HUASO', 1153, 0),
(130601, 1306, 'OTUZCO', 1154, 0),
(130602, 1306, 'AGALLPAMPA', 1155, 0),
(130604, 1306, 'CHARAT', 1156, 0),
(130605, 1306, 'HUARANCHAL', 1157, 0),
(130606, 1306, 'LA CUESTA', 1158, 0),
(130608, 1306, 'MACHE', 1159, 0),
(130610, 1306, 'PARADAY', 1160, 0),
(130611, 1306, 'SALPO', 1161, 0),
(130613, 1306, 'SINSICAP', 1162, 0),
(130614, 1306, 'USQUIL', 1163, 0),
(130701, 1307, 'SAN PEDRO DE LLOC', 1164, 0),
(130702, 1307, 'GUADALUPE', 1165, 0),
(130703, 1307, 'JEQUETEPEQUE', 1166, 0),
(130704, 1307, 'PACASMAYO', 1167, 0),
(130705, 1307, 'SAN JOSE', 1168, 0),
(130801, 1308, 'TAYABAMBA', 1169, 0),
(130802, 1308, 'BULDIBUYO', 1170, 0),
(130803, 1308, 'CHILLIA', 1171, 0),
(130804, 1308, 'HUANCASPATA', 1172, 0),
(130805, 1308, 'HUAYLILLAS', 1173, 0),
(130806, 1308, 'HUAYO', 1174, 0),
(130807, 1308, 'ONGON', 1175, 0),
(130808, 1308, 'PARCOY', 1176, 0),
(130809, 1308, 'PATAZ', 1177, 0),
(130810, 1308, 'PIAS', 1178, 0),
(130811, 1308, 'SANTIAGO DE CHALLAS', 1179, 0),
(130812, 1308, 'TAURIJA', 1180, 0),
(130813, 1308, 'URPAY', 1181, 0),
(130901, 1309, 'HUAMACHUCO', 1182, 0),
(130902, 1309, 'CHUGAY', 1183, 0),
(130903, 1309, 'COCHORCO', 1184, 0),
(130904, 1309, 'CURGOS', 1185, 0),
(130905, 1309, 'MARCABAL', 1186, 0),
(130906, 1309, 'SANAGORAN', 1187, 0),
(130907, 1309, 'SARIN', 1188, 0),
(130908, 1309, 'SARTIMBAMBA', 1189, 0),
(131001, 1310, 'SANTIAGO DE CHUCO', 1190, 0),
(131002, 1310, 'ANGASMARCA', 1191, 0),
(131003, 1310, 'CACHICADAN', 1192, 0),
(131004, 1310, 'MOLLEBAMBA', 1193, 0),
(131005, 1310, 'MOLLEPATA', 1194, 0),
(131006, 1310, 'QUIRUVILCA', 1195, 0),
(131007, 1310, 'SANTA CRUZ DE CHUCA', 1196, 0),
(131008, 1310, 'SITABAMBA', 1197, 0),
(131101, 1311, 'CASCAS', 1198, 0),
(131102, 1311, 'LUCMA', 1199, 0),
(131103, 1311, 'MARMOT', 1200, 0),
(131104, 1311, 'SAYAPULLO', 1201, 0),
(131201, 1312, 'VIRU', 1202, 0),
(131202, 1312, 'CHAO', 1203, 0),
(131203, 1312, 'GUADALUPITO', 1204, 0),
(140101, 1401, 'CHICLAYO', 1205, 0),
(140102, 1401, 'CHONGOYAPE', 1206, 0),
(140103, 1401, 'ETEN', 1207, 0),
(140104, 1401, 'ETEN PUERTO', 1208, 0),
(140105, 1401, 'JOSE LEONARDO ORTIZ', 1209, 0),
(140106, 1401, 'LA VICTORIA', 1210, 0),
(140107, 1401, 'LAGUNAS', 1211, 0),
(140108, 1401, 'MONSEFU', 1212, 0),
(140109, 1401, 'NUEVA ARICA', 1213, 0),
(140110, 1401, 'OYOTUN', 1214, 0),
(140111, 1401, 'PICSI', 1215, 0),
(140112, 1401, 'PIMENTEL', 1216, 0),
(140113, 1401, 'REQUE', 1217, 0),
(140114, 1401, 'SANTA ROSA', 1218, 0),
(140115, 1401, 'SA?A', 1219, 0),
(140116, 1401, 'CAYALTI', 1220, 0),
(140117, 1401, 'PATAPO', 1221, 0),
(140118, 1401, 'POMALCA', 1222, 0),
(140119, 1401, 'PUCALA', 1223, 0),
(140120, 1401, 'TUMAN', 1224, 0),
(140201, 1402, 'FERRE?AFE', 1225, 0),
(140202, 1402, 'CA?ARIS', 1226, 0),
(140203, 1402, 'INCAHUASI', 1227, 0),
(140204, 1402, 'MANUEL A MESONES MURO', 1228, 0),
(140205, 1402, 'PITIPO', 1229, 0),
(140206, 1402, 'PUEBLO NUEVO', 1230, 0),
(140301, 1403, 'LAMBAYEQUE', 1231, 0),
(140302, 1403, 'CHOCHOPE', 1232, 0),
(140303, 1403, 'ILLIMO', 1233, 0),
(140304, 1403, 'JAYANCA', 1234, 0),
(140305, 1403, 'MOCHUMI', 1235, 0),
(140306, 1403, 'MORROPE', 1236, 0),
(140307, 1403, 'MOTUPE', 1237, 0),
(140308, 1403, 'OLMOS', 1238, 0),
(140309, 1403, 'PACORA', 1239, 0),
(140310, 1403, 'SALAS', 1240, 0),
(140311, 1403, 'SAN JOSE', 1241, 0),
(140312, 1403, 'TUCUME', 1242, 0),
(150101, 1501, 'LIMA', 1243, 1),
(150102, 1501, 'ANCON', 1244, 1),
(150103, 1501, 'ATE', 1245, 1),
(150104, 1501, 'BARRANCO', 1246, 1),
(150105, 1501, 'BREÑA', 1247, 1),
(150106, 1501, 'CARABAYLLO', 1248, 1),
(150107, 1501, 'CHACLACAYO', 1249, 1),
(150108, 1501, 'CHORRILLOS', 1250, 1),
(150109, 1501, 'CIENEGUILLA', 1251, 1),
(150110, 1501, 'COMAS', 1252, 1),
(150111, 1501, 'EL AGUSTINO', 1253, 1),
(150112, 1501, 'INDEPENDENCIA', 1254, 1),
(150113, 1501, 'JESUS MARIA', 1255, 1),
(150114, 1501, 'LA MOLINA', 1256, 1),
(150115, 1501, 'LA VICTORIA', 1257, 1),
(150116, 1501, 'LINCE', 1258, 1),
(150117, 1501, 'LOS OLIVOS', 1259, 1),
(150118, 1501, 'LURIGANCHO', 1260, 1),
(150119, 1501, 'LURIN', 1261, 1),
(150120, 1501, 'MAGDALENA DEL MAR', 1262, 1),
(150121, 1501, 'PUEBLO LIBRE', 1263, 1),
(150122, 1501, 'MIRAFLORES', 1264, 1),
(150123, 1501, 'PACHACAMAC', 1265, 1),
(150124, 1501, 'PUCUSANA', 1266, 1),
(150125, 1501, 'PUENTE PIEDRA', 1267, 1),
(150126, 1501, 'PUNTA HERMOZA', 1268, 1),
(150127, 1501, 'PUNTA NEGRA', 1269, 1),
(150128, 1501, 'RIMAC', 1270, 1),
(150129, 1501, 'SAN BARTOLO', 1271, 1),
(150130, 1501, 'SAN BORJA', 1272, 1),
(150131, 1501, 'SAN ISIDRO', 1273, 1),
(150132, 1501, 'SAN JUAN DE LURIGANCHO', 1274, 1),
(150133, 1501, 'SAN JUAN DE MIRAFLORES', 1275, 1),
(150134, 1501, 'SAN LUIS', 1276, 1),
(150135, 1501, 'SAN MARTIN DE PORRES', 1277, 1),
(150136, 1501, 'SAN MIGUEL', 1278, 1),
(150137, 1501, 'SANTA ANITA', 1279, 1),
(150138, 1501, 'SANTA MARIA DEL MAR', 1280, 1),
(150139, 1501, 'SANTA ROSA', 1281, 1),
(150140, 1501, 'SANTIAGO DE SURCO', 1282, 1),
(150141, 1501, 'SURQUILLO', 1283, 1),
(150142, 1501, 'VILLA EL SALVADOR', 1284, 1),
(150143, 1501, 'VILLA MARIA DEL TRIUNFO', 1285, 1),
(150201, 1502, 'BARRANCA', 1286, 1),
(150202, 1502, 'PARAMONGA', 1287, 1),
(150203, 1502, 'PATIVILCA', 1288, 1),
(150204, 1502, 'SUPE', 1289, 1),
(150205, 1502, 'SUPE PUERTO', 1290, 1),
(150301, 1503, 'CAJATAMBO', 1291, 1),
(150302, 1503, 'COPA', 1292, 1),
(150303, 1503, 'GONGOR', 1293, 1),
(150304, 1503, 'HUANCAPON', 1294, 1),
(150305, 1503, 'MANAS', 1295, 1),
(150401, 1504, 'CANTA', 1296, 1),
(150402, 1504, 'ARAHUAY', 1297, 1),
(150403, 1504, 'HUAMANTANGA', 1298, 1),
(150404, 1504, 'HUAROS', 1299, 1),
(150405, 1504, 'LACHAQUI', 1300, 1),
(150406, 1504, 'SAN BUENAVENTURA', 1301, 1),
(150407, 1504, 'SANTA ROSA DE QUIVES', 1302, 1),
(150501, 1505, 'SAN VICENTE DE CA?ETE', 1303, 1),
(150502, 1505, 'ASIA', 1304, 1),
(150503, 1505, 'CALANGO', 1305, 1),
(150504, 1505, 'CERRO AZUL', 1306, 1),
(150505, 1505, 'CHILCA', 1307, 1),
(150506, 1505, 'COAYLLO', 1308, 1),
(150507, 1505, 'IMPERIAL', 1309, 1),
(150508, 1505, 'LUNAHUANA', 1310, 1),
(150509, 1505, 'MALA', 1311, 1),
(150510, 1505, 'NUEVO IMPERIAL', 1312, 1),
(150511, 1505, 'PACARAN', 1313, 1),
(150512, 1505, 'QUILMANA', 1314, 1),
(150513, 1505, 'SAN ANTONIO', 1315, 1),
(150514, 1505, 'SAN LUIS', 1316, 1),
(150515, 1505, 'SANTA CRUZ DE FLORES', 1317, 1),
(150516, 1505, 'ZU?IGA', 1318, 1),
(150601, 1506, 'HUARAL', 1319, 1),
(150602, 1506, 'ATAVILLOS ALTO', 1320, 1),
(150603, 1506, 'ATAVILLOS BAJO', 1321, 1),
(150604, 1506, 'AUCALLAMA', 1322, 1),
(150605, 1506, 'CHANCAY', 1323, 1),
(150606, 1506, 'IHUARI', 1324, 1),
(150607, 1506, 'LAMPIAN', 1325, 1),
(150608, 1506, 'PACARAOS', 1326, 1),
(150609, 1506, 'SAN MIGUEL DE ACOS', 1327, 1),
(150610, 1506, 'SANTA CRUZ DE ANDAMARCA', 1328, 1),
(150611, 1506, 'SUMBILCA', 1329, 1),
(150612, 1506, 'VEINTISIETE DE NOVIEMBRE', 1330, 1),
(150701, 1507, 'MATUCANA', 1331, 1),
(150702, 1507, 'ANTIOQUINA', 1332, 1),
(150703, 1507, 'CALLAHUANCA', 1333, 1),
(150704, 1507, 'CARAMPOMA', 1334, 1),
(150705, 1507, 'CHICLA', 1335, 1),
(150706, 1507, 'CUENCA', 1336, 1),
(150707, 1507, 'HUACHUPAMPA', 1337, 1),
(150708, 1507, 'HUANZA', 1338, 1),
(150709, 1507, 'HUAROCHIRI', 1339, 1),
(150710, 1507, 'LAHUAYTAMBO', 1340, 1),
(150711, 1507, 'LANGA', 1341, 1),
(150712, 1507, 'LARAOS', 1342, 1),
(150713, 1507, 'MARIATANA', 1343, 1),
(150714, 1507, 'RICARDO PALMA', 1344, 1),
(150715, 1507, 'SAN ANDRES DE TUPICOCHA', 1345, 1),
(150716, 1507, 'SAN ANTONIO', 1346, 1),
(150717, 1507, 'SAN BARTOLOME', 1347, 1),
(150718, 1507, 'SAN DAMIAN', 1348, 1),
(150719, 1507, 'SAN JUAN DE IRIS', 1349, 1),
(150720, 1507, 'SAN JUAN DE TANTARACHE', 1350, 1),
(150721, 1507, 'SAN LOREZO DE QUINTI', 1351, 1),
(150722, 1507, 'SAN MATEO', 1352, 1),
(150723, 1507, 'SAN MATEO DE OTAO', 1353, 1),
(150724, 1507, 'SAN PEDRO DE CASTA', 1354, 1),
(150725, 1507, 'SAN PEDRO DE HUANCAYRE', 1355, 1),
(150726, 1507, 'SANGALLAYA', 1356, 1),
(150727, 1507, 'SANTA CRUZ DE COCACHACRA', 1357, 1),
(150728, 1507, 'SANTA EULALIA', 1358, 1),
(150729, 1507, 'SANTIAGO DE ANCHUCAYA', 1359, 1),
(150730, 1507, 'SANTIAGO DE TUNA', 1360, 1),
(150731, 1507, 'STO DMGO DE LOS OLLEROS', 1361, 1),
(150732, 1507, 'SURCO', 1362, 1),
(150801, 1508, 'HUACHO', 1363, 1),
(150802, 1508, 'AMBAR', 1364, 1),
(150803, 1508, 'CALETA DE CARQUIN', 1365, 1),
(150804, 1508, 'CHECRAS', 1366, 1),
(150805, 1508, 'HUALMAY', 1367, 1),
(150806, 1508, 'HUAURA', 1368, 1),
(150807, 1508, 'LEONCIO PRADO', 1369, 1),
(150808, 1508, 'PACCHO', 1370, 1),
(150809, 1508, 'SANTA LEONOR', 1371, 1),
(150810, 1508, 'SANTA MARIA', 1372, 1),
(150811, 1508, 'SAYAN', 1373, 1),
(150812, 1508, 'VEGUETA', 1374, 1),
(150901, 1509, 'OYON', 1375, 1),
(150902, 1509, 'ANDAJES', 1376, 1),
(150903, 1509, 'CAUJUL', 1377, 1),
(150904, 1509, 'COCHAMARCA', 1378, 1),
(150905, 1509, 'NAVAN', 1379, 1),
(150906, 1509, 'PACHANGARA', 1380, 1),
(151001, 1510, 'YAUYOS', 1381, 1),
(151002, 1510, 'ALIS', 1382, 1),
(151003, 1510, 'AYAUCA', 1383, 1),
(151004, 1510, 'AYAVIRI', 1384, 1),
(151005, 1510, 'AZANGARO', 1385, 1),
(151006, 1510, 'CACRA', 1386, 1),
(151007, 1510, 'CARANIA', 1387, 1),
(151008, 1510, 'CATAHUASI', 1388, 1),
(151009, 1510, 'CHOCOS', 1389, 1),
(151010, 1510, 'COCHAS', 1390, 1),
(151011, 1510, 'COLONIA', 1391, 1),
(151012, 1510, 'HONGOS', 1392, 1),
(151013, 1510, 'HUAMPARA', 1393, 1),
(151014, 1510, 'HUANCAYA', 1394, 1),
(151015, 1510, 'HUANGASCAR', 1395, 1),
(151016, 1510, 'HUANTAN', 1396, 1),
(151017, 1510, 'HUA?EC', 1397, 1),
(151018, 1510, 'LARAOS', 1398, 1),
(151019, 1510, 'LINCHA', 1399, 1),
(151020, 1510, 'MADEAN', 1400, 1),
(151021, 1510, 'MIRAFLORES', 1401, 1),
(151022, 1510, 'OMAS', 1402, 1),
(151023, 1510, 'PUTINZA', 1403, 1),
(151024, 1510, 'QUINCHES', 1404, 1),
(151025, 1510, 'QUINOCAY', 1405, 1),
(151026, 1510, 'SAN JOAQUIN', 1406, 1),
(151027, 1510, 'SAN PEDRO DE PILAS', 1407, 1),
(151028, 1510, 'TANTA', 1408, 1);
INSERT INTO `ndistrito` (`NDIST_ID`, `NPROV_ID`, `NDIST_NOMBRE`, `NDIST_ORDEN`, `NDIST_ESTADO`) VALUES
(151029, 1510, 'TAURIPAMPA', 1409, 1),
(151030, 1510, 'TOMAS', 1410, 1),
(151031, 1510, 'TUPE', 1411, 1),
(151032, 1510, 'VI?AC', 1412, 1),
(151033, 1510, 'VITIS', 1413, 1),
(160101, 1601, 'IQUITOS', 1414, 0),
(160102, 1601, 'ALTO NANAY', 1415, 0),
(160103, 1601, 'FERNANDO LORES', 1416, 0),
(160104, 1601, 'INDIANA', 1417, 0),
(160105, 1601, 'LAS AMAZONAS', 1418, 0),
(160106, 1601, 'MAZAN', 1419, 0),
(160107, 1601, 'NAPO', 1420, 0),
(160108, 1601, 'PUNCHANA', 1421, 0),
(160109, 1601, 'PUTUMAYO', 1422, 0),
(160110, 1601, 'TORRES CAUSANA', 1423, 0),
(160112, 1601, 'BELEN', 1424, 0),
(160113, 1601, 'SAN JUAN BAUTISTA', 1425, 0),
(160201, 1602, 'YURIMAGUAS', 1426, 0),
(160202, 1602, 'BALSAPUERTO', 1427, 0),
(160203, 1602, 'BARRANCA', 1428, 0),
(160204, 1602, 'CAHUAPANAS', 1429, 0),
(160205, 1602, 'JEBEROS', 1430, 0),
(160206, 1602, 'LAGUNAS', 1431, 0),
(160207, 1602, 'MANSERICHE', 1432, 0),
(160208, 1602, 'MORONA', 1433, 0),
(160209, 1602, 'PASTAZA', 1434, 0),
(160210, 1602, 'SANTA CRUZ', 1435, 0),
(160211, 1602, 'TNTECESAR LOPEZ ROJAS', 1436, 0),
(160301, 1603, 'NAUTA', 1437, 0),
(160302, 1603, 'PARINARI', 1438, 0),
(160303, 1603, 'TIGRE', 1439, 0),
(160304, 1603, 'TROMPETEROS', 1440, 0),
(160305, 1603, 'URARINAS', 1441, 0),
(160401, 1604, 'RAMON CASTILLA', 1442, 0),
(160402, 1604, 'PEBAS', 1443, 0),
(160403, 1604, 'YAVARI', 1444, 0),
(160404, 1604, 'SAN PABLO', 1445, 0),
(160501, 1605, 'REQUENA', 1446, 0),
(160502, 1605, 'ALTO TAPICHE', 1447, 0),
(160503, 1605, 'CAPELO', 1448, 0),
(160504, 1605, 'EMILIO SAN MARTIN', 1449, 0),
(160505, 1605, 'MAQUIA', 1450, 0),
(160506, 1605, 'PUINAHUA', 1451, 0),
(160507, 1605, 'SAQUENA', 1452, 0),
(160508, 1605, 'SOPLIN', 1453, 0),
(160509, 1605, 'TAPICHE', 1454, 0),
(160510, 1605, 'JENARO HERRERA', 1455, 0),
(160511, 1605, 'YAQUERANA', 1456, 0),
(160601, 1606, 'CONTAMANA', 1457, 0),
(160602, 1606, 'INAHUANA', 1458, 0),
(160603, 1606, 'PADRE MARQUEZ', 1459, 0),
(160604, 1606, 'PAMPA HERMOSA', 1460, 0),
(160605, 1606, 'SARAYACU', 1461, 0),
(160606, 1606, 'VARGAS GUERRA', 1462, 0),
(170101, 1701, 'TAMBOPATA', 1463, 0),
(170102, 1701, 'INAMBARI', 1464, 0),
(170103, 1701, 'LAS PIEDRAS', 1465, 0),
(170104, 1701, 'LABERINTOS', 1466, 0),
(170201, 1702, 'MANU', 1467, 0),
(170202, 1702, 'FITZCARRALD', 1468, 0),
(170203, 1702, 'MADRE DE DIOS', 1469, 0),
(170301, 1703, 'I?APARI', 1470, 0),
(170302, 1703, 'IBERIA', 1471, 0),
(170303, 1703, 'TAHUAMANU', 1472, 0),
(180101, 1801, 'MOQUEGUA', 1473, 0),
(180102, 1801, 'CARUMAS', 1474, 0),
(180103, 1801, 'CUCHUMBAYA', 1475, 0),
(180104, 1801, 'SAMEGUA', 1476, 0),
(180105, 1801, 'SAN CRISTOBAL', 1477, 0),
(180106, 1801, 'TORATA', 1478, 0),
(180201, 1802, 'OMATE', 1479, 0),
(180202, 1802, 'CHOJATA', 1480, 0),
(180203, 1802, 'COALAQUE', 1481, 0),
(180204, 1802, 'ICHU?A', 1482, 0),
(180205, 1802, 'LA CAPILLA', 1483, 0),
(180206, 1802, 'LLOQUE', 1484, 0),
(180207, 1802, 'MATALAQUE', 1485, 0),
(180208, 1802, 'PUQUINA', 1486, 0),
(180209, 1802, 'QUINISTAQUILLAS', 1487, 0),
(180210, 1802, 'UBINAS', 1488, 0),
(180211, 1802, 'YUNGA', 1489, 0),
(180301, 1803, 'ILO', 1490, 0),
(180302, 1803, 'EL ALGARROBAL', 1491, 0),
(180303, 1803, 'PACOCHA', 1492, 0),
(190101, 1901, 'CHAUPIMARCA', 1493, 0),
(190102, 1901, 'HUACHON', 1494, 0),
(190103, 1901, 'HUARIACA', 1495, 0),
(190104, 1901, 'HUAYLLAY', 1496, 0),
(190105, 1901, 'NINACACA', 1497, 0),
(190106, 1901, 'PALLANCHACRA', 1498, 0),
(190107, 1901, 'PAUCARTAMBO', 1499, 0),
(190108, 1901, 'SN FCO DE ASIS DE YARUSYA', 1500, 0),
(190109, 1901, 'SIMON BOLIVAR', 1501, 0),
(190110, 1901, 'TICLACAYAN', 1502, 0),
(190111, 1901, 'TINYAHUARCO', 1503, 0),
(190112, 1901, 'VICCO', 1504, 0),
(190113, 1901, 'YANACANCHA', 1505, 0),
(190201, 1902, 'YANAHUANCA', 1506, 0),
(190202, 1902, 'CHACAYAN', 1507, 0),
(190203, 1902, 'GOYLLARISQUIZGA', 1508, 0),
(190204, 1902, 'PAUCAR', 1509, 0),
(190205, 1902, 'SAN PEDRO DE PILLAO', 1510, 0),
(190206, 1902, 'SANTA ANA DE TUSI', 1511, 0),
(190207, 1902, 'TAPUC', 1512, 0),
(190208, 1902, 'VILCABAMBA', 1513, 0),
(190301, 1903, 'OXAPAMPA', 1514, 0),
(190302, 1903, 'CHONTABAMBA', 1515, 0),
(190303, 1903, 'HUANCABAMBA', 1516, 0),
(190304, 1903, 'PALCAZU', 1517, 0),
(190305, 1903, 'POZUZO', 1518, 0),
(190306, 1903, 'PUERTO BERMUDEZ', 1519, 0),
(190307, 1903, 'VILLA RICA', 1520, 0),
(200101, 2001, 'PIURA', 1521, 0),
(200104, 2001, 'CASTILLA', 1522, 0),
(200105, 2001, 'CATACAOS', 1523, 0),
(200107, 2001, 'CURA MORI', 1524, 0),
(200108, 2001, 'EL TALLAN', 1525, 0),
(200109, 2001, 'LA ARENA', 1526, 0),
(200110, 2001, 'LA UNION', 1527, 0),
(200111, 2001, 'LAS LOMAS', 1528, 0),
(200114, 2001, 'TAMBO GRANDE', 1529, 0),
(200201, 2002, 'AYABACA', 1530, 0),
(200202, 2002, 'FRIAS', 1531, 0),
(200203, 2002, 'JILILI', 1532, 0),
(200204, 2002, 'LAGUNAS', 1533, 0),
(200205, 2002, 'MONTERO', 1534, 0),
(200206, 2002, 'PACAIPAMPA', 1535, 0),
(200207, 2002, 'PAIMAS', 1536, 0),
(200208, 2002, 'SAPILLICA', 1537, 0),
(200209, 2002, 'SICCHEZ', 1538, 0),
(200210, 2002, 'SUYO', 1539, 0),
(200301, 2003, 'HUANCABAMBA', 1540, 0),
(200302, 2003, 'CANCHAQUE', 1541, 0),
(200303, 2003, 'EL CARMEN DE LA FRONTERA', 1542, 0),
(200304, 2003, 'HUARMACA', 1543, 0),
(200305, 2003, 'LALAQUIZ', 1544, 0),
(200306, 2003, 'SAN MIGUEL DE EL FAIQUE', 1545, 0),
(200307, 2003, 'SONDOR', 1546, 0),
(200308, 2003, 'SONDORILLO', 1547, 0),
(200401, 2004, 'CHULUCANAS', 1548, 0),
(200402, 2004, 'BUENOS AIRES', 1549, 0),
(200403, 2004, 'CHALACO', 1550, 0),
(200404, 2004, 'LA MATANZA', 1551, 0),
(200405, 2004, 'MORROPON', 1552, 0),
(200406, 2004, 'SALITRAL', 1553, 0),
(200407, 2004, 'SAN JUAN DE BIGOTE', 1554, 0),
(200408, 2004, 'SANTA CATALINA DE MOSSA', 1555, 0),
(200409, 2004, 'SANTO DOMINGO', 1556, 0),
(200410, 2004, 'YAMANGO', 1557, 0),
(200501, 2005, 'PAITA', 1558, 0),
(200502, 2005, 'AMOTAPE', 1559, 0),
(200503, 2005, 'ARENAL', 1560, 0),
(200504, 2005, 'COLAN', 1561, 0),
(200505, 2005, 'LA HUACA', 1562, 0),
(200506, 2005, 'TAMARINDO', 1563, 0),
(200507, 2005, 'VICHAYAL', 1564, 0),
(200601, 2006, 'SULLANA', 1565, 0),
(200602, 2006, 'BELLAVISTA', 1566, 0),
(200603, 2006, 'IGNACIO ESCUDERO', 1567, 0),
(200604, 2006, 'LANCONES', 1568, 0),
(200605, 2006, 'MARCAVELICA', 1569, 0),
(200606, 2006, 'MIGUEL CHECA', 1570, 0),
(200607, 2006, 'QUEROCOTILLO', 1571, 0),
(200608, 2006, 'SALITRAL', 1572, 0),
(200701, 2007, 'PARI?AS', 1573, 0),
(200702, 2007, 'EL ALTO', 1574, 0),
(200703, 2007, 'LA BREA', 1575, 0),
(200704, 2007, 'LOBITOS', 1576, 0),
(200705, 2007, 'LOS ORGANOS', 1577, 0),
(200706, 2007, 'MANCORA', 1578, 0),
(200801, 2008, 'SECHURA', 1579, 0),
(200802, 2008, 'BELLAVISTA LA UNION', 1580, 0),
(200803, 2008, 'BERNAL', 1581, 0),
(200804, 2008, 'CRISTO NOS VALGA', 1582, 0),
(200805, 2008, 'VICE', 1583, 0),
(200806, 2008, 'RINCONADA LLICUAR', 1584, 0),
(210101, 2101, 'PUNO', 1585, 0),
(210102, 2101, 'ACORA', 1586, 0),
(210103, 2101, 'AMANTANI', 1587, 0),
(210104, 2101, 'ATUNCOLLA', 1588, 0),
(210105, 2101, 'CAPACHICA', 1589, 0),
(210106, 2101, 'CHUCUITO', 1590, 0),
(210107, 2101, 'COATA', 1591, 0),
(210108, 2101, 'HUATA', 1592, 0),
(210109, 2101, 'MA?AZO', 1593, 0),
(210110, 2101, 'PAUCARCOLLA', 1594, 0),
(210111, 2101, 'PICHACANI', 1595, 0),
(210112, 2101, 'PLATERIA', 1596, 0),
(210113, 2101, 'SAN ANTONIO', 1597, 0),
(210114, 2101, 'TIQUILLACA', 1598, 0),
(210115, 2101, 'VILQUE', 1599, 0),
(210201, 2102, 'AZANGARO', 1600, 0),
(210202, 2102, 'ACHAYA', 1601, 0),
(210203, 2102, 'ARAPA', 1602, 0),
(210204, 2102, 'ASILLO', 1603, 0),
(210205, 2102, 'CAMINACA', 1604, 0),
(210206, 2102, 'CHUPA', 1605, 0),
(210207, 2102, 'JOSE DOMINGO CHOQUEHUANCA', 1606, 0),
(210208, 2102, 'MU?ANI', 1607, 0),
(210209, 2102, 'POTONI', 1608, 0),
(210210, 2102, 'SAMAN', 1609, 0),
(210211, 2102, 'SAN ANTON', 1610, 0),
(210212, 2102, 'SAN JOSE', 1611, 0),
(210213, 2102, 'SAN JUAN DE SALINAS', 1612, 0),
(210214, 2102, 'SANTIAGO DE PUPUJA', 1613, 0),
(210215, 2102, 'TIRAPATA', 1614, 0),
(210301, 2103, 'MACUSANI', 1615, 0),
(210302, 2103, 'AJOYANI', 1616, 0),
(210303, 2103, 'AYAPATA', 1617, 0),
(210304, 2103, 'COASA', 1618, 0),
(210305, 2103, 'CORANI', 1619, 0),
(210306, 2103, 'CRUCERO', 1620, 0),
(210307, 2103, 'ITUATA', 1621, 0),
(210308, 2103, 'OLLACHEA', 1622, 0),
(210309, 2103, 'SAN GABAN', 1623, 0),
(210310, 2103, 'USICAYOS', 1624, 0),
(210401, 2104, 'JULI', 1625, 0),
(210402, 2104, 'DESAGUADERO', 1626, 0),
(210403, 2104, 'HUACULLANI', 1627, 0),
(210404, 2104, 'KELLUYO', 1628, 0),
(210405, 2104, 'PISACOMA', 1629, 0),
(210406, 2104, 'POMATA', 1630, 0),
(210407, 2104, 'ZEPITA', 1631, 0),
(210501, 2105, 'ILAVE', 1632, 0),
(210502, 2105, 'CAPAZO', 1633, 0),
(210503, 2105, 'PILCUYO', 1634, 0),
(210504, 2105, 'SANTA ROSA', 1635, 0),
(210505, 2105, 'CONDURIRI', 1636, 0),
(210601, 2106, 'HUANCANE', 1637, 0),
(210602, 2106, 'COJATA', 1638, 0),
(210603, 2106, 'HUATASANI', 1639, 0),
(210604, 2106, 'INCHUPALLA', 1640, 0),
(210605, 2106, 'PUSI', 1641, 0),
(210606, 2106, 'ROSASPATA', 1642, 0),
(210607, 2106, 'TARACO', 1643, 0),
(210608, 2106, 'VILQUE CHICO', 1644, 0),
(210701, 2107, 'LAMPA', 1645, 0),
(210702, 2107, 'CABANILLA', 1646, 0),
(210703, 2107, 'CALAPUJA', 1647, 0),
(210704, 2107, 'NICASIO', 1648, 0),
(210705, 2107, 'OCUVIRI', 1649, 0),
(210706, 2107, 'PALCA', 1650, 0),
(210707, 2107, 'PARATIA', 1651, 0),
(210708, 2107, 'PUCARA', 1652, 0),
(210709, 2107, 'SANTA LUCIA', 1653, 0),
(210710, 2107, 'VILAVILA', 1654, 0),
(210801, 2108, 'AYAVIRI', 1655, 0),
(210802, 2108, 'ANTAUTA', 1656, 0),
(210803, 2108, 'CUPI', 1657, 0),
(210804, 2108, 'LLALLI', 1658, 0),
(210805, 2108, 'MACARI', 1659, 0),
(210806, 2108, 'MU?OA', 1660, 0),
(210807, 2108, 'ORURILLO', 1661, 0),
(210808, 2108, 'SANTA ROSA', 1662, 0),
(210809, 2108, 'UMACHIRI', 1663, 0),
(210901, 2109, 'MOHO', 1664, 0),
(210902, 2109, 'CONIMA', 1665, 0),
(210903, 2109, 'HUAYRAPATA', 1666, 0),
(210904, 2109, 'TILALI', 1667, 0),
(211001, 2110, 'PUTINA', 1668, 0),
(211002, 2110, 'ANANEA', 1669, 0),
(211003, 2110, 'PEDRO VILCA APAZA', 1670, 0),
(211004, 2110, 'QUILCAPUNCU', 1671, 0),
(211005, 2110, 'SINA', 1672, 0),
(211101, 2111, 'JULIACA', 1673, 0),
(211102, 2111, 'CABANA', 1674, 0),
(211103, 2111, 'CABANILLAS', 1675, 0),
(211104, 2111, 'CARACOTO', 1676, 0),
(211201, 2112, 'SANDIA', 1677, 0),
(211202, 2112, 'CUYOCUYO', 1678, 0),
(211203, 2112, 'LIMBANI', 1679, 0),
(211204, 2112, 'PATAMBUCO', 1680, 0),
(211205, 2112, 'PHARA', 1681, 0),
(211206, 2112, 'QUIACA', 1682, 0),
(211207, 2112, 'SAN JUAN DEL ORO', 1683, 0),
(211208, 2112, 'YANAHUANA', 1684, 0),
(211209, 2112, 'ALTO INAMBARI', 1685, 0),
(211301, 2113, 'YUNGUYO', 1686, 0),
(211302, 2113, 'ANAPIA', 1687, 0),
(211303, 2113, 'COPANI', 1688, 0),
(211304, 2113, 'CUTURAPI', 1689, 0),
(211305, 2113, 'OLLARAYA', 1690, 0),
(211306, 2113, 'TUNICACHI', 1691, 0),
(211307, 2113, 'UNICACHI', 1692, 0),
(220101, 2201, 'MOYOBAMBA', 1693, 0),
(220102, 2201, 'CALZADA', 1694, 0),
(220103, 2201, 'HABANA', 1695, 0),
(220104, 2201, 'JEPELACIO', 1696, 0),
(220105, 2201, 'SORITOR', 1697, 0),
(220106, 2201, 'YANTALO', 1698, 0),
(220201, 2202, 'BELLAVISTA', 1699, 0),
(220202, 2202, 'ALTO BIAVO', 1700, 0),
(220203, 2202, 'BAJO BIAVO', 1701, 0),
(220204, 2202, 'HUALLAGA', 1702, 0),
(220205, 2202, 'SAN PABLO', 1703, 0),
(220206, 2202, 'SAN RAFAEL', 1704, 0),
(220301, 2203, 'SAN JOSE DE SISA', 1705, 0),
(220302, 2203, 'AGUA BLANCA', 1706, 0),
(220303, 2203, 'SAN MARTIN', 1707, 0),
(220304, 2203, 'SANTA ROSA', 1708, 0),
(220305, 2203, 'SHATOJA', 1709, 0),
(220401, 2204, 'SAPOSOA', 1710, 0),
(220402, 2204, 'ALTO SAPOSOA', 1711, 0),
(220403, 2204, 'EL ESLABON', 1712, 0),
(220404, 2204, 'PISCOYACU', 1713, 0),
(220405, 2204, 'SACANCHE', 1714, 0),
(220406, 2204, 'TINGO DE SAPOSOA', 1715, 0),
(220501, 2205, 'LAMAS', 1716, 0),
(220502, 2205, 'ALONSO DE ALVARADO', 1717, 0),
(220503, 2205, 'BARRANQUITA', 1718, 0),
(220504, 2205, 'CAYNARACHI', 1719, 0),
(220505, 2205, 'CU?UMBUQUI', 1720, 0),
(220506, 2205, 'PINTO RECODO', 1721, 0),
(220507, 2205, 'RUMISAPA', 1722, 0),
(220508, 2205, 'SAN ROQUE DE CUMBAZA', 1723, 0),
(220509, 2205, 'SHANAO', 1724, 0),
(220510, 2205, 'TABALOSOS', 1725, 0),
(220511, 2205, 'ZAPATERO', 1726, 0),
(220601, 2206, 'JUANJUI', 1727, 0),
(220602, 2206, 'CAMPANILLA', 1728, 0),
(220603, 2206, 'HUICUNGO', 1729, 0),
(220604, 2206, 'PACHIZA', 1730, 0),
(220605, 2206, 'PAJARILLO', 1731, 0),
(220701, 2207, 'PICOTA', 1732, 0),
(220702, 2207, 'BUENOS AIRES', 1733, 0),
(220703, 2207, 'CASPISAPA', 1734, 0),
(220704, 2207, 'PILLUANA', 1735, 0),
(220705, 2207, 'PUCACACA', 1736, 0),
(220706, 2207, 'SAN CRISTOBAL', 1737, 0),
(220707, 2207, 'SAN HILARION', 1738, 0),
(220708, 2207, 'SHAMBOYACU', 1739, 0),
(220710, 2207, 'TRES UNIDOS', 1740, 0),
(220801, 2208, 'RIOJA', 1741, 0),
(220802, 2208, 'AWAJUN', 1742, 0),
(220803, 2208, 'ELIAS SOPLIN VARGAS', 1743, 0),
(220804, 2208, 'NUEVA CAJAMARCA', 1744, 0),
(220805, 2208, 'PARDO MIGUEL', 1745, 0),
(220806, 2208, 'POSIC', 1746, 0),
(220807, 2208, 'SAN FERNANDO', 1747, 0),
(220808, 2208, 'YORONGOS', 1748, 0),
(220809, 2208, 'YARACYACU', 1749, 0),
(220901, 2209, 'TARAPOTO', 1750, 0),
(220902, 2209, 'ALBERTO LEVEAU', 1751, 0),
(220903, 2209, 'CACATACHI', 1752, 0),
(220904, 2209, 'CHAZUTA', 1753, 0),
(220905, 2209, 'CHIPURANA', 1754, 0),
(220906, 2209, 'EL PORVENIR', 1755, 0),
(220907, 2209, 'HUIMBAYOC', 1756, 0),
(220908, 2209, 'JUAN GUERRA', 1757, 0),
(220909, 2209, 'LA BANDA DE SHILCAYO', 1758, 0),
(220910, 2209, 'MORALES', 1759, 0),
(220911, 2209, 'PAPAPLAYA', 1760, 0),
(220912, 2209, 'SAN ANTONIO', 1761, 0),
(220913, 2209, 'SAUCE', 1762, 0),
(220914, 2209, 'SHAPAJA', 1763, 0),
(221001, 2210, 'TOCACHE', 1764, 0),
(221002, 2210, 'NUEVO PROGRESO', 1765, 0),
(221003, 2210, 'POLVORA', 1766, 0),
(221004, 2210, 'SHUNTE', 1767, 0),
(221005, 2210, 'UCHIZA', 1768, 0),
(230101, 2301, 'TACNA', 1769, 0),
(230102, 2301, 'ALTO DE LA ALIANZA', 1770, 0),
(230103, 2301, 'CALANA', 1771, 0),
(230104, 2301, 'CIUDAD NUEVA', 1772, 0),
(230105, 2301, 'INCLAN', 1773, 0),
(230106, 2301, 'PACHIA', 1774, 0),
(230107, 2301, 'PALCA', 1775, 0),
(230108, 2301, 'POCOLLAY', 1776, 0),
(230109, 2301, 'SAMA', 1777, 0),
(230201, 2302, 'CANDARAVE', 1778, 0),
(230202, 2302, 'CAIRINI', 1779, 0),
(230203, 2302, 'CAMILACA', 1780, 0),
(230204, 2302, 'CURIBAYA', 1781, 0),
(230205, 2302, 'HUANUARA', 1782, 0),
(230206, 2302, 'QUILAHUANI', 1783, 0),
(230301, 2303, 'LOCUMBA', 1784, 0),
(230302, 2303, 'ILABAYA', 1785, 0),
(230303, 2303, 'ITE', 1786, 0),
(230401, 2304, 'TARATA', 1787, 0),
(230402, 2304, 'CHUCATAMANI', 1788, 0),
(230403, 2304, 'ESTIQUE', 1789, 0),
(230404, 2304, 'ESTIQUE-PAMPA', 1790, 0),
(230405, 2304, 'SITAJARA', 1791, 0),
(230406, 2304, 'SUSAPAYA', 1792, 0),
(230407, 2304, 'TARUCACHI', 1793, 0),
(230408, 2304, 'TICACO', 1794, 0),
(240101, 2401, 'TUMBES', 1795, 0),
(240102, 2401, 'CORRALES', 1796, 0),
(240103, 2401, 'LA CRUZ', 1797, 0),
(240104, 2401, 'PAMPAS DE HOSPITAL', 1798, 0),
(240105, 2401, 'SAN JACINTO', 1799, 0),
(240106, 2401, 'SAN JUAN DE LA VIRGEN', 1800, 0),
(240201, 2402, 'ZORRITOS', 1801, 0),
(240202, 2402, 'CASITAS', 1802, 0),
(240301, 2403, 'ZARUMILLA', 1803, 0),
(240302, 2403, 'AGUAS VERDES', 1804, 0),
(240303, 2403, 'MATAPALO', 1805, 0),
(240304, 2403, 'PAPAYAL', 1806, 0),
(250101, 2501, 'CALLERIA', 1807, 0),
(250102, 2501, 'CAMPOVERDE', 1808, 0),
(250103, 2501, 'IPARIA', 1809, 0),
(250104, 2501, 'MASISEA', 1810, 0),
(250105, 2501, 'YARINACOCHA', 1811, 0),
(250106, 2501, 'NUEVA REQUENA', 1812, 0),
(250201, 2502, 'RAYMONDI', 1813, 0),
(250202, 2502, 'SEPAHUA', 1814, 0),
(250203, 2502, 'TAHUANIA', 1815, 0),
(250204, 2502, 'YURUA', 1816, 0),
(250301, 2503, 'PADRE ABAD', 1817, 0),
(250302, 2503, 'IRAZOLA', 1818, 0),
(250303, 2503, 'CURIMANA', 1819, 0),
(250401, 2504, 'PURUS', 1820, 0);

-- --------------------------------------------------------

--
-- Estructura de tabla para la tabla `nestablecimiento`
--

CREATE TABLE IF NOT EXISTS `nestablecimiento` (
  `NRED_ID` int(2) unsigned zerofill DEFAULT NULL,
  `NMICRO_ID` int(2) unsigned zerofill DEFAULT NULL,
  `NESTA_ID` int(3) unsigned zerofill DEFAULT NULL,
  `NESTA_RENAES` int(5) unsigned zerofill NOT NULL,
  `NEST_PADRE` int(3) unsigned zerofill DEFAULT NULL,
  `NEST_NOMBRE` varchar(200) DEFAULT NULL,
  `NEST_ORDEN` int(3) unsigned zerofill DEFAULT NULL,
  `NEST_ESTADO` int(1) DEFAULT NULL,
  `NDIST_ID` int(11) DEFAULT NULL
) ENGINE=MyISAM DEFAULT CHARSET=latin1;

--
-- Volcado de datos para la tabla `nestablecimiento`
--

INSERT INTO `nestablecimiento` (`NRED_ID`, `NMICRO_ID`, `NESTA_ID`, `NESTA_RENAES`, `NEST_PADRE`, `NEST_NOMBRE`, `NEST_ORDEN`, `NEST_ESTADO`, `NDIST_ID`) VALUES
(01, 01, 001, 05791, 100, 'C.S. TAHUANTINSUYO BAJO', 001, 1, 150112),
(01, 01, 002, 05792, 100, 'C.S. TAHUANTINSUYO ALTO', 002, 1, 150112),
(01, 01, 003, 05793, 100, 'C.S. TUPAC AMARU', 003, 1, 150112),
(01, 01, 004, 05796, 100, 'P.S. JOSE OLAYA', 004, 1, 150112),
(01, 01, 005, 05794, 100, 'P.S. LAS AMERICAS', 005, 1, 150112),
(01, 01, 006, 05795, 100, 'P.S. VICTOR RAUL HAYA DE LA TORRE', 006, 1, 150112),
(01, 01, 007, 05787, 100, 'C.S. ERMITAÑO BAJO', 007, 1, 150112),
(01, 01, 008, 05786, 100, 'C.S. ERMITAÑO ALTO', 008, 1, 150112),
(01, 01, 009, 05788, 100, 'P.S. EL CARMEN', 009, 1, 150112),
(01, 01, 010, 05789, 100, 'P.S. LOS QUECHUAS', 010, 1, 150112),
(01, 01, 011, 05790, 100, 'P.S. MILAGRO DE LA FRATERNIDAD', 011, 1, 150112),
(01, 02, 005, 05772, 100, 'C.S M.I. SANTA LUZMILA II', 012, 1, 150110),
(01, 02, 001, 05766, 100, 'C.S. SANTA LUZMILA', 013, 1, 150110),
(01, 02, 002, 05768, 100, 'C.S. CARLOS PHILLIPS', 014, 1, 150110),
(01, 02, 003, 05769, 100, 'C.S. HUSARES DE JUNIN', 015, 1, 150110),
(01, 02, 004, 07684, 100, 'C.S. EL ALAMO', 016, 1, 150110),
(01, 02, 006, 05773, 100, 'P.S. CLORINDA MALAGA', 017, 1, 150110),
(01, 02, 007, 05763, 100, 'C.S. CARLOS PROTZEL', 018, 1, 150110),
(01, 02, 008, 05767, 100, 'C.S. COMAS', 019, 1, 150110),
(01, 02, 009, 06886, 100, 'C.S. SANTIAGO APOSTOL', 020, 1, 150110),
(01, 02, 010, 05765, 100, 'C.S. CARMEN MEDIO', 021, 1, 150110),
(01, 02, 011, 05764, 100, 'C.S. CARMEN ALTO', 022, 1, 150110),
(01, 02, 012, 05771, 100, 'P.S. LA PASCANA', 023, 1, 150110),
(01, 02, 013, 05770, 100, 'P.S. SEÑOR DE LOS MILAGROS', 024, 1, 150110),
(01, 03, 006, 05755, 100, 'C.S. LAURA RODRIGUEZ DULANTO DUKSIL', 025, 1, 150110),
(01, 03, 001, 05754, 100, 'C.S. COLLIQUE III ZONA', 026, 1, 150110),
(01, 03, 002, 05753, 100, 'C.S. AÑO NUEVO', 027, 1, 150110),
(01, 03, 003, 05756, 100, 'C.S. GUSTAVO LANATTA', 028, 1, 150110),
(01, 03, 004, 05762, 100, 'P.S. 11 DE JULIO', 029, 1, 150110),
(01, 03, 005, 05759, 100, 'P.S. MILAGRO DE JESUS', 030, 1, 150110),
(01, 03, 007, 05760, 100, 'P.S. SAN CARLOS', 031, 1, 150110),
(01, 03, 008, 05757, 100, 'P.S. SANGARARA', 032, 1, 150110),
(01, 03, 009, 05758, 100, 'P.S.  PRIMAVERA', 033, 1, 150110),
(01, 03, 010, 05761, 100, 'P.S. LOS GERANIOS', 034, 1, 150110),
(01, 03, 011, 12668, 100, 'P.S. NUEVA ESPERANZA', 035, 1, 150106),
(01, 04, 001, 05735, 100, 'C.S. PROGRESO', 036, 1, 150106),
(01, 04, 002, 05736, 100, 'C.S. LA FLOR', 037, 1, 150106),
(01, 04, 003, 05734, 100, 'C.S. RAUL PORRAS BARRENECHEA', 038, 1, 150106),
(01, 04, 004, 05737, 100, 'C.S. VILLA ESPERANZA', 039, 1, 150106),
(01, 04, 005, 05741, 100, 'P.S. CHOCAS', 040, 1, 150106),
(01, 04, 006, 05740, 100, 'P.S. PUNCHAUCA', 041, 1, 150106),
(01, 04, 007, 05738, 100, 'P.S. JORGE LINGAN', 042, 1, 150106),
(01, 04, 008, 05739, 100, 'P.S. LUIS ENRIQUE', 043, 1, 150106),
(01, 04, 009, 11891, 100, 'P.S. SU MAJESTAD HIROITO', 044, 1, 150106),
(01, 04, 010, 21104, 100, 'C.S. MENTAL COMUNITARIO CARABAYLLO', 045, 1, 150106),
(02, 01, 001, 07735, 101, 'C.S. JUAN PABLO II', 046, 1, 150106),
(02, 01, 002, 05822, 101, 'P.S. SAN PEDRO DE CARABAYLLO', 047, 1, 150106),
(02, 01, 003, 07138, 101, 'P.S. SAN BENITO', 048, 1, 150106),
(02, 02, 006, 05816, 101, 'C.S.M.I  DR. ENRIQUE MARTIN ALTUNA', 049, 1, 150125),
(02, 02, 005, 05818, 101, 'C.S. JERUSALEN', 050, 1, 150125),
(02, 01, 006, 05820, 101, 'C.S. LA ENSENADA', 051, 1, 150125),
(02, 01, 007, 05819, 101, 'C.S. LADERAS DE CHILLON', 052, 1, 150125),
(02, 01, 005, 05821, 101, 'C.S.M.I  LOS SUREÑOS', 053, 1, 150125),
(02, 01, 008, 05817, 101, 'C.S.M.I SANTA ROSA', 054, 1, 150125),
(02, 01, 004, 05815, 101, 'P.S. SAGRADO CORAZON DE JESUS', 055, 1, 150125),
(02, 02, 007, 10633, 101, 'P.S. JESUS OROPEZA CHONTA', 056, 1, 150125),
(02, 02, 002, 05814, 101, 'C.S.M.I. ANCON', 057, 1, 150102),
(02, 02, 003, 05823, 101, 'C.S. VILLA ESTELA', 058, 1, 150102),
(02, 02, 004, 05824, 101, 'P.S. SAN JOSE', 059, 1, 150125),
(02, 02, 001, 16525, 101, 'P.S. VILLAS DE ANCON', 060, 1, 150102),
(02, 02, 008, 05825, 101, 'P.S.VIRGEN DE LAS MERCEDES', 061, 1, 150125),
(02, 02, 009, 14727, 101, 'P.S. PROFAM', 062, 1, 150139),
(03, 01, 001, 05640, 102, 'C.S. CIUDAD Y CAMPO', 063, 1, 150128),
(03, 01, 002, 05638, 102, 'C.S. LEONCIO PRADO', 064, 1, 150128),
(03, 01, 003, 05644, 102, 'C.S.M.I. RIMAC', 065, 1, 150128),
(03, 01, 004, 05639, 102, 'C.S. SAN JUAN DE AMANCAES', 066, 1, 150128),
(03, 01, 005, 05641, 102, 'C.S. FLOR DE AMANCAES', 067, 1, 150128),
(03, 01, 006, 05752, 102, 'C.S. CAQUETA', 068, 1, 150128),
(03, 01, 007, 05642, 102, 'P.S. VILLA LOS ANGELES', 069, 1, 150128),
(03, 01, 008, 05643, 102, 'C.S. MARISCAL CASTILLA', 070, 1, 150128),
(03, 01, 009, 05842, 102, 'C.S.M.I. PIEDRA LIZA', 071, 1, 150128),
(03, 02, 001, 05746, 102, 'C.S. LOS LIBERTADORES', 072, 1, 150135),
(03, 02, 002, 05747, 102, 'C.S. VALDIVIEZO', 073, 1, 150135),
(03, 02, 003, 05742, 102, 'C.S. MEXICO', 074, 1, 150135),
(03, 02, 004, 05748, 102, 'C.S. SAN MARTIN DE PORRES', 075, 1, 150135),
(03, 02, 005, 05749, 102, 'C.S. PERU III ZONA', 076, 1, 150135),
(03, 02, 006, 05743, 102, 'C.S. PERU IV ZONA', 077, 1, 150135),
(03, 02, 007, 05744, 102, 'C.S. CONDEVILLA', 078, 1, 150135),
(03, 02, 008, 05745, 102, 'C.S. AMAKELLA', 079, 1, 150135),
(03, 02, 009, 05750, 102, 'P.S. CERRO LA REGLA', 080, 1, 150135),
(03, 02, 010, 05751, 102, 'C.S. GUSTAVO LANATTA', 081, 1, 150135),
(03, 02, 011, 05812, 102, 'C.S. SAN JUAN DE SALINAS', 082, 1, 150135),
(03, 02, 012, 05808, 102, 'P.S. CERRO CANDELA', 083, 1, 150135),
(03, 02, 013, 05805, 102, 'P.S. MESA REDONDA', 084, 1, 150135),
(03, 02, 014, 05809, 102, 'C.S. EX-FUNDO NARANJAL', 085, 1, 150135),
(03, 02, 015, 05804, 102, 'C.S. VIRGEN DEL  PILAR', 086, 1, 150135),
(03, 02, 016, 05811, 102, 'C.S. INFANTAS', 087, 1, 150135),
(03, 03, 001, 05806, 102, 'C.S. VILLA DEL NORTE', 088, 1, 150117),
(03, 03, 002, 05802, 102, 'C.S. LOS OLIVOS', 089, 1, 150117),
(03, 03, 003, 05807, 102, 'C.S. CARLOS CUETO FERNANDINI', 090, 1, 150117),
(03, 03, 004, 05803, 102, 'C.S. PRIMAVERA', 091, 1, 150117),
(03, 03, 005, 05797, 102, 'P.S. SAN MARTIN (Confraternidad)', 092, 1, 150117),
(03, 03, 006, 05798, 102, 'C.S. LAURA CALLER', 093, 1, 150117),
(03, 03, 007, 05799, 102, 'C.S.M.I. JUAN PABLO II', 094, 1, 150117),
(03, 03, 008, 05800, 102, 'C.S.  ENRIQUE MILLA OCHOA', 095, 1, 150117),
(03, 03, 009, 05810, 102, 'C.S. SAGRADO CORAZON DE JESUS', 096, 1, 150117),
(03, 03, 010, 05801, 102, 'C.S.  LOS OLIVOS DE PRO', 097, 1, 150117),
(03, 03, 011, 05813, 102, 'C.S. RIO SANTA', 098, 1, 150128),
(00, 00, 000, 00000, 000, 'DIRIS LIMA NORTE', 099, 1, 150112),
(00, 00, 000, 00001, 099, 'RED DE SALUD TUPAC AMARU', 100, 1, 150112),
(00, 00, 000, 00003, 099, 'RED DE SALUD RIMAC SMP LO', 102, 1, 150128),
(00, 00, 000, 00002, 099, 'RED DE SALUD PUENTE PIEDRA', 101, 1, 150125);

-- --------------------------------------------------------

--
-- Estructura de tabla para la tabla `nmicrored`
--

CREATE TABLE IF NOT EXISTS `nmicrored` (
  `NRED_ID` int(2) unsigned zerofill DEFAULT NULL,
  `NMICRO_ID` int(2) unsigned zerofill NOT NULL,
  `NMICRO_NOMBRE` varchar(200) DEFAULT NULL,
  `NMICRO_ORDEN` int(11) DEFAULT NULL,
  `NMICRO_ESTADO` int(11) unsigned DEFAULT NULL
) ENGINE=MyISAM DEFAULT CHARSET=latin1;

--
-- Volcado de datos para la tabla `nmicrored`
--

INSERT INTO `nmicrored` (`NRED_ID`, `NMICRO_ID`, `NMICRO_NOMBRE`, `NMICRO_ORDEN`, `NMICRO_ESTADO`) VALUES
(01, 02, 'SANTA LUZMILA', 2, 1),
(01, 03, 'COLLIQUE III ZONA', 3, 1),
(01, 04, 'CARABAYLLO', 4, 1),
(02, 02, 'ZAPALLAL', 6, 1),
(03, 01, 'RIMAC', 7, 1),
(03, 02, 'SMP', 8, 1),
(03, 03, 'LOS OLIVOS', 9, 1),
(01, 01, 'TAHUANTINSUYO BAJO', 1, 1),
(02, 01, 'SUREÑOS', 5, 1);

-- --------------------------------------------------------

--
-- Estructura de tabla para la tabla `nprovincia`
--

CREATE TABLE IF NOT EXISTS `nprovincia` (
  `NPROV_ID` int(4) unsigned zerofill NOT NULL,
  `NDEPA_ID` int(2) unsigned zerofill DEFAULT NULL,
  `NPROV_NOMBRE` varchar(200) DEFAULT NULL,
  `NPROV_ORDEN` int(11) DEFAULT NULL,
  `NPROV_ESTADO` int(11) DEFAULT NULL
) ENGINE=MyISAM DEFAULT CHARSET=latin1;

--
-- Volcado de datos para la tabla `nprovincia`
--

INSERT INTO `nprovincia` (`NPROV_ID`, `NDEPA_ID`, `NPROV_NOMBRE`, `NPROV_ORDEN`, `NPROV_ESTADO`) VALUES
(0000, 00, 'NINGUNO', 0, 0),
(0099, 05, 'KYOTO', 1, 0),
(0101, 01, 'CHACHAPOYAS', 2, 0),
(0102, 01, 'BAGUA', 3, 0),
(0103, 01, 'BONGARA', 4, 0),
(0104, 01, 'CONDORCANQUI', 5, 0),
(0105, 01, 'LUYA', 6, 0),
(0106, 01, 'RODRIGUEZ DE MENDOZA', 7, 0),
(0107, 01, 'UTCUBAMBA', 8, 0),
(0201, 02, 'HUARAZ', 9, 0),
(0202, 02, 'AIJA', 10, 0),
(0203, 02, 'ANTONIO RAYMONDI', 11, 0),
(0204, 02, 'ASUNCION', 12, 0),
(0205, 02, 'BOLOGNESI', 13, 0),
(0206, 02, 'CARHUAZ', 14, 0),
(0207, 02, 'CARLOS F. FITZCARRALD', 15, 0),
(0208, 02, 'CASMA', 16, 0),
(0209, 02, 'CORONGO', 17, 0),
(0210, 02, 'HUARI', 18, 0),
(0211, 02, 'HUARMEY', 19, 0),
(0212, 02, 'HUAYLAS', 20, 0),
(0213, 02, 'MARISCAL LUZURIAGA', 21, 0),
(0214, 02, 'OCROS', 22, 0),
(0215, 02, 'PALLASCA', 23, 0),
(0216, 02, 'POMABAMBA', 24, 0),
(0217, 02, 'RECUAY', 25, 0),
(0218, 02, 'SANTA', 26, 0),
(0219, 02, 'SIHUAS', 27, 0),
(0220, 02, 'YUNGAY', 28, 0),
(0301, 03, 'ABANCAY', 29, 0),
(0302, 03, 'ANDAHUAYLAS', 30, 0),
(0303, 03, 'ANTABAMBA', 31, 0),
(0304, 03, 'AYMARAES', 32, 0),
(0305, 03, 'COTABAMBAS', 33, 0),
(0306, 03, 'CHINCHEROS', 34, 0),
(0307, 03, 'GRAU', 35, 0),
(0401, 04, 'AREQUIPA', 36, 0),
(0402, 04, 'CAMANA', 37, 0),
(0403, 04, 'CARAVELI', 38, 0),
(0404, 04, 'CASTILLA', 39, 0),
(0405, 04, 'CAYLLOMA', 40, 0),
(0406, 04, 'CONDESUYOS', 41, 0),
(0407, 04, 'ISLAY', 42, 0),
(0408, 04, 'LA UNION', 43, 0),
(0501, 05, 'HUAMANGA', 44, 0),
(0502, 05, 'CANGALLO', 45, 0),
(0503, 05, 'HUANCA SANCOS', 46, 0),
(0504, 05, 'HUANTA', 47, 0),
(0505, 05, 'LA MAR', 48, 0),
(0506, 05, 'LUCANAS', 49, 0),
(0507, 05, 'PARINACOCHAS', 50, 0),
(0508, 05, 'PAUCAR DEL SARA SARA', 51, 0),
(0509, 05, 'SUCRE', 52, 0),
(0510, 05, 'VICTOR FAJARDO', 53, 0),
(0511, 05, 'VILCASHUAMAN', 54, 0),
(0601, 06, 'CAJAMARCA', 55, 0),
(0602, 06, 'CAJABAMBA', 56, 0),
(0603, 06, 'CELENDIN', 57, 0),
(0604, 06, 'CHOTA', 58, 0),
(0605, 06, 'CONTUMAZA', 59, 0),
(0606, 06, 'CUTERVO', 60, 0),
(0607, 06, 'HUALGAYOC', 61, 0),
(0608, 06, 'JAEN', 62, 0),
(0609, 06, 'SAN IGNACIO', 63, 0),
(0610, 06, 'SAN MARCOS', 64, 0),
(0611, 06, 'SAN MIGUEL', 65, 0),
(0612, 06, 'SAN PABLO', 66, 0),
(0613, 06, 'SANTA CRUZ', 67, 0),
(0701, 07, 'CALLAO', 68, 0),
(0801, 08, 'CUSCO', 69, 0),
(0802, 08, 'ACOMAYO', 70, 0),
(0803, 08, 'ANTA', 71, 0),
(0804, 08, 'CALCA', 72, 0),
(0805, 08, 'CANAS', 73, 0),
(0806, 08, 'CANCHIS', 74, 0),
(0807, 08, 'CHUMBIVILCAS', 75, 0),
(0808, 08, 'ESPINAR', 76, 0),
(0809, 08, 'LA CONVENCION', 77, 0),
(0810, 08, 'PARURO', 78, 0),
(0811, 08, 'PAUCARTAMBO', 79, 0),
(0812, 08, 'QUISPICANCHI', 80, 0),
(0813, 08, 'URUBAMBA', 81, 0),
(0901, 09, 'HUANCAVELICA', 82, 0),
(0902, 09, 'ACOBAMBA', 83, 0),
(0903, 09, 'ANGARAES', 84, 0),
(0904, 09, 'CASTROVIRREYNA', 85, 0),
(0905, 09, 'CHURCAMPA', 86, 0),
(0906, 09, 'HUAYTARA', 87, 0),
(0907, 09, 'TAYACAJA', 88, 0),
(1001, 10, 'HUANUCO', 89, 0),
(1002, 10, 'AMBO', 90, 0),
(1003, 10, 'DOS DE MAYO', 91, 0),
(1004, 10, 'HUACAYBAMBA', 92, 0),
(1005, 10, 'HUAMALIES', 93, 0),
(1006, 10, 'LEONCIO PRADO', 94, 0),
(1007, 10, 'MARAÂ¥ON', 95, 0),
(1008, 10, 'PACHITECA', 96, 0),
(1009, 10, 'PUERTO INCA', 97, 0),
(1010, 10, 'LAURICOCHA', 98, 0),
(1011, 10, 'YAROWILCA', 99, 0),
(1101, 11, 'ICA', 100, 0),
(1102, 11, 'CHINCHA', 101, 0),
(1103, 11, 'NASCA', 102, 0),
(1104, 11, 'PALPA', 103, 0),
(1105, 11, 'PISCO', 104, 0),
(1201, 12, 'HUANCAYO', 105, 0),
(1202, 12, 'CONCEPCION', 106, 0),
(1203, 12, 'CHANCHAMAYO', 107, 0),
(1204, 12, 'JAUJA', 108, 0),
(1205, 12, 'JUNIN', 109, 0),
(1206, 12, 'SATIPO', 110, 0),
(1207, 12, 'TARMA', 111, 0),
(1208, 12, 'YAULI', 112, 0),
(1209, 12, 'CHUPACA', 113, 0),
(1301, 13, 'TRUJILLO', 114, 0),
(1302, 13, 'ASCOPE', 115, 0),
(1303, 13, 'BOLIVAR', 116, 0),
(1304, 13, 'CHEPEN', 117, 0),
(1305, 13, 'JULCAN', 118, 0),
(1306, 13, 'OTUZCO', 119, 0),
(1307, 13, 'PACASMAYO', 120, 0),
(1308, 13, 'PATAZ', 121, 0),
(1309, 13, 'SANCHEZ CARRION', 122, 0),
(1310, 13, 'SANTIAGO DE CHUCO', 123, 0),
(1311, 13, 'GRAN CHIMU', 124, 0),
(1312, 13, 'VIRU', 125, 0),
(1401, 14, 'CHICLAYO', 126, 0),
(1402, 14, 'FERREÂ¥AFE', 127, 0),
(1403, 14, 'LAMBAYEQUE', 128, 0),
(1501, 15, 'LIMA', 129, 1),
(1502, 15, 'BARRANCA', 130, 1),
(1503, 15, 'CAJATAMBO', 131, 1),
(1504, 15, 'CANTA', 132, 1),
(1505, 15, 'CAÑETE', 133, 1),
(1506, 15, 'HUARAL', 134, 1),
(1507, 15, 'HUAROCHIRI', 135, 1),
(1508, 15, 'HUAURA', 136, 1),
(1509, 15, 'OYON', 137, 1),
(1510, 15, 'YAUYOS', 138, 1),
(1601, 16, 'MAYNAS', 139, 0),
(1602, 16, 'ALTO AMAZONAS', 140, 0),
(1603, 16, 'LORETO', 141, 0),
(1604, 16, 'MARISCAL RAMON CASTILLA', 142, 0),
(1605, 16, 'UREQUENA', 143, 0),
(1606, 16, 'UCAYALI', 144, 0),
(1701, 17, 'TAMBOPATA', 145, 0),
(1702, 17, 'MANU', 146, 0),
(1703, 17, 'TAHUAMANU', 147, 0),
(1801, 18, 'MARISCAL NIETO', 148, 0),
(1802, 18, 'GENERAL SANCHEZ CERRO', 149, 0),
(1803, 18, 'ILO', 150, 0),
(1901, 19, 'PASCO', 151, 0),
(1902, 19, 'DANIEL CARRION', 152, 0),
(1903, 19, 'OXAPAMPA', 153, 0),
(2001, 20, 'PIURA', 154, 0),
(2002, 20, 'AYABACA', 155, 0),
(2003, 20, 'HUANCABAMBA', 156, 0),
(2004, 20, 'MORROPON', 157, 0),
(2005, 20, 'PAITA', 158, 0),
(2006, 20, 'SULLANA', 159, 0),
(2007, 20, 'TALARA', 160, 0),
(2008, 20, 'SECHURA', 161, 0),
(2101, 21, 'PUNO', 162, 0),
(2102, 21, 'AZANGARO', 163, 0),
(2103, 21, 'CARABAYA', 164, 0),
(2104, 21, 'CHUCUITO', 165, 0),
(2105, 21, 'EL COLLAO', 166, 0),
(2106, 21, 'HUANCANE', 167, 0),
(2107, 21, 'LAMPA', 168, 0),
(2108, 21, 'MELGAR', 169, 0),
(2109, 21, 'MOHO', 170, 0),
(2110, 21, 'SAN ANTONIO DE PUTINA', 171, 0),
(2111, 21, 'SAN ROMAN', 172, 0),
(2112, 21, 'SANDIA', 173, 0),
(2113, 21, 'YUNGUYO', 174, 0),
(2201, 22, 'MOYOBAMBA', 175, 0),
(2202, 22, 'BELLAVISTA', 176, 0),
(2203, 22, 'EL DORADO', 177, 0),
(2204, 22, 'HUALLAGA', 178, 0),
(2205, 22, 'LAMAS', 179, 0),
(2206, 22, 'MARISCAL CACERES', 180, 0),
(2207, 22, 'PICOTA', 181, 0),
(2208, 22, 'RIOJA', 182, 0),
(2209, 22, 'SAN MARTIN', 183, 0),
(2210, 22, 'TOCACHE', 184, 0),
(2301, 23, 'TACNA', 185, 0),
(2302, 23, 'CANDARAVE', 186, 0),
(2303, 23, 'JORGE BASADRE', 187, 0),
(2304, 23, 'TARATA', 188, 0),
(2401, 24, 'TUMBES', 189, 0),
(2402, 24, 'CONTRALMIRANTE VILLAR', 190, 0),
(2403, 24, 'ZARUMILLA', 191, 0),
(2501, 25, 'CORONEL PORTILLO', 192, 0),
(2503, 25, 'PADRE ABAD', 193, 0),
(2504, 25, 'PURUS', 194, 0);

-- --------------------------------------------------------

--
-- Estructura de tabla para la tabla `nred`
--

CREATE TABLE IF NOT EXISTS `nred` (
  `NRED_ID` int(2) unsigned zerofill NOT NULL,
  `NRED_NOMBRE` varchar(50) DEFAULT NULL,
  `NRED_ORDEN` int(11) DEFAULT NULL,
  `NRED_ESTADO` int(11) DEFAULT NULL
) ENGINE=MyISAM DEFAULT CHARSET=latin1;

--
-- Volcado de datos para la tabla `nred`
--

INSERT INTO `nred` (`NRED_ID`, `NRED_NOMBRE`, `NRED_ORDEN`, `NRED_ESTADO`) VALUES
(01, 'RED DE SALUD TUPAC AMARU', 1, 1),
(02, 'RED DE SALUD PUENTE PIEDRA', 2, 1),
(03, 'RED DE SALUD RIMAC', 3, 1);

--
-- Índices para tablas volcadas
--

--
-- Indices de la tabla `lanio`
--
ALTER TABLE `lanio`
  ADD PRIMARY KEY (`LANIO_ID`);

--
-- Indices de la tabla `lclasificador`
--
ALTER TABLE `lclasificador`
  ADD PRIMARY KEY (`LCLAS_ID`),
  ADD KEY `R_37` (`LCOMP_ID`),
  ADD KEY `R_41` (`LRECTIP_ID`);

--
-- Indices de la tabla `lcomponente`
--
ALTER TABLE `lcomponente`
  ADD PRIMARY KEY (`LCOMP_ID`);

--
-- Indices de la tabla `lmes`
--
ALTER TABLE `lmes`
  ADD PRIMARY KEY (`LMES_ID`);

--
-- Indices de la tabla `lrecaudacion`
--
ALTER TABLE `lrecaudacion`
  ADD PRIMARY KEY (`LRECAU_ID`),
  ADD KEY `R_31` (`NESTA_RENAES`),
  ADD KEY `R_32` (`LANIO_ID`),
  ADD KEY `R_33` (`LMES_ID`),
  ADD KEY `R_34` (`LCOMP_ID`);

--
-- Indices de la tabla `lrecaudacion_detalle`
--
ALTER TABLE `lrecaudacion_detalle`
  ADD KEY `R_39` (`LRECAU_ID`);

--
-- Indices de la tabla `lrecaudacion_tipo`
--
ALTER TABLE `lrecaudacion_tipo`
  ADD PRIMARY KEY (`LRECTIP_ID`);

--
-- Indices de la tabla `mauditor`
--
ALTER TABLE `mauditor`
  ADD PRIMARY KEY (`MAUD_ID`),
  ADD KEY `R_36` (`MUSU_ID`);

--
-- Indices de la tabla `mobjeto`
--
ALTER TABLE `mobjeto`
  ADD PRIMARY KEY (`MOBJ_ID`);

--
-- Indices de la tabla `mperfil`
--
ALTER TABLE `mperfil`
  ADD PRIMARY KEY (`MPERF_ID`);

--
-- Indices de la tabla `mpermiso`
--
ALTER TABLE `mpermiso`
  ADD PRIMARY KEY (`MPERM_ID`),
  ADD KEY `R_28` (`MPERF_ID`),
  ADD KEY `R_29` (`MOBJ_ID`);

--
-- Indices de la tabla `musuario`
--
ALTER TABLE `musuario`
  ADD PRIMARY KEY (`MUSU_ID`),
  ADD KEY `R_27` (`MPERF_ID`),
  ADD KEY `R_30` (`NESTA_RENAES`);

--
-- Indices de la tabla `ndepartamento`
--
ALTER TABLE `ndepartamento`
  ADD PRIMARY KEY (`NDEPA_ID`);

--
-- Indices de la tabla `ndistrito`
--
ALTER TABLE `ndistrito`
  ADD PRIMARY KEY (`NDIST_ID`),
  ADD KEY `R_22` (`NPROV_ID`);

--
-- Indices de la tabla `nestablecimiento`
--
ALTER TABLE `nestablecimiento`
  ADD PRIMARY KEY (`NESTA_RENAES`),
  ADD KEY `R_23` (`NDIST_ID`),
  ADD KEY `R_25` (`NMICRO_ID`),
  ADD KEY `R_26` (`NRED_ID`);

--
-- Indices de la tabla `nmicrored`
--
ALTER TABLE `nmicrored`
  ADD KEY `Índice 1` (`NRED_ID`);

--
-- Indices de la tabla `nprovincia`
--
ALTER TABLE `nprovincia`
  ADD PRIMARY KEY (`NPROV_ID`),
  ADD KEY `R_21` (`NDEPA_ID`);

--
-- Indices de la tabla `nred`
--
ALTER TABLE `nred`
  ADD PRIMARY KEY (`NRED_ID`);

--
-- AUTO_INCREMENT de las tablas volcadas
--

--
-- AUTO_INCREMENT de la tabla `lclasificador`
--
ALTER TABLE `lclasificador`
  MODIFY `LCLAS_ID` int(11) NOT NULL AUTO_INCREMENT,AUTO_INCREMENT=67;
--
-- AUTO_INCREMENT de la tabla `lcomponente`
--
ALTER TABLE `lcomponente`
  MODIFY `LCOMP_ID` int(2) unsigned zerofill NOT NULL AUTO_INCREMENT,AUTO_INCREMENT=2;
--
-- AUTO_INCREMENT de la tabla `lmes`
--
ALTER TABLE `lmes`
  MODIFY `LMES_ID` int(2) unsigned zerofill NOT NULL AUTO_INCREMENT,AUTO_INCREMENT=13;
--
-- AUTO_INCREMENT de la tabla `mperfil`
--
ALTER TABLE `mperfil`
  MODIFY `MPERF_ID` int(2) unsigned zerofill NOT NULL AUTO_INCREMENT,AUTO_INCREMENT=6;
--
-- AUTO_INCREMENT de la tabla `mpermiso`
--
ALTER TABLE `mpermiso`
  MODIFY `MPERM_ID` int(4) unsigned zerofill NOT NULL AUTO_INCREMENT,AUTO_INCREMENT=543;
--
-- AUTO_INCREMENT de la tabla `musuario`
--
ALTER TABLE `musuario`
  MODIFY `MUSU_ID` int(11) NOT NULL AUTO_INCREMENT,AUTO_INCREMENT=103;
/*!40101 SET CHARACTER_SET_CLIENT=@OLD_CHARACTER_SET_CLIENT */;
/*!40101 SET CHARACTER_SET_RESULTS=@OLD_CHARACTER_SET_RESULTS */;
/*!40101 SET COLLATION_CONNECTION=@OLD_COLLATION_CONNECTION */;
